,access_pt_id,site_id,has_agi,has_sac,has_sssi,is_protected,designation_count,snap_distance_m,easting,northing,geometry
0,ap_0042036,14,True,False,False,False,1,0.0,446458.85890000034,191462.44859999977,POINT (446458.85890000034 191462.44859999977)
1,ap_0042037,15,True,False,False,False,1,0.14572000037878752,446614.57859999966,191314.36610000022,POINT (446614.57859999966 191314.36610000022)
2,ap_0042038,15,True,False,False,False,1,0.23024543671534842,446793.84360000025,191083.80269999988,POINT (446793.84360000025 191083.80269999988)
3,ap_0042673,13,True,False,False,False,1,0.0,461049.4249,189454.28529999964,POINT (461049.4249 189454.28529999964)
4,ap_0042674,13,True,False,False,False,1,0.033982185603796844,461148.32749999966,189434.31389999948,POINT (461148.32749999966 189434.31389999948)
5,ap_0042675,13,True,False,False,False,1,0.06029435650907894,461455.0920000002,189422.1194000002,POINT (461455.0920000002 189422.1194000002)
6,ap_0042676,13,True,False,False,False,1,0.0,461454.8849999998,189422.08060000092,POINT (461454.8849999998 189422.08060000092)
7,ap_0042678,13,True,False,False,False,1,0.3567999992519617,461695.25100000016,189293.35679999925,POINT (461695.25100000016 189293.35679999925)
8,ap_0042679,13,True,False,False,False,1,0.17395234276523105,461737.4848999996,189280.95460000075,POINT (461737.4848999996 189280.95460000075)
9,ap_0042680,13,True,False,False,False,1,0.1973714126109508,461738.7745000003,189280.33689999953,POINT (461738.7745000003 189280.33689999953)
10,ap_0042681,13,True,False,False,False,1,0.0,461899.8130999999,189226.45629999973,POINT (461899.8130999999 189226.45629999973)
11,ap_0042682,13,True,False,False,False,1,0.0,461902.97670000046,189258.5440999996,POINT (461902.97670000046 189258.5440999996)
12,ap_0042686,19,True,False,False,False,1,0.24390233785921644,458369.0580000002,190481.13560000062,POINT (458369.0580000002 190481.13560000062)
13,ap_0042687,3,True,False,False,False,1,0.0,458374.8234000001,186899.31090000086,POINT (458374.8234000001 186899.31090000086)
14,ap_0042688,3,True,False,False,False,1,0.4090993298833835,458282.7209000001,186998.46759999916,POINT (458282.7209000001 186998.46759999916)
15,ap_0042689,11,True,False,False,False,1,0.0,455914.0937999999,188546.99349999987,POINT (455914.0937999999 188546.99349999987)
16,ap_0042690,11,True,False,False,False,1,0.01863041077145596,455934.11149999965,188477.69380000047,POINT (455934.11149999965 188477.69380000047)
17,ap_0042691,19,True,False,False,False,1,0.043080198825877235,458610.58719999995,190748.7394999992,POINT (458610.58719999995 190748.7394999992)
18,ap_0042692,19,True,False,False,False,1,0.04438108178885553,458587.33719999995,190670.8872999996,POINT (458587.33719999995 190670.8872999996)
19,ap_0042693,12,True,False,False,False,1,0.32396285766176264,459400.47470000014,189368.95820000023,POINT (459400.47470000014 189368.95820000023)
20,ap_0042694,12,True,False,False,False,1,0.5319909278558258,459264.5323999999,189694.6612999998,POINT (459264.5323999999 189694.6612999998)
21,ap_0042695,12,True,False,False,False,1,0.0,459377.7193999998,189610.3975000009,POINT (459377.7193999998 189610.3975000009)
22,ap_0042704,2,True,False,False,False,1,0.0,455684.02469999995,186052.05540000089,POINT (455684.02469999995 186052.05540000089)
23,ap_0042748,12,True,False,False,False,1,0.2931999992579222,460391.19600000046,189148.70680000074,POINT (460391.19600000046 189148.70680000074)
24,ap_0042749,12,True,False,False,False,1,0.04548186338740949,460610.55979999993,189119.42950000055,POINT (460610.55979999993 189119.42950000055)
25,ap_0042750,12,True,False,False,False,1,0.16132095336619115,460510.09470000025,189465.1305999998,POINT (460510.09470000025 189465.1305999998)
26,ap_0042751,12,True,False,False,False,1,0.0,460397.1085000001,189386.64949999936,POINT (460397.1085000001 189386.64949999936)
27,ap_0042752,1,True,False,False,False,1,0.13892466356559796,454405.8635,185949.42400000058,POINT (454405.8635 185949.42400000058)
28,ap_0042753,1,True,False,False,False,1,0.0,454504.92289999966,186210.85500000045,POINT (454504.92289999966 186210.85500000045)
29,ap_0042790,9,True,False,False,False,1,0.0,452520.01350000035,188185.57990000024,POINT (452520.01350000035 188185.57990000024)
30,ap_0042791,1,True,False,False,False,1,0.22232161763704178,453126.42260000017,185927.49980000034,POINT (453126.42260000017 185927.49980000034)
31,ap_0042792,1,True,False,False,False,1,0.4065818887352408,453095.0120000001,185906.49880000018,POINT (453095.0120000001 185906.49880000018)
32,ap_0042793,1,True,False,False,False,1,0.4340883085198486,453094.5865000002,185906.13209999911,POINT (453094.5865000002 185906.13209999911)
33,ap_0042804,8,True,False,False,False,1,0.281857780153627,449426.1584000001,189085.23330000043,POINT (449426.1584000001 189085.23330000043)
34,ap_0042805,8,True,False,False,False,1,0.0,449403.73330000043,189036.9475999996,POINT (449403.73330000043 189036.9475999996)
35,ap_0042933,17,True,False,False,False,1,0.0,451603.56039999984,189731.45470000058,POINT (451603.56039999984 189731.45470000058)
36,ap_0042934,9,True,False,False,False,1,0.2824856476004834,451300.6096999999,189359.6640000008,POINT (451300.6096999999 189359.6640000008)
37,ap_0042935,1,True,False,False,False,1,0.0,453110.33939999994,185697.90369999968,POINT (453110.33939999994 185697.90369999968)
38,ap_0042936,1,True,False,False,False,1,0.0,453110.1292000003,185696.0438000001,POINT (453110.1292000003 185696.0438000001)
39,ap_0045449,48,True,False,False,False,1,0.0,448186.9463999998,194176.09589999914,POINT (448186.9463999998 194176.09589999914)
40,ap_0045450,48,True,False,False,False,1,0.41282709922862365,448073.1933000004,194164.47880000062,POINT (448073.1933000004 194164.47880000062)
41,ap_0045560,530,True,True,True,True,3,0.3987375142050684,449102.0049999999,209626.5689000003,POINT (449102.0049999999 209626.5689000003)
42,ap_0045561,368,True,False,False,False,1,0.0,449866.7917999998,207344.45849999972,POINT (449866.7917999998 207344.45849999972)
43,ap_0045562,338,True,True,True,True,3,0.0,450223.68759999983,207833.43420000002,POINT (450223.68759999983 207833.43420000002)
44,ap_0045565,592,True,False,False,False,1,0.03920714568072796,449393.8337000003,209977.85909999907,POINT (449393.8337000003 209977.85909999907)
45,ap_0045566,592,True,False,False,False,1,0.03993525425906745,449394.32660000026,209977.51710000075,POINT (449394.32660000026 209977.51710000075)
46,ap_0045567,592,True,False,False,False,1,0.045021296096612984,449397.6741000004,209975.19459999911,POINT (449397.6741000004 209975.19459999911)
47,ap_0045568,592,True,False,False,False,1,0.0476053627708357,449399.3811999997,209974.01019999944,POINT (449399.3811999997 209974.01019999944)
48,ap_0045569,386,True,False,False,False,1,0.0,449856.0800000001,207292.08000000007,POINT (449856.0800000001 207292.08000000007)
49,ap_0045570,386,True,False,False,False,1,0.17529177028591147,450081.6015999997,206991.3537000008,POINT (450081.6015999997 206991.3537000008)
50,ap_0045571,591,True,False,False,False,1,0.0,449571.02329999954,209673.8557999991,POINT (449571.02329999954 209673.8557999991)
51,ap_0045572,591,True,False,False,False,1,0.0,449537.8650000002,209601.2773000002,POINT (449537.8650000002 209601.2773000002)
52,ap_0045574,907,True,False,False,False,1,0.3091291230555363,457716.9840000002,223627.8264000006,POINT (457716.9840000002 223627.8264000006)
53,ap_0045575,907,True,False,False,False,1,0.07523071241048308,457721.8886000002,223625.09940000065,POINT (457721.8886000002 223625.09940000065)
54,ap_0045576,907,True,False,False,False,1,0.0,457995.76109999977,223480.68799999915,POINT (457995.76109999977 223480.68799999915)
55,ap_0045577,907,True,False,False,False,1,0.0,458002.76960000023,223476.03639999963,POINT (458002.76960000023 223476.03639999963)
56,ap_0045578,907,True,False,False,False,1,0.0,457713.9665999999,223612.88269999996,POINT (457713.9665999999 223612.88269999996)
57,ap_0045579,907,True,False,False,False,1,0.1372945738318151,457680.89919999987,223768.60309999995,POINT (457680.89919999987 223768.60309999995)
58,ap_0045580,695,True,False,True,True,2,0.37477436888818383,461962.8173000002,211544.48010000028,POINT (461962.8173000002 211544.48010000028)
59,ap_0045581,695,True,False,True,True,2,0.0,461029.8350999998,210989.1043999996,POINT (461029.8350999998 210989.1043999996)
60,ap_0045582,695,True,False,True,True,2,0.0,462550.4956,211449.86539999954,POINT (462550.4956 211449.86539999954)
61,ap_0045583,696,True,False,False,False,1,0.09186416636009877,462326.8174999999,210755.25699999928,POINT (462326.8174999999 210755.25699999928)
62,ap_0045584,695,True,False,True,True,2,0.0,461198.77979999967,210605.77859999985,POINT (461198.77979999967 210605.77859999985)
63,ap_0045585,695,True,False,True,True,2,0.0,461200.7692,210605.3688999992,POINT (461200.7692 210605.3688999992)
64,ap_0045586,695,True,False,True,True,2,0.0,461239.9900000002,210598.4210000001,POINT (461239.9900000002 210598.4210000001)
65,ap_0045587,695,True,False,True,True,2,0.0,461480.5685999999,210507.5987999998,POINT (461480.5685999999 210507.5987999998)
66,ap_0045829,716,True,False,False,False,1,0.5540465473349221,441595.16700000037,212864.69319999963,POINT (441595.16700000037 212864.69319999963)
67,ap_0045830,716,True,False,False,False,1,0.0,441673.3738000002,212747.06020000018,POINT (441673.3738000002 212747.06020000018)
68,ap_0045831,711,True,False,False,False,1,0.024299999698996544,440234.0242999997,214100.35160000063,POINT (440234.0242999997 214100.35160000063)
69,ap_0045832,710,True,False,False,False,1,0.17035189708535303,437835.5510999998,213185.1146000009,POINT (437835.5510999998 213185.1146000009)
70,ap_0045833,710,True,False,False,False,1,0.0,437829.3638000004,213186.32120000012,POINT (437829.3638000004 213186.32120000012)
71,ap_0045834,710,True,False,False,False,1,0.18054012919105802,437874.7273000004,213249.94910000078,POINT (437874.7273000004 213249.94910000078)
72,ap_0045835,711,True,False,False,False,1,0.0,438680.1087999996,213635.51319999993,POINT (438680.1087999996 213635.51319999993)
73,ap_0045837,647,True,False,False,False,1,0.15361786982765951,432427.6283,211359.39990000054,POINT (432427.6283 211359.39990000054)
74,ap_0045838,647,True,False,False,False,1,0.0,432425.1660000002,211359.19270000048,POINT (432425.1660000002 211359.19270000048)
75,ap_0045839,647,True,False,False,False,1,0.11681404003812239,432467.0497000003,211357.11549999937,POINT (432467.0497000003 211357.11549999937)
76,ap_0045840,647,True,False,False,False,1,0.08716066729862108,432369.23259999976,211337.30409999937,POINT (432369.23259999976 211337.30409999937)
77,ap_0045841,709,True,False,False,False,1,0.08471139270541077,435239.8819000004,213194.76209999993,POINT (435239.8819000004 213194.76209999993)
78,ap_0045861,713,True,False,False,False,1,0.44850045689062545,442096.5976,214028.19820000045,POINT (442096.5976 214028.19820000045)
79,ap_0045862,713,True,False,False,False,1,0.2429384736230323,442041.9053999996,213929.61900000088,POINT (442041.9053999996 213929.61900000088)
80,ap_0045863,766,True,False,False,False,1,0.0,441505.55150000006,215851.9087000005,POINT (441505.55150000006 215851.9087000005)
81,ap_0045864,816,True,False,False,False,1,0.18568589090130305,444160.3739,217507.27390000038,POINT (444160.3739 217507.27390000038)
82,ap_0045865,816,True,False,False,False,1,0.0,444157.0388000002,217484.85239999928,POINT (444157.0388000002 217484.85239999928)
83,ap_0045866,816,True,False,False,False,1,0.0,444179.9299999997,217476.15340000018,POINT (444179.9299999997 217476.15340000018)
84,ap_0045867,766,True,False,False,False,1,0.0,441273.5532999998,215917.47499999963,POINT (441273.5532999998 215917.47499999963)
85,ap_0045868,913,True,False,False,False,1,0.370477289925853,444856.1610000003,224906.09180000052,POINT (444856.1610000003 224906.09180000052)
86,ap_0045869,913,True,False,False,False,1,0.0,444896.63320000004,224837.54340000078,POINT (444896.63320000004 224837.54340000078)
87,ap_0045872,896,True,False,False,False,1,0.0,447919.9171000002,220708.41029999964,POINT (447919.9171000002 220708.41029999964)
88,ap_0045873,896,True,False,False,False,1,0.0,448025.1468000002,220611.06519999914,POINT (448025.1468000002 220611.06519999914)
89,ap_0045874,896,True,False,False,False,1,0.10190000012516975,446993.95610000007,220865.89809999987,POINT (446993.95610000007 220865.89809999987)
90,ap_0045875,819,True,False,False,False,1,0.05217758140455867,445138.2570000002,216794.3939999994,POINT (445138.2570000002 216794.3939999994)
91,ap_0045876,819,True,False,False,False,1,0.0,445159.62490000017,216640.81120000035,POINT (445159.62490000017 216640.81120000035)
92,ap_0045877,822,True,False,False,False,1,0.0,448016.70830000006,216506.58180000074,POINT (448016.70830000006 216506.58180000074)
93,ap_0045919,847,True,False,False,False,1,0.0,435753.2709999997,219701.0742000006,POINT (435753.2709999997 219701.0742000006)
94,ap_0045920,847,True,False,False,False,1,0.0,435831.9201999996,219651.05870000087,POINT (435831.9201999996 219651.05870000087)
95,ap_0045921,850,True,False,False,False,1,0.0,436523.1687000003,219662.11360000074,POINT (436523.1687000003 219662.11360000074)
96,ap_0045922,847,True,False,False,False,1,0.3157327976965941,436362.46630000044,219623.36140000075,POINT (436362.46630000044 219623.36140000075)
97,ap_0045925,808,True,False,False,False,1,0.0,439364.87069999985,217107.97719999962,POINT (439364.87069999985 217107.97719999962)
98,ap_0045926,808,True,False,False,False,1,0.0,439304.9659000002,217077.37680000067,POINT (439304.9659000002 217077.37680000067)
99,ap_0045927,808,True,False,False,False,1,0.0,439296.0900999997,217067.80230000056,POINT (439296.0900999997 217067.80230000056)
100,ap_0045928,805,True,False,True,True,2,0.15429425656713028,439255.22670000046,216489.6754999999,POINT (439255.22670000046 216489.6754999999)
101,ap_0045929,805,True,False,True,True,2,0.07102475546092216,439275.59279999975,216484.6057999991,POINT (439275.59279999975 216484.6057999991)
102,ap_0045930,759,True,False,False,False,1,0.0,438855.4243000001,216270.9447000008,POINT (438855.4243000001 216270.9447000008)
103,ap_0045931,810,True,False,False,False,1,0.0,439321.62129999977,216493.2871000003,POINT (439321.62129999977 216493.2871000003)
104,ap_0045932,810,True,False,False,False,1,0.0,439280.6763000004,216485.4606999997,POINT (439280.6763000004 216485.4606999997)
105,ap_0045933,810,True,False,False,False,1,0.0,439279.4752000002,216485.25870000012,POINT (439279.4752000002 216485.25870000012)
106,ap_0045934,848,True,False,True,True,2,0.3234576734908394,438140.4018000001,219960.61590000056,POINT (438140.4018000001 219960.61590000056)
107,ap_0045935,853,True,False,True,True,2,0.0,438790.0784999998,219179.82870000042,POINT (438790.0784999998 219179.82870000042)
108,ap_0045962,144,True,False,False,False,1,0.0,451936.4096999997,201406.77150000073,POINT (451936.4096999997 201406.77150000073)
109,ap_0045963,144,True,False,False,False,1,0.0,451904.1638000002,201218.49980000034,POINT (451904.1638000002 201218.49980000034)
110,ap_0045964,258,True,False,False,False,1,0.30545511523862534,454683.7951999996,205657.86050000042,POINT (454683.7951999996 205657.86050000042)
111,ap_0045965,294,True,False,False,False,1,0.09628508723309218,454827.1860999996,206037.79930000007,POINT (454827.1860999996 206037.79930000007)
112,ap_0045966,294,True,False,False,False,1,0.14330000057816505,454745.0175000001,205899.14330000058,POINT (454745.0175000001 205899.14330000058)
113,ap_0045967,258,True,False,False,False,1,0.15565479102567917,454599.7709999997,205660.6919999998,POINT (454599.7709999997 205660.6919999998)
114,ap_0045968,284,True,False,False,False,1,0.0,455564.6336000003,205411.36989999935,POINT (455564.6336000003 205411.36989999935)
115,ap_0045969,416,True,False,False,False,1,0.08166929163217676,455302.5957000004,208162.42009999976,POINT (455302.5957000004 208162.42009999976)
116,ap_0045970,416,True,False,False,False,1,0.48776225740222373,455856.42729999963,208008.45790000074,POINT (455856.42729999963 208008.45790000074)
117,ap_0045971,303,True,False,False,False,1,0.1903691148334899,457123.95579999965,205867.26539999992,POINT (457123.95579999965 205867.26539999992)
118,ap_0045972,303,True,False,False,False,1,0.20448282470130139,457128.55009999964,205826.00129999965,POINT (457128.55009999964 205826.00129999965)
119,ap_0045973,303,True,False,False,False,1,0.20508264687828667,457128.9494000003,205823.67559999973,POINT (457128.9494000003 205823.67559999973)
120,ap_0045974,405,True,False,True,True,2,0.0,456511.59279999975,206236.8934000004,POINT (456511.59279999975 206236.8934000004)
121,ap_0045975,280,True,False,False,False,1,0.0,455641.24010000005,204932.6662000008,POINT (455641.24010000005 204932.6662000008)
122,ap_0045976,280,True,False,False,False,1,0.3479999992996454,455640.2133999998,204932.3479999993,POINT (455640.2133999998 204932.3479999993)
123,ap_0045977,303,True,False,False,False,1,0.0,457113.76049999986,205701.1986999996,POINT (457113.76049999986 205701.1986999996)
124,ap_0045978,303,True,False,False,False,1,0.000194028622184377,456961.0228000004,205328.00549999997,POINT (456961.0228000004 205328.00549999997)
125,ap_0045979,280,True,False,False,False,1,0.04198291675378268,456692.70380000025,205241.35789999925,POINT (456692.70380000025 205241.35789999925)
126,ap_0045980,277,True,False,True,True,2,0.05340000055730343,456075.03160000034,205686.05340000056,POINT (456075.03160000034 205686.05340000056)
127,ap_0045981,280,True,False,False,False,1,0.0,456077.3167000003,205685.9263000004,POINT (456077.3167000003 205685.9263000004)
128,ap_0045982,280,True,False,False,False,1,0.0,456116.9824000001,205647.55010000058,POINT (456116.9824000001 205647.55010000058)
129,ap_0045983,280,True,False,False,False,1,0.0,456118.7132000001,205646.64540000074,POINT (456118.7132000001 205646.64540000074)
130,ap_0045984,281,True,False,False,False,1,0.00026832770148224654,456127.15050000045,205656.6984000001,POINT (456127.15050000045 205656.6984000001)
131,ap_0045985,280,True,False,False,False,1,0.0,456119.1497999998,205646.69549999945,POINT (456119.1497999998 205646.69549999945)
132,ap_0045986,280,True,False,False,False,1,0.0,455603.70799999963,204980.9364,POINT (455603.70799999963 204980.9364)
133,ap_0045987,280,True,False,False,False,1,0.0,456387.4556,205337.1537999995,POINT (456387.4556 205337.1537999995)
134,ap_0045988,280,True,False,False,False,1,0.1694999998435378,455855.16949999984,204920.66479999945,POINT (455855.16949999984 204920.66479999945)
135,ap_0045989,280,True,False,False,False,1,0.0,455812.64859999996,204900.12509999983,POINT (455812.64859999996 204900.12509999983)
136,ap_0045990,280,True,False,False,False,1,0.20590446787571612,455798.07770000026,204890.4751999993,POINT (455798.07770000026 204890.4751999993)
137,ap_0045991,280,True,False,False,False,1,0.0,455796.82689999975,204887.00039999932,POINT (455796.82689999975 204887.00039999932)
138,ap_0045992,280,True,False,False,False,1,0.0,455796.7028000001,204886.65589999966,POINT (455796.7028000001 204886.65589999966)
139,ap_0045993,280,True,False,False,False,1,0.0,455796.35639999993,204880.7971999999,POINT (455796.35639999993 204880.7971999999)
140,ap_0045994,280,True,False,False,False,1,0.0,455793.5502000004,204828.60700000077,POINT (455793.5502000004 204828.60700000077)
141,ap_0045995,303,True,False,False,False,1,0.3176815107260353,457169.01549999975,205892.9877000004,POINT (457169.01549999975 205892.9877000004)
142,ap_0045996,280,True,False,False,False,1,0.0,455795.8995000003,204790.00789999962,POINT (455795.8995000003 204790.00789999962)
143,ap_0045997,280,True,False,False,False,1,0.0,455796.68709999975,204759.7184999995,POINT (455796.68709999975 204759.7184999995)
144,ap_0045998,280,True,False,False,False,1,0.008279739409437758,455797.3706,204697.8900000006,POINT (455797.3706 204697.8900000006)
145,ap_0045999,280,True,False,False,False,1,0.0,455792.6205000002,204632.09449999966,POINT (455792.6205000002 204632.09449999966)
146,ap_0046000,280,True,False,False,False,1,0.0,455792.5795,204631.52690000087,POINT (455792.5795 204631.52690000087)
147,ap_0046001,280,True,False,False,False,1,0.0,455792.12430000026,204625.22179999948,POINT (455792.12430000026 204625.22179999948)
148,ap_0046002,280,True,False,False,False,1,0.055820018259223066,455789.7078,204606.42300000042,POINT (455789.7078 204606.42300000042)
149,ap_0046003,49,True,False,False,False,1,0.1518110435287158,450499.7218000004,194156.37140000053,POINT (450499.7218000004 194156.37140000053)
150,ap_0046004,49,True,False,False,False,1,0.0,450224.86950000003,195052.9615000002,POINT (450224.86950000003 195052.9615000002)
151,ap_0046005,49,True,False,False,False,1,0.4376283863010498,450118.47809999995,194968.90300000086,POINT (450118.47809999995 194968.90300000086)
152,ap_0046006,49,True,False,False,False,1,0.0,450277.4195999997,195069.02569999918,POINT (450277.4195999997 195069.02569999918)
153,ap_0046007,49,True,False,False,False,1,0.0,450324.9715,195062.9798000008,POINT (450324.9715 195062.9798000008)
154,ap_0046008,52,True,False,False,False,1,0.09079250991304563,454737.73610000033,193967.1355000008,POINT (454737.73610000033 193967.1355000008)
155,ap_0046009,90,True,False,False,False,1,0.0,457027.9682,196357.66569999978,POINT (457027.9682 196357.66569999978)
156,ap_0046010,90,True,False,False,False,1,0.0,457006.8130000001,196342.7229999993,POINT (457006.8130000001 196342.7229999993)
157,ap_0046011,90,True,False,False,False,1,0.0,457006.1300999997,196342.36180000007,POINT (457006.1300999997 196342.36180000007)
158,ap_0046012,90,True,False,False,False,1,0.3531006081900412,457333.94020000007,196227.3479999993,POINT (457333.94020000007 196227.3479999993)
159,ap_0046013,90,True,False,False,False,1,0.14918592586116466,457333.95610000007,196225.9397,POINT (457333.95610000007 196225.9397)
160,ap_0046014,90,True,False,False,False,1,0.0,457334.6336000003,196220.8794999998,POINT (457334.6336000003 196220.8794999998)
161,ap_0046015,90,True,False,False,False,1,0.0,457335.93120000046,196212.21470000036,POINT (457335.93120000046 196212.21470000036)
162,ap_0046016,89,True,False,False,False,1,0.0,455107.10809999984,197038.98169999942,POINT (455107.10809999984 197038.98169999942)
163,ap_0046017,89,True,False,False,False,1,0.0,455057.39919999987,197088.10899999924,POINT (455057.39919999987 197088.10899999924)
164,ap_0046018,89,True,False,False,False,1,0.0,455431.13489999995,197206.1950000003,POINT (455431.13489999995 197206.1950000003)
165,ap_0046019,224,True,False,False,False,1,0.0,448600.7485999996,205094.79389999993,POINT (448600.7485999996 205094.79389999993)
166,ap_0046020,224,True,False,False,False,1,0.0,448578.8387000002,205076.7971999999,POINT (448578.8387000002 205076.7971999999)
167,ap_0046021,224,True,False,False,False,1,0.0,448538.27440000046,205044.0388999991,POINT (448538.27440000046 205044.0388999991)
168,ap_0046022,232,True,False,False,False,1,0.0,449492.1347000003,205491.6721999999,POINT (449492.1347000003 205491.6721999999)
169,ap_0046023,232,True,False,False,False,1,0.3781992613102185,449504.7073999997,205462.63680000044,POINT (449504.7073999997 205462.63680000044)
170,ap_0046024,117,True,False,False,False,1,0.0,449947.1387,199432.90069999918,POINT (449947.1387 199432.90069999918)
171,ap_0046025,117,True,False,False,False,1,0.5092155443354303,449980.5990000004,199088.60050000064,POINT (449980.5990000004 199088.60050000064)
172,ap_0046026,117,True,False,False,False,1,0.0,449981.5258999998,199079.1152999997,POINT (449981.5258999998 199079.1152999997)
173,ap_0046027,117,True,False,False,False,1,0.02754086445245736,450044.81900000013,198982.51290000044,POINT (450044.81900000013 198982.51290000044)
174,ap_0046028,117,True,False,False,False,1,0.26149999909102917,450297.75270000007,198933.2614999991,POINT (450297.75270000007 198933.2614999991)
175,ap_0046031,239,True,False,False,False,1,0.0,452150.64460000023,204712.1604999993,POINT (452150.64460000023 204712.1604999993)
176,ap_0046032,147,True,False,False,False,1,0.0,453387.9128999999,201764.3808999993,POINT (453387.9128999999 201764.3808999993)
177,ap_0046033,147,True,False,False,False,1,0.0,453395.26999999955,201722.0722000003,POINT (453395.26999999955 201722.0722000003)
178,ap_0046034,147,True,False,False,False,1,0.0,453476.62239999976,201780.58660000004,POINT (453476.62239999976 201780.58660000004)
179,ap_0046035,147,True,False,False,False,1,0.0,453395.8415999999,201722.0870999992,POINT (453395.8415999999 201722.0870999992)
180,ap_0046036,197,True,False,False,False,1,0.0,453688.5842000004,202909.37170000002,POINT (453688.5842000004 202909.37170000002)
181,ap_0046037,197,True,False,False,False,1,0.0,453540.2731999997,202853.48740000091,POINT (453540.2731999997 202853.48740000091)
182,ap_0046038,197,True,False,False,False,1,0.0,453539.85500000045,202853.14970000088,POINT (453539.85500000045 202853.14970000088)
183,ap_0046039,197,True,False,False,False,1,0.06985173471558692,453536.32919999957,202851.20900000073,POINT (453536.32919999957 202851.20900000073)
184,ap_0046040,197,True,False,False,False,1,0.07156738993635735,453535.4444000004,202850.42129999958,POINT (453535.4444000004 202850.42129999958)
185,ap_0046041,197,True,False,False,False,1,0.0,453530.18659999967,202845.34300000034,POINT (453530.18659999967 202845.34300000034)
186,ap_0046042,197,True,False,False,False,1,0.0012121488740177452,453526.7969000004,202842.6060000006,POINT (453526.7969000004 202842.6060000006)
187,ap_0046043,197,True,False,False,False,1,0.08883051989377376,453526.4539999999,202842.4173000008,POINT (453526.4539999999 202842.4173000008)
188,ap_0046044,262,True,False,False,False,1,0.0,454118.61950000003,204989.78299999982,POINT (454118.61950000003 204989.78299999982)
189,ap_0046045,262,True,False,False,False,1,0.0,454145.65610000025,204978.6860000007,POINT (454145.65610000025 204978.6860000007)
190,ap_0046046,262,True,False,False,False,1,0.0,454147.0340999998,204978.12040000036,POINT (454147.0340999998 204978.12040000036)
191,ap_0046047,262,True,False,False,False,1,0.0,454150.9380999999,204976.51799999923,POINT (454150.9380999999 204976.51799999923)
192,ap_0046048,193,True,False,False,False,1,0.0,454000.3141000001,203838.29629999958,POINT (454000.3141000001 203838.29629999958)
193,ap_0046049,193,True,False,False,False,1,0.0,453999.6062000003,203838.1286999993,POINT (453999.6062000003 203838.1286999993)
194,ap_0046050,193,True,False,False,False,1,0.0,453990.60670000035,203835.9978,POINT (453990.60670000035 203835.9978)
195,ap_0046051,193,True,False,False,False,1,0.0,453989.7673000004,203835.79900000058,POINT (453989.7673000004 203835.79900000058)
196,ap_0046052,193,True,False,False,False,1,0.0,453989.62119999994,203835.76439999975,POINT (453989.62119999994 203835.76439999975)
197,ap_0046053,193,True,False,False,False,1,0.0,453910.06850000005,203810.47690000013,POINT (453910.06850000005 203810.47690000013)
198,ap_0046054,207,True,False,False,False,1,0.0,454850.69319999963,202464.87490000017,POINT (454850.69319999963 202464.87490000017)
199,ap_0046055,207,True,False,False,False,1,0.29444974706999816,454889.65050000045,202356.09100000001,POINT (454889.65050000045 202356.09100000001)
200,ap_0046056,207,True,False,False,False,1,0.0,454987.97640000004,202359.9768000003,POINT (454987.97640000004 202359.9768000003)
201,ap_0046057,207,True,False,False,False,1,0.056608117165092314,454902.4182000002,202355.14210000075,POINT (454902.4182000002 202355.14210000075)
202,ap_0046058,365,True,False,False,False,1,0.0,450477.2730999999,207900.20099999942,POINT (450477.2730999999 207900.20099999942)
203,ap_0046059,365,True,False,False,False,1,0.2389777226362152,450476.45749999955,207889.73330000043,POINT (450476.45749999955 207889.73330000043)
204,ap_0046060,365,True,False,False,False,1,0.0,450475.98790000007,207888.03079999983,POINT (450475.98790000007 207888.03079999983)
205,ap_0046061,404,True,False,False,False,1,0.4469913611536753,452701.45519999973,207639.92159999907,POINT (452701.45519999973 207639.92159999907)
206,ap_0046062,389,True,False,False,False,1,0.0,452609.1755999997,207584.99950000085,POINT (452609.1755999997 207584.99950000085)
207,ap_0046063,404,True,False,False,False,1,0.07761625123992627,453036.7758999998,206638.72670000046,POINT (453036.7758999998 206638.72670000046)
208,ap_0046064,404,True,False,False,False,1,0.07532671376920531,453036.7001,206638.6922999993,POINT (453036.7001 206638.6922999993)
209,ap_0046065,404,True,False,False,False,1,0.0,453033.01939999964,206637.0208999999,POINT (453033.01939999964 206637.0208999999)
210,ap_0046066,404,True,False,False,False,1,0.0,453031.68510000035,206636.4149999991,POINT (453031.68510000035 206636.4149999991)
211,ap_0046067,404,True,False,False,False,1,0.0,453031.12679999974,206636.16149999946,POINT (453031.12679999974 206636.16149999946)
212,ap_0046068,404,True,False,False,False,1,0.0,453029.1777999997,206635.27639999986,POINT (453029.1777999997 206635.27639999986)
213,ap_0046069,404,True,False,False,False,1,0.0,453027.3415000001,206634.44250000082,POINT (453027.3415000001 206634.44250000082)
214,ap_0046070,404,True,False,False,False,1,0.0,453026.67030000035,206634.13770000078,POINT (453026.67030000035 206634.13770000078)
215,ap_0046071,404,True,False,False,False,1,0.0,453008.77890000027,206630.97369999997,POINT (453008.77890000027 206630.97369999997)
216,ap_0046072,404,True,False,False,False,1,0.0,453000.4400000004,206630.52529999986,POINT (453000.4400000004 206630.52529999986)
217,ap_0046073,404,True,False,False,False,1,0.0,452999.4539000001,206630.4723000005,POINT (452999.4539000001 206630.4723000005)
218,ap_0046074,404,True,False,False,False,1,0.0,452974.1788999997,206629.1132999994,POINT (452974.1788999997 206629.1132999994)
219,ap_0046075,610,True,False,False,False,1,0.0,454088.13019999955,209984.92870000005,POINT (454088.13019999955 209984.92870000005)
220,ap_0046076,610,True,False,False,False,1,0.1429504976074759,454103.8446000004,209981.7890000008,POINT (454103.8446000004 209981.7890000008)
221,ap_0046077,610,True,False,False,False,1,0.144721007824923,454104.02610000037,209982.50769999996,POINT (454104.02610000037 209982.50769999996)
222,ap_0046078,605,True,False,False,False,1,0.0,451215.40479999967,210141.26810000092,POINT (451215.40479999967 210141.26810000092)
223,ap_0046080,613,True,False,False,False,1,0.0,452931.2078,208417.21800000034,POINT (452931.2078 208417.21800000034)
224,ap_0046081,613,True,False,False,False,1,0.04173400131762532,452942.44290000014,208412.83620000072,POINT (452942.44290000014 208412.83620000072)
225,ap_0046082,613,True,False,False,False,1,0.037729584845799635,452961.8650000002,208405.8485000003,POINT (452961.8650000002 208405.8485000003)
226,ap_0046083,613,True,False,False,False,1,0.0,453086.4330000002,208367.93070000038,POINT (453086.4330000002 208367.93070000038)
227,ap_0046084,614,True,False,False,False,1,0.15208714734175494,453022.8542999998,208753.98440000042,POINT (453022.8542999998 208753.98440000042)
228,ap_0046085,614,True,False,False,False,1,0.0,453015.27080000006,208747.4377999995,POINT (453015.27080000006 208747.4377999995)
229,ap_0046086,82,True,False,False,False,1,0.02568261936874083,450560.1830000002,197183.22819999978,POINT (450560.1830000002 197183.22819999978)
230,ap_0046087,82,True,False,False,False,1,0.0,450507.05869999994,197217.8724000007,POINT (450507.05869999994 197217.8724000007)
231,ap_0046088,118,True,False,False,False,1,0.20168088160454664,451680.3229,198514.1434000004,POINT (451680.3229 198514.1434000004)
232,ap_0046089,118,True,False,False,False,1,0.3927019275963781,451616.53249999974,198301.45179999992,POINT (451616.53249999974 198301.45179999992)
233,ap_0046090,118,True,False,False,False,1,0.0819536756750494,451186.0433,197958.84080000035,POINT (451186.0433 197958.84080000035)
234,ap_0046091,118,True,False,False,False,1,0.0841208776907246,451293.9896,197996.2089000009,POINT (451293.9896 197996.2089000009)
235,ap_0046092,306,True,False,False,False,1,0.0,456903.4129999997,204744.58919999935,POINT (456903.4129999997 204744.58919999935)
236,ap_0046093,306,True,False,False,False,1,0.0,456841.50710000005,204720.2960000001,POINT (456841.50710000005 204720.2960000001)
237,ap_0046094,305,True,False,False,False,1,0.08647364029105017,456985.21740000043,204789.9802000001,POINT (456985.21740000043 204789.9802000001)
238,ap_0046095,305,True,False,False,False,1,0.0,456909.3354000002,204747.46719999984,POINT (456909.3354000002 204747.46719999984)
239,ap_0046097,409,True,False,False,False,1,0.45749950821644897,456587.94629999995,207616.08440000005,POINT (456587.94629999995 207616.08440000005)
240,ap_0046098,409,True,False,False,False,1,0.5362538227145262,456590.63049999997,207610.53989999928,POINT (456590.63049999997 207610.53989999928)
241,ap_0046245,915,True,False,False,False,1,0.07678206375865967,449551.8973000003,225897.6018000003,POINT (449551.8973000003 225897.6018000003)
242,ap_0046246,915,True,False,False,False,1,0.6496539975809633,449518.23479999974,225858.87399999984,POINT (449518.23479999974 225858.87399999984)
243,ap_0046247,915,True,False,False,False,1,0.38772616053407755,449558.6719000004,225874.88179999962,POINT (449558.6719000004 225874.88179999962)
244,ap_0047532,450,True,False,False,False,1,0.5436854540949778,435612.21719999984,209164.4020000007,POINT (435612.21719999984 209164.4020000007)
245,ap_0047533,450,True,False,False,False,1,0.08662215348214704,435432.18659999967,209121.25569999963,POINT (435432.18659999967 209121.25569999963)
246,ap_0047534,461,True,True,True,True,3,0.003784417540570422,448403.50239999965,210217.3127999995,POINT (448403.50239999965 210217.3127999995)
247,ap_0047535,461,True,True,True,True,3,0.0,448620.54360000044,210140.25239999965,POINT (448620.54360000044 210140.25239999965)
248,ap_0047544,156,True,False,False,False,1,0.22138698530366183,434580.7876000004,203119.71700000018,POINT (434580.7876000004 203119.71700000018)
249,ap_0047545,156,True,False,False,False,1,0.45228336389079093,434601.6947999997,203042.22309999913,POINT (434601.6947999997 203042.22309999913)
250,ap_0047546,450,True,False,False,False,1,0.13260000012815,435490.1140999999,208613.13260000013,POINT (435490.1140999999 208613.13260000013)
251,ap_0047547,450,True,False,False,False,1,0.0,435494.4386999998,208602.5083000008,POINT (435494.4386999998 208602.5083000008)
252,ap_0047548,450,True,False,False,False,1,0.18582456623139237,435501.26499999966,208579.40000000037,POINT (435501.26499999966 208579.40000000037)
253,ap_0047549,450,True,False,False,False,1,0.15340027156711392,435503.3854,208572.13719999976,POINT (435503.3854 208572.13719999976)
254,ap_0047550,450,True,False,False,False,1,0.14704306507113377,435952.4633999998,208626.5833999999,POINT (435952.4633999998 208626.5833999999)
255,ap_0047551,450,True,False,False,False,1,0.39638680393383635,435964.32629999984,208290.06409999914,POINT (435964.32629999984 208290.06409999914)
256,ap_0047552,70,True,False,False,False,1,0.1474693271325963,442957.65390000027,196285.58850000054,POINT (442957.65390000027 196285.58850000054)
257,ap_0047553,70,True,False,False,False,1,0.0,442915.3448999999,196284.5167999994,POINT (442915.3448999999 196284.5167999994)
258,ap_0047554,75,True,False,False,False,1,0.41466241701421164,445174.69689999986,196830.61580000073,POINT (445174.69689999986 196830.61580000073)
259,ap_0047555,128,True,False,False,False,1,0.05328083783987776,444427.02440000046,201538.19180000015,POINT (444427.02440000046 201538.19180000015)
260,ap_0047556,449,True,False,False,False,1,0.0,434033.9776999997,209826.1916000005,POINT (434033.9776999997 209826.1916000005)
261,ap_0047557,449,True,False,False,False,1,0.0,433657.78450000007,209718.0527999997,POINT (433657.78450000007 209718.0527999997)
262,ap_0047558,125,True,False,False,False,1,0.1711039208625941,437132.06799999997,201982.72529999912,POINT (437132.06799999997 201982.72529999912)
263,ap_0047559,157,True,False,False,False,1,0.0,439703.07490000036,203556.1947000008,POINT (439703.07490000036 203556.1947000008)
264,ap_0047560,157,True,False,False,False,1,0.3812520080796706,439770.29580000043,203633.75769999996,POINT (439770.29580000043 203633.75769999996)
265,ap_0047561,215,True,False,False,False,1,0.25988459558955274,442128.56209999975,204159.2491999995,POINT (442128.56209999975 204159.2491999995)
266,ap_0047562,451,True,False,False,False,1,0.0,436988.0795,209685.2438999992,POINT (436988.0795 209685.2438999992)
267,ap_0047563,451,True,False,False,False,1,0.0,436807.09860000014,209618.99909999967,POINT (436807.09860000014 209618.99909999967)
268,ap_0047564,451,True,False,False,False,1,0.0,436805.0003000004,209585.57870000042,POINT (436805.0003000004 209585.57870000042)
269,ap_0047565,451,True,False,False,False,1,0.24709999933838844,436827.2647000002,209578.75290000066,POINT (436827.2647000002 209578.75290000066)
270,ap_0047566,218,True,False,False,False,1,0.030136881941082917,441615.3870000001,206049.0192000009,POINT (441615.3870000001 206049.0192000009)
271,ap_0047567,218,True,False,False,False,1,0.0322338538586561,441615.1289999997,206048.40399999917,POINT (441615.1289999997 206048.40399999917)
272,ap_0047568,218,True,False,False,False,1,0.056983077692088706,441612.07710000034,206041.1269000005,POINT (441612.07710000034 206041.1269000005)
273,ap_0047569,218,True,False,False,False,1,0.06041190899906768,441611.65579999983,206040.12230000086,POINT (441611.65579999983 206040.12230000086)
274,ap_0047570,218,True,False,False,False,1,0.07817240852937994,441609.4606999997,206034.88829999976,POINT (441609.4606999997 206034.88829999976)
275,ap_0047571,218,True,False,False,False,1,0.13470208753167331,441602.4927000003,206018.27339999937,POINT (441602.4927000003 206018.27339999937)
276,ap_0047572,452,True,False,False,False,1,0.12018030100550244,439429.4868000001,209004.47210000083,POINT (439429.4868000001 209004.47210000083)
277,ap_0047573,138,True,False,False,False,1,0.08485749936706387,447274.5058000004,200894.67459999956,POINT (447274.5058000004 200894.67459999956)
278,ap_0047574,138,True,False,False,False,1,0.015090252206316379,447431.2746000001,200796.4737999998,POINT (447431.2746000001 200796.4737999998)
279,ap_0047575,138,True,False,False,False,1,0.0,447438.11930000037,201091.69730000012,POINT (447438.11930000037 201091.69730000012)
280,ap_0047576,138,True,False,False,False,1,0.0,447277.0234000003,200897.96050000004,POINT (447277.0234000003 200897.96050000004)
281,ap_0047577,138,True,False,False,False,1,0.0,447276.16000000015,200896.63079999946,POINT (447276.16000000015 200896.63079999946)
282,ap_0047578,137,True,False,False,False,1,20.952676275438556,447658.22780000046,201344.0745000001,POINT (447658.22780000046 201344.0745000001)
283,ap_0047591,33,True,False,False,False,1,0.2509521964207811,440576.7232999997,192980.0781999994,POINT (440576.7232999997 192980.0781999994)
284,ap_0047592,33,True,False,False,False,1,0.08735380106163729,440579.5917999996,193081.81949999928,POINT (440579.5917999996 193081.81949999928)
285,ap_0047593,33,True,False,False,False,1,0.0,440579.3272000002,193080.51219999976,POINT (440579.3272000002 193080.51219999976)
286,ap_0047594,33,True,False,False,False,1,0.31592022054684044,441298.4297000002,192883.82809999958,POINT (441298.4297000002 192883.82809999958)
287,ap_0047595,33,True,False,False,False,1,0.0,441295.09640000015,192883.20490000024,POINT (441295.09640000015 192883.20490000024)
288,ap_0047596,33,True,False,False,False,1,0.0,441495.88910000026,193094.8361000009,POINT (441495.88910000026 193094.8361000009)
289,ap_0047597,33,True,False,False,False,1,0.11134445888321003,441173.2553000003,193092.22340000048,POINT (441173.2553000003 193092.22340000048)
290,ap_0047598,33,True,False,False,False,1,0.16030781876615885,441355.06599999964,192883.4868999999,POINT (441355.06599999964 192883.4868999999)
291,ap_0047599,33,True,False,False,False,1,0.0617261050193859,441340.9638,192880.47389999963,POINT (441340.9638 192880.47389999963)
292,ap_0047600,33,True,False,False,False,1,0.2861114400589075,441299.1705,192873.55220000073,POINT (441299.1705 192873.55220000073)
293,ap_0047601,33,True,False,False,False,1,0.0,441297.6878000004,192873.4037999995,POINT (441297.6878000004 192873.4037999995)
294,ap_0047602,33,True,False,False,False,1,0.16679999977350235,440642.0427000001,192828.16679999977,POINT (440642.0427000001 192828.16679999977)
295,ap_0047603,33,True,False,False,False,1,0.22620000038295984,440707.2262000004,192756.99340000004,POINT (440707.2262000004 192756.99340000004)
296,ap_0047604,33,True,False,False,False,1,0.1113631491018039,441628.5554999998,192680.6964999996,POINT (441628.5554999998 192680.6964999996)
297,ap_0047605,33,True,False,False,False,1,0.042683031176048644,441630.72479999997,192680.10940000042,POINT (441630.72479999997 192680.10940000042)
298,ap_0047606,34,True,False,False,False,1,0.13857759103972359,447335.8965999996,192228.66369999945,POINT (447335.8965999996 192228.66369999945)
299,ap_0047607,34,True,False,False,False,1,0.0,447435.64470000006,192166.48790000007,POINT (447435.64470000006 192166.48790000007)
300,ap_0047608,34,True,False,False,False,1,0.1622880892027128,447167.47339999955,191983.09300000034,POINT (447167.47339999955 191983.09300000034)
301,ap_0047609,34,True,False,False,False,1,0.0,447165.85869999975,191982.3058000002,POINT (447165.85869999975 191982.3058000002)
302,ap_0047610,34,True,False,False,False,1,0.19762064358468026,447474.5645000003,192012.7564000003,POINT (447474.5645000003 192012.7564000003)
303,ap_0047611,34,True,False,False,False,1,0.18982773539637743,447408.1754999999,192095.56409999914,POINT (447408.1754999999 192095.56409999914)
304,ap_0047612,34,True,False,False,False,1,0.0,447436.9051000001,191998.02549999952,POINT (447436.9051000001 191998.02549999952)
305,ap_0047613,48,True,False,False,False,1,0.2924979645292793,447451.93599999975,193868.31750000082,POINT (447451.93599999975 193868.31750000082)
306,ap_0047614,48,True,False,False,False,1,0.1796703907515239,447447.45330000017,193867.55399999954,POINT (447447.45330000017 193867.55399999954)
307,ap_0047615,48,True,False,False,False,1,0.0,447984.5005999999,194676.7843999993,POINT (447984.5005999999 194676.7843999993)
308,ap_0047616,48,True,False,False,False,1,0.1313830807144579,447971.2684000004,194543.07540000044,POINT (447971.2684000004 194543.07540000044)
309,ap_0047617,450,True,False,False,False,1,0.0,435611.24289999995,209171.26180000044,POINT (435611.24289999995 209171.26180000044)
310,ap_0047618,450,True,False,False,False,1,0.006931810616961316,435925.3531999998,209647.2781000007,POINT (435925.3531999998 209647.2781000007)
311,ap_0047619,450,True,False,False,False,1,0.06968048461322972,435988.5906999996,209661.07550000027,POINT (435988.5906999996 209661.07550000027)
312,ap_0047620,450,True,False,False,False,1,0.0,435956.01489999983,209564.1947000008,POINT (435956.01489999983 209564.1947000008)
313,ap_0047621,450,True,False,False,False,1,0.3919914942079161,436145.2940999996,209960.2932999991,POINT (436145.2940999996 209960.2932999991)
314,ap_0047622,450,True,False,False,False,1,0.18599931496817387,436251.02699999977,209704.2860000003,POINT (436251.02699999977 209704.2860000003)
315,ap_0047623,451,True,False,False,False,1,0.08541779624735582,436577.6582000004,209601.70260000043,POINT (436577.6582000004 209601.70260000043)
316,ap_0047624,451,True,False,False,False,1,0.0,436581.7926000003,209600.07090000063,POINT (436581.7926000003 209600.07090000063)
317,ap_0047625,451,True,False,False,False,1,0.08562709858731966,436637.4172,209579.69810000062,POINT (436637.4172 209579.69810000062)
318,ap_0047626,451,True,False,False,False,1,0.0,436636.76209999993,209678.71539999917,POINT (436636.76209999993 209678.71539999917)
319,ap_0047627,450,True,False,False,False,1,0.0,436019.6529000001,209195.40780000016,POINT (436019.6529000001 209195.40780000016)
320,ap_0047628,450,True,False,False,False,1,0.0,436034.9121000003,209165.56680000015,POINT (436034.9121000003 209165.56680000015)
321,ap_0047629,450,True,False,False,False,1,0.0,435962.49679999985,208789.93539999984,POINT (435962.49679999985 208789.93539999984)
322,ap_0047630,450,True,False,False,False,1,0.2899732958712865,435954.4935999997,208766.63560000062,POINT (435954.4935999997 208766.63560000062)
323,ap_0047631,450,True,False,False,False,1,0.5056591757242985,435954.1546,208716.88049999997,POINT (435954.1546 208716.88049999997)
324,ap_0047632,450,True,False,False,False,1,0.15491478913399095,435954.1298000002,208713.23809999973,POINT (435954.1298000002 208713.23809999973)
325,ap_0047633,450,True,False,False,False,1,0.0,435953.83860000037,208670.50170000084,POINT (435953.83860000037 208670.50170000084)
326,ap_0047634,450,True,False,False,False,1,0.0,436009.5795,209228.93999999948,POINT (436009.5795 209228.93999999948)
327,ap_0047635,450,True,False,False,False,1,0.22795999981462955,435940.77660000045,209261.4154000003,POINT (435940.77660000045 209261.4154000003)
328,ap_0047636,450,True,False,False,False,1,0.0,435965.0544999996,209226.13580000028,POINT (435965.0544999996 209226.13580000028)
329,ap_0047637,450,True,False,False,False,1,0.0,435966.6786000002,209223.76349999942,POINT (435966.6786000002 209223.76349999942)
330,ap_0047638,223,True,False,False,False,1,0.0,445596.45710000023,204148.38299999945,POINT (445596.45710000023 204148.38299999945)
331,ap_0047639,164,True,False,False,False,1,0.06753681494407683,445655.6534000002,203949.40860000066,POINT (445655.6534000002 203949.40860000066)
332,ap_0047640,223,True,False,False,False,1,0.08454566543316026,445729.14279999956,204175.7171,POINT (445729.14279999956 204175.7171)
333,ap_0047641,223,True,False,False,False,1,0.30389999970793724,445604.76740000024,204260.3038999997,POINT (445604.76740000024 204260.3038999997)
334,ap_0047642,223,True,False,False,False,1,0.0,445594.7938000001,204157.44219999947,POINT (445594.7938000001 204157.44219999947)
335,ap_0047643,223,True,False,False,False,1,0.18366508668541134,445595.71050000004,204152.44930000044,POINT (445595.71050000004 204152.44930000044)
336,ap_0047644,223,True,False,False,False,1,0.0,445595.9682,204151.04549999908,POINT (445595.9682 204151.04549999908)
337,ap_0047645,163,True,False,False,False,1,0.0,445926.25540000014,203844.11690000072,POINT (445926.25540000014 203844.11690000072)
338,ap_0047646,163,True,False,False,False,1,0.20118410490813646,445911.4689999996,203846.04319999926,POINT (445911.4689999996 203846.04319999926)
339,ap_0047647,163,True,False,False,False,1,0.0,445942.4776999997,203846.32499999925,POINT (445942.4776999997 203846.32499999925)
340,ap_0047648,223,True,False,False,False,1,0.04621956967337504,445173.7291000001,204412.0527999997,POINT (445173.7291000001 204412.0527999997)
341,ap_0047649,223,True,False,False,False,1,0.0,445570.07019999996,204260.85879999958,POINT (445570.07019999996 204260.85879999958)
342,ap_0047650,223,True,False,False,False,1,0.0,445920.6953999996,204299.12460000068,POINT (445920.6953999996 204299.12460000068)
343,ap_0047651,223,True,False,False,False,1,0.24883087638805448,445910.4145999998,204231.2335000001,POINT (445910.4145999998 204231.2335000001)
344,ap_0047652,226,True,False,False,False,1,0.0,448150.5116999997,205803.59669999965,POINT (448150.5116999997 205803.59669999965)
345,ap_0047653,222,True,False,False,False,1,0.0,444232.38719999976,204487.34479999915,POINT (444232.38719999976 204487.34479999915)
346,ap_0047654,222,True,False,False,False,1,0.0,443715.3808000004,204268.9793999996,POINT (443715.3808000004 204268.9793999996)
347,ap_0047655,222,True,False,False,False,1,0.0,443591.8278000001,204231.04729999974,POINT (443591.8278000001 204231.04729999974)
348,ap_0047656,230,True,False,False,False,1,0.07210000045597553,446780.92789999954,204777.47110000066,POINT (446780.92789999954 204777.47110000066)
349,ap_0047657,230,True,False,False,False,1,0.0,446988.8937999997,204660.12079999968,POINT (446988.8937999997 204660.12079999968)
350,ap_0047658,230,True,False,False,False,1,0.12030000053346157,446787.2796,204783.12030000053,POINT (446787.2796 204783.12030000053)
351,ap_0047659,230,True,False,False,False,1,0.04867494244813639,446965.0116999997,204671.39470000006,POINT (446965.0116999997 204671.39470000006)
352,ap_0047660,227,True,False,False,False,1,0.2561514850409424,447757.83779999986,204574.75049999915,POINT (447757.83779999986 204574.75049999915)
353,ap_0047661,454,True,False,False,False,1,0.14656372145078836,443524.86930000037,209166.7611999996,POINT (443524.86930000037 209166.7611999996)
354,ap_0047662,454,True,False,False,False,1,0.5093986558185137,443539.4232000001,208908.75879999995,POINT (443539.4232000001 208908.75879999995)
355,ap_0047663,454,True,False,False,False,1,0.0,443296.0876000002,208926.26190000027,POINT (443296.0876000002 208926.26190000027)
356,ap_0047664,674,True,False,False,False,1,0.0,446686.47080000024,210543.46749999933,POINT (446686.47080000024 210543.46749999933)
357,ap_0047665,655,True,True,True,True,3,0.15630171622008512,447801.48089999985,210512.55680000037,POINT (447801.48089999985 210512.55680000037)
358,ap_0047711,121,True,False,False,False,1,0.0,460492.0729,198613.37700000033,POINT (460492.0729 198613.37700000033)
359,ap_0047712,121,True,False,False,False,1,0.0,460571.3518000003,198550.20610000007,POINT (460571.3518000003 198550.20610000007)
360,ap_0047713,42,True,False,False,False,1,0.0,459859.26389999967,193639.71939999983,POINT (459859.26389999967 193639.71939999983)
361,ap_0047714,42,True,False,False,False,1,0.2526217393939895,459945.3772,193613.94590000063,POINT (459945.3772 193613.94590000063)
362,ap_0047715,42,True,False,False,False,1,0.0,459936.0822999999,193650.27840000018,POINT (459936.0822999999 193650.27840000018)
363,ap_0047716,55,True,False,False,False,1,0.0,462115.1160000004,194372.05409999937,POINT (462115.1160000004 194372.05409999937)
364,ap_0047717,121,True,False,False,False,1,0.0,460411.06960000005,198657.29619999975,POINT (460411.06960000005 198657.29619999975)
365,ap_0047718,121,True,False,False,False,1,0.0,460436.8213999998,198648.6336000003,POINT (460436.8213999998 198648.6336000003)
366,ap_0047719,121,True,False,False,False,1,0.0,460379.3585999999,198666.57489999942,POINT (460379.3585999999 198666.57489999942)
367,ap_0047722,446,True,False,False,False,1,0.26042357922223486,465061.2078,207401.12030000053,POINT (465061.2078 207401.12030000053)
368,ap_0047723,446,True,False,False,False,1,0.1941954704870501,465213.47389999963,207360.80760000087,POINT (465213.47389999963 207360.80760000087)
369,ap_0047724,446,True,False,False,False,1,0.13358021068162174,466250.59389999975,207371.88749999925,POINT (466250.59389999975 207371.88749999925)
370,ap_0047725,446,True,False,False,False,1,0.0,466329.5586000001,207359.13859999925,POINT (466329.5586000001 207359.13859999925)
371,ap_0047726,446,True,False,False,False,1,0.0,466371.3937999997,207427.23729999922,POINT (466371.3937999997 207427.23729999922)
372,ap_0047727,446,True,False,False,False,1,0.0,466365.5571999997,207394.62250000052,POINT (466365.5571999997 207394.62250000052)
373,ap_0047728,645,True,False,False,False,1,0.14272561088947203,469511.9255999997,208869.12179999985,POINT (469511.9255999997 208869.12179999985)
374,ap_0047729,645,True,False,False,False,1,0.0,469490.77969999984,208868.47800000012,POINT (469490.77969999984 208868.47800000012)
375,ap_0047730,644,True,False,False,False,1,0.0,468738.60840000026,209228.0382000003,POINT (468738.60840000026 209228.0382000003)
376,ap_0047731,445,True,False,False,False,1,0.16107764661571736,464617.2290000003,207398.53610000014,POINT (464617.2290000003 207398.53610000014)
377,ap_0047732,445,True,False,False,False,1,0.0,464611.01350000035,207351.4274000004,POINT (464611.01350000035 207351.4274000004)
378,ap_0047733,445,True,False,False,False,1,0.0,464555.5987999998,207411.97729999945,POINT (464555.5987999998 207411.97729999945)
379,ap_0047734,445,True,False,False,False,1,0.0,464271.02300000004,208058.66999999993,POINT (464271.02300000004 208058.66999999993)
380,ap_0047735,315,True,False,False,False,1,0.26905666927257915,465571.6979,205102.86140000075,POINT (465571.6979 205102.86140000075)
381,ap_0047736,315,True,False,False,False,1,0.0,465536.01860000007,205100.7313000001,POINT (465536.01860000007 205100.7313000001)
382,ap_0047737,446,True,False,False,False,1,0.12004058316564814,466684.8696999997,206782.23630000092,POINT (466684.8696999997 206782.23630000092)
383,ap_0047738,446,True,False,False,False,1,0.0,466630.43400000036,206733.02439999953,POINT (466630.43400000036 206733.02439999953)
384,ap_0047760,316,True,False,False,False,1,0.0,470248.0077999998,205947.98169999942,POINT (470248.0077999998 205947.98169999942)
385,ap_0047761,316,True,False,False,False,1,0.30777239672428397,470136.40529999975,205907.50119999982,POINT (470136.40529999975 205907.50119999982)
386,ap_0047762,316,True,False,False,False,1,0.0,470900.90660000034,205406.47959999926,POINT (470900.90660000034 205406.47959999926)
387,ap_0047763,316,True,False,False,False,1,0.0,470925.30140000023,205385.05120000057,POINT (470925.30140000023 205385.05120000057)
388,ap_0047764,447,True,False,False,False,1,0.0,470363.2774,206267.17830000073,POINT (470363.2774 206267.17830000073)
389,ap_0047766,447,True,False,False,False,1,0.4048766620873358,470379.2181000002,206349.2111000009,POINT (470379.2181000002 206349.2111000009)
390,ap_0047767,447,True,False,False,False,1,0.40070909487649936,470378.4885999998,206348.8911000006,POINT (470378.4885999998 206348.8911000006)
391,ap_0047768,447,True,False,False,False,1,0.0,470460.28479999956,206360.8962999992,POINT (470460.28479999956 206360.8962999992)
392,ap_0047769,149,True,False,False,False,1,0.0,458040.0206000004,202017.78140000068,POINT (458040.0206000004 202017.78140000068)
393,ap_0047770,208,True,False,False,False,1,0.0,458141.19489999954,202069.94429999962,POINT (458141.19489999954 202069.94429999962)
394,ap_0047771,149,True,False,False,False,1,0.3516599994152785,458068.1776999999,201990.94370000064,POINT (458068.1776999999 201990.94370000064)
395,ap_0047772,209,True,False,False,False,1,0.039905475061706414,459830.7651000004,202916.8548000008,POINT (459830.7651000004 202916.8548000008)
396,ap_0047773,209,True,False,False,False,1,0.0,459809.01350000035,202793.45519999973,POINT (459809.01350000035 202793.45519999973)
397,ap_0047774,120,True,False,False,False,1,0.0,456398.51130000036,199285.0075000003,POINT (456398.51130000036 199285.0075000003)
398,ap_0047775,150,True,False,False,False,1,0.2832135870755135,460216.9139999999,201246.63759999909,POINT (460216.9139999999 201246.63759999909)
399,ap_0047776,150,True,False,False,False,1,0.41105953495968234,460250.5996000003,201027.2368999999,POINT (460250.5996000003 201027.2368999999)
400,ap_0047777,93,True,False,False,False,1,0.0,463591.3819000004,196665.15929999948,POINT (463591.3819000004 196665.15929999948)
401,ap_0047778,93,True,False,False,False,1,0.0,463590.43230000045,196664.8535999991,POINT (463590.43230000045 196664.8535999991)
402,ap_0047779,93,True,False,False,False,1,0.0,463647.9232999999,196806.8373000007,POINT (463647.9232999999 196806.8373000007)
403,ap_0047780,93,True,False,False,False,1,0.07403787371572998,463710.3091000002,196679.19449999928,POINT (463710.3091000002 196679.19449999928)
404,ap_0047781,93,True,False,False,False,1,0.0,463568.50040000025,196645.97450000048,POINT (463568.50040000025 196645.97450000048)
405,ap_0047782,93,True,False,False,False,1,0.0,463626.4371999996,196798.3791000005,POINT (463626.4371999996 196798.3791000005)
406,ap_0047783,93,True,False,False,False,1,0.0,463586.86870000046,196661.78610000014,POINT (463586.86870000046 196661.78610000014)
407,ap_0047784,93,True,False,False,False,1,0.0,463561.86000000034,196638.88800000027,POINT (463561.86000000034 196638.88800000027)
408,ap_0047785,93,True,False,False,False,1,0.0,463560.9124999996,196638.10639999993,POINT (463560.9124999996 196638.10639999993)
409,ap_0047786,93,True,False,False,False,1,0.1497867783993633,463441.1464999998,196537.63240000047,POINT (463441.1464999998 196537.63240000047)
410,ap_0047787,93,True,False,False,False,1,0.0,463477.09920000006,196747.48000000045,POINT (463477.09920000006 196747.48000000045)
411,ap_0047788,93,True,False,False,False,1,0.0,463479.15699999966,196745.2212000005,POINT (463479.15699999966 196745.2212000005)
412,ap_0047789,93,True,False,False,False,1,0.005655875287631316,463484.3481999999,196738.65689999983,POINT (463484.3481999999 196738.65689999983)
413,ap_0047790,93,True,False,False,False,1,0.05610381284761518,463494.3033999996,196726.06829999946,POINT (463494.3033999996 196726.06829999946)
414,ap_0047791,93,True,False,False,False,1,0.1451150490808446,463511.8713999996,196703.85309999995,POINT (463511.8713999996 196703.85309999995)
415,ap_0047792,93,True,False,False,False,1,0.0,463546.64460000023,196656.87120000087,POINT (463546.64460000023 196656.87120000087)
416,ap_0047793,93,True,False,False,False,1,0.0,463557.2337999996,196638.3331000004,POINT (463557.2337999996 196638.3331000004)
417,ap_0047794,93,True,False,False,False,1,0.0,463559.17480000015,196638.0591000002,POINT (463559.17480000015 196638.0591000002)
418,ap_0047795,58,True,False,True,True,2,0.0,470006.7581000002,194068.83970000036,POINT (470006.7581000002 194068.83970000036)
419,ap_0047796,58,True,False,True,True,2,0.0,470003.2307000002,194075.4768000003,POINT (470003.2307000002 194075.4768000003)
420,ap_0047797,58,True,False,True,True,2,18.058286831515375,470050.13599999994,194069.69730000012,POINT (470050.13599999994 194069.69730000012)
421,ap_0047803,57,True,False,False,False,1,0.0,468500.86620000005,194693.07939999923,POINT (468500.86620000005 194693.07939999923)
422,ap_0047804,57,True,False,False,False,1,0.0,468502.3487,194692.5195000004,POINT (468502.3487 194692.5195000004)
423,ap_0047805,122,True,False,False,False,1,0.0,468859.79289999977,199284.71759999916,POINT (468859.79289999977 199284.71759999916)
424,ap_0047806,122,True,False,False,False,1,0.08257656934411158,468851.9330000002,199280.2561000008,POINT (468851.9330000002 199280.2561000008)
425,ap_0047807,151,True,False,False,False,1,0.3784109137341957,461891.6501000002,201282.85590000078,POINT (461891.6501000002 201282.85590000078)
426,ap_0047808,151,True,False,False,False,1,0.5491815935388018,461891.6339999996,201282.57569999993,POINT (461891.6339999996 201282.57569999993)
427,ap_0047809,211,True,False,False,False,1,0.0,462910.1528000003,203124.6146000009,POINT (462910.1528000003 203124.6146000009)
428,ap_0047810,211,True,False,False,False,1,0.0,462907.52020000014,203124.0150000006,POINT (462907.52020000014 203124.0150000006)
429,ap_0047811,211,True,False,False,False,1,0.23145174614925054,463010.6542999996,202701.42500000075,POINT (463010.6542999996 202701.42500000075)
430,ap_0047812,438,True,False,False,False,1,0.0,458175.8431000002,207983.53140000068,POINT (458175.8431000002 207983.53140000068)
431,ap_0047813,438,True,False,False,False,1,0.5531984795610464,458154.3437999999,208031.5627999995,POINT (458154.3437999999 208031.5627999995)
432,ap_0047814,621,True,False,False,False,1,0.14509999938309193,457814.9924999997,209323.14509999938,POINT (457814.9924999997 209323.14509999938)
433,ap_0047815,621,True,False,False,False,1,0.0,457837.1122000003,209306.32279999927,POINT (457837.1122000003 209306.32279999927)
434,ap_0047816,621,True,False,False,False,1,0.0017772859943146785,458038.8934000004,209353.96020000055,POINT (458038.8934000004 209353.96020000055)
435,ap_0047817,621,True,False,False,False,1,0.41139999963343143,457817.58860000037,209331.89020000026,POINT (457817.58860000037 209331.89020000026)
436,ap_0047818,621,True,False,False,False,1,0.0,457838.10840000026,209305.56389999948,POINT (457838.10840000026 209305.56389999948)
437,ap_0047819,621,True,False,False,False,1,0.0,457946.6924999999,209231.15320000052,POINT (457946.6924999999 209231.15320000052)
438,ap_0047848,152,True,False,False,False,1,0.0,463870.47449999955,201930.64250000007,POINT (463870.47449999955 201930.64250000007)
439,ap_0047849,152,True,False,False,False,1,0.0,463939.4642000003,201910.94329999946,POINT (463939.4642000003 201910.94329999946)
440,ap_0047850,154,True,False,False,False,1,0.20947586645302893,468635.0767000001,201704.68119999953,POINT (468635.0767000001 201704.68119999953)
441,ap_0047851,154,True,False,False,False,1,0.042400308170520595,468498.53440000024,201597.88819999993,POINT (468498.53440000024 201597.88819999993)
442,ap_0047852,154,True,False,False,False,1,0.0,468759.22809999995,201960.82619999908,POINT (468759.22809999995 201960.82619999908)
443,ap_0047853,154,True,False,False,False,1,0.0,468760.4008999998,201960.03779999912,POINT (468760.4008999998 201960.03779999912)
444,ap_0047854,212,True,False,False,False,1,0.14189231041180092,468629.02359999996,202066.51960000023,POINT (468629.02359999996 202066.51960000023)
445,ap_0047855,152,True,False,False,False,1,0.2650111671859237,464399.48780000024,201686.53879999928,POINT (464399.48780000024 201686.53879999928)
446,ap_0047856,152,True,False,False,False,1,0.0,464488.59729999956,201670.89570000023,POINT (464488.59729999956 201670.89570000023)
447,ap_0047857,152,True,False,False,False,1,0.0,464575.0892000003,201918.27659999952,POINT (464575.0892000003 201918.27659999952)
448,ap_0047858,152,True,False,False,False,1,0.0,464519.3587999996,201781.2971999999,POINT (464519.3587999996 201781.2971999999)
449,ap_0047859,315,True,False,False,False,1,0.31174151074972234,466648.6235999996,204659.2095999997,POINT (466648.6235999996 204659.2095999997)
450,ap_0047860,315,True,False,False,False,1,0.12626974687533774,466714.63150000013,204637.4952000007,POINT (466714.63150000013 204637.4952000007)
451,ap_0047861,212,True,False,False,False,1,0.5136801166548605,468466.33690000046,202501.17530000024,POINT (468466.33690000046 202501.17530000024)
452,ap_0047862,212,True,False,False,False,1,0.0,468467.93510000035,202498.93789999932,POINT (468467.93510000035 202498.93789999932)
453,ap_0047863,212,True,False,False,False,1,0.35241749533819805,468476.1934000002,202484.75549999997,POINT (468476.1934000002 202484.75549999997)
454,ap_0047864,212,True,False,False,False,1,0.32174923577666525,468487.38350000046,202456.8515000008,POINT (468487.38350000046 202456.8515000008)
455,ap_0047865,212,True,False,False,False,1,0.09635940435205836,468290.05310000014,202600.11260000058,POINT (468290.05310000014 202600.11260000058)
456,ap_0047875,908,True,False,False,False,1,0.0,458929.8406999996,223091.30289999954,POINT (458929.8406999996 223091.30289999954)
457,ap_0047876,900,True,False,False,False,1,0.17544189286689255,459304.62150000036,222137.36470000073,POINT (459304.62150000036 222137.36470000073)
458,ap_0047877,900,True,False,False,False,1,0.1896941119462677,459076.0014000004,221890.11700000055,POINT (459076.0014000004 221890.11700000055)
459,ap_0047878,900,True,False,False,False,1,0.23985062037551344,459282.09240000043,221729.75320000015,POINT (459282.09240000043 221729.75320000015)
460,ap_0047879,747,True,False,False,False,1,0.0,463653.8409000002,213270.76630000025,POINT (463653.8409000002 213270.76630000025)
461,ap_0047880,747,True,False,False,False,1,0.0,463785.79619999975,213017.0873000007,POINT (463785.79619999975 213017.0873000007)
462,ap_0047881,747,True,False,False,False,1,0.2573714234971776,464428.0613000002,214077.3183999993,POINT (464428.0613000002 214077.3183999993)
463,ap_0047882,747,True,False,False,False,1,0.0768843434206213,463535.7320999997,213336.2117999997,POINT (463535.7320999997 213336.2117999997)
464,ap_0047883,747,True,False,False,False,1,0.15629999991506338,463774.8437000001,213016.89440000057,POINT (463774.8437000001 213016.89440000057)
465,ap_0047884,747,True,False,False,False,1,0.0,463779.8323999997,213002.7087999992,POINT (463779.8323999997 213002.7087999992)
466,ap_0047885,747,True,False,False,False,1,0.12951403983272952,464073.25260000024,212951.49510000087,POINT (464073.25260000024 212951.49510000087)
467,ap_0047886,747,True,False,False,False,1,0.17599999997764826,464162.824,212510.37460000068,POINT (464162.824 212510.37460000068)
468,ap_0047887,747,True,False,False,False,1,0.2406973878644962,464826.88910000026,213115.8889000006,POINT (464826.88910000026 213115.8889000006)
469,ap_0047888,747,True,False,False,False,1,0.0,464145.81159999967,212453.21199999936,POINT (464145.81159999967 212453.21199999936)
470,ap_0047889,747,True,False,False,False,1,0.0,464406.77639999986,212602.96539999917,POINT (464406.77639999986 212602.96539999917)
471,ap_0047890,747,True,False,False,False,1,0.0,464397.88350000046,212593.5457000006,POINT (464397.88350000046 212593.5457000006)
472,ap_0047891,747,True,False,False,False,1,0.022600000724196434,464399.02300000004,212592.97739999928,POINT (464399.02300000004 212592.97739999928)
473,ap_0047892,747,True,False,False,False,1,0.06363432926368866,464636.0033999998,212395.41999999993,POINT (464636.0033999998 212395.41999999993)
474,ap_0047893,748,True,False,False,False,1,0.05986000001430511,465291.94240000006,214151.50989999995,POINT (465291.94240000006 214151.50989999995)
475,ap_0047894,748,True,False,False,False,1,0.35925420491375293,465280.3987999996,214125.52840000018,POINT (465280.3987999996 214125.52840000018)
476,ap_0047895,748,True,False,False,False,1,0.03623765145409656,465193.8091000002,214049.44319999963,POINT (465193.8091000002 214049.44319999963)
477,ap_0047896,748,True,False,False,False,1,1.715062798375027e-05,465192.71219999995,214048.82729999907,POINT (465192.71219999995 214048.82729999907)
478,ap_0047897,748,True,False,False,False,1,0.0,465187.82880000025,214045.90520000085,POINT (465187.82880000025 214045.90520000085)
479,ap_0047898,748,True,False,False,False,1,0.29612670040452077,465084.1266999999,214001.77370000072,POINT (465084.1266999999 214001.77370000072)
480,ap_0047899,748,True,False,False,False,1,0.0,465228.4582000002,214008.6936000008,POINT (465228.4582000002 214008.6936000008)
481,ap_0047900,748,True,False,False,False,1,0.0,465181.20419999957,213902.22369999997,POINT (465181.20419999957 213902.22369999997)
482,ap_0047901,748,True,False,False,False,1,0.16542430868488397,465043.83249999955,213727.89880000055,POINT (465043.83249999955 213727.89880000055)
483,ap_0047902,748,True,False,False,False,1,0.0,465154.96389999986,213825.7597000003,POINT (465154.96389999986 213825.7597000003)
484,ap_0047903,828,True,False,False,False,1,0.5740090594980587,457704.62820000015,217819.56259999983,POINT (457704.62820000015 217819.56259999983)
485,ap_0047904,828,True,False,False,False,1,0.5952881648760299,457704.61760000046,217819.54360000044,POINT (457704.61760000046 217819.54360000044)
486,ap_0047905,733,True,False,False,False,1,0.0,448969.4768000003,213686.88010000065,POINT (448969.4768000003 213686.88010000065)
487,ap_0047906,733,True,False,False,False,1,0.1605302373736178,449126.3803000003,213432.0605999995,POINT (449126.3803000003 213432.0605999995)
488,ap_0047907,733,True,False,False,False,1,0.022354952583692606,448933.31070000026,213346.4866000004,POINT (448933.31070000026 213346.4866000004)
489,ap_0047908,737,True,False,False,False,1,0.0,452732.4737999998,213685.45759999938,POINT (452732.4737999998 213685.45759999938)
490,ap_0047909,737,True,False,False,False,1,0.3956426036699793,452741.5706000002,213810.99620000087,POINT (452741.5706000002 213810.99620000087)
491,ap_0047910,778,True,False,False,False,1,0.0,449075.5658999998,214470.82960000075,POINT (449075.5658999998 214470.82960000075)
492,ap_0047911,778,True,False,False,False,1,0.0,449069.5645000003,214428.1205000002,POINT (449069.5645000003 214428.1205000002)
493,ap_0047912,778,True,False,False,False,1,0.0,449065.8373999996,214402.40719999932,POINT (449065.8373999996 214402.40719999932)
494,ap_0047913,733,True,False,False,False,1,0.0,448915.65660000034,214382.70849999972,POINT (448915.65660000034 214382.70849999972)
495,ap_0047914,733,True,False,False,False,1,0.4731493744016284,449056.70710000023,214347.9598999992,POINT (449056.70710000023 214347.9598999992)
496,ap_0047915,733,True,False,False,False,1,0.0806968650008819,449054.2070000004,214340.7424999997,POINT (449054.2070000004 214340.7424999997)
497,ap_0047920,734,True,False,False,False,1,0.06938520745728798,452499.26680000033,214032.1372999996,POINT (452499.26680000033 214032.1372999996)
498,ap_0047921,897,True,False,False,False,1,0.0,449371.01719999965,222154.75290000066,POINT (449371.01719999965 222154.75290000066)
499,ap_0047922,897,True,False,False,False,1,0.0,449352.9212999996,222150.07120000012,POINT (449352.9212999996 222150.07120000012)
500,ap_0047923,873,True,False,False,False,1,0.46344157131575414,455820.03450000007,219707.53810000047,POINT (455820.03450000007 219707.53810000047)
501,ap_0047924,873,True,False,False,False,1,0.026757036846712972,455821.71360000037,219677.0120000001,POINT (455821.71360000037 219677.0120000001)
502,ap_0047928,919,True,False,False,False,1,0.0,456020.5547000002,225684.80110000074,POINT (456020.5547000002 225684.80110000074)
503,ap_0047929,919,True,False,False,False,1,0.16447303713118888,456011.0603,225677.82770000026,POINT (456011.0603 225677.82770000026)
504,ap_0047930,907,True,False,False,False,1,0.21869999915361404,456781.1442999998,223038.21869999915,POINT (456781.1442999998 223038.21869999915)
505,ap_0047931,907,True,False,False,False,1,0.2913968869223081,456823.9332999997,223011.24090000056,POINT (456823.9332999997 223011.24090000056)
506,ap_0047932,907,True,False,False,False,1,0.28026235583270603,456824.81209999975,223010.65640000068,POINT (456824.81209999975 223010.65640000068)
507,ap_0047933,907,True,False,False,False,1,0.0,456967.0031000003,222906.80959999934,POINT (456967.0031000003 222906.80959999934)
508,ap_0047934,899,True,False,False,False,1,0.0,458127.1425999999,222144.6554000005,POINT (458127.1425999999 222144.6554000005)
509,ap_0047935,899,True,False,False,False,1,0.0,458312.54140000045,222036.18359999917,POINT (458312.54140000045 222036.18359999917)
510,ap_0047938,908,True,False,False,False,1,0.0,460472.0982999997,222833.55289999954,POINT (460472.0982999997 222833.55289999954)
511,ap_0047939,908,True,False,False,False,1,0.0,460390.0089999996,222715.1950000003,POINT (460390.0089999996 222715.1950000003)
512,ap_0047940,909,True,False,False,False,1,0.27140923762948266,460890.2522999998,222891.47220000066,POINT (460890.2522999998 222891.47220000066)
513,ap_0047941,909,True,False,False,False,1,0.07003666856635093,460885.4676999999,222878.24770000018,POINT (460885.4676999999 222878.24770000018)
514,ap_0047954,702,True,False,False,False,1,0.0,463707.3638000004,211862.25789999962,POINT (463707.3638000004 211862.25789999962)
515,ap_0047955,702,True,False,False,False,1,0.14476330945260146,463865.75260000024,212026.66819999926,POINT (463865.75260000024 212026.66819999926)
516,ap_0047956,702,True,False,False,False,1,0.0,463693.2729000002,211832.7566999998,POINT (463693.2729000002 211832.7566999998)
517,ap_0047957,748,True,False,False,False,1,0.20529040961742595,465598.38630000036,214024.81149999984,POINT (465598.38630000036 214024.81149999984)
518,ap_0047958,748,True,False,False,False,1,0.0,465760.7424999997,214012.78299999982,POINT (465760.7424999997 214012.78299999982)
519,ap_0047959,748,True,False,False,False,1,0.0,465591.9313000003,213835.49120000005,POINT (465591.9313000003 213835.49120000005)
520,ap_0047960,748,True,False,False,False,1,0.0,465728.8119000001,214109.04549999908,POINT (465728.8119000001 214109.04549999908)
521,ap_0047961,748,True,False,False,False,1,0.0,465753.67920000013,214105.01769999973,POINT (465753.67920000013 214105.01769999973)
522,ap_0047962,748,True,False,False,False,1,0.4178029366025421,465741.8810999999,213886.9918000009,POINT (465741.8810999999 213886.9918000009)
523,ap_0047963,699,True,False,False,False,1,0.10458109243067454,464448.7131000003,212139.13900000043,POINT (464448.7131000003 212139.13900000043)
524,ap_0047964,699,True,False,False,False,1,0.0076721887138959275,464521.25430000015,212104.91569999978,POINT (464521.25430000015 212104.91569999978)
525,ap_0047967,792,True,False,False,False,1,0.19471679941004327,465253.2400000002,214401.83770000003,POINT (465253.2400000002 214401.83770000003)
526,ap_0047968,748,True,False,False,False,1,0.1922999992966652,465270.0963000003,214276.8077000007,POINT (465270.0963000003 214276.8077000007)
527,ap_0047969,748,True,False,False,False,1,0.0,465282.9143000003,214228.31310000084,POINT (465282.9143000003 214228.31310000084)
528,ap_0047970,748,True,False,False,False,1,0.0,465290.40670000017,214213.90589999966,POINT (465290.40670000017 214213.90589999966)
529,ap_0047971,748,True,False,False,False,1,0.39144763216742745,465314.5011,214148.49489999935,POINT (465314.5011 214148.49489999935)
530,ap_0047972,748,True,False,False,False,1,0.0,465314.8223000001,214131.53580000065,POINT (465314.8223000001 214131.53580000065)
531,ap_0047973,748,True,False,False,False,1,0.13068747483022478,465306.89169999957,214174.6821999997,POINT (465306.89169999957 214174.6821999997)
532,ap_0047974,748,True,False,False,False,1,0.0,465294.92920000013,214156.4723000005,POINT (465294.92920000013 214156.4723000005)
533,ap_0047975,748,True,False,False,False,1,0.31692525964601925,465332.32019999996,214194.8719999995,POINT (465332.32019999996 214194.8719999995)
534,ap_0047976,748,True,False,False,False,1,0.0,465609.65979999956,214269.38150000013,POINT (465609.65979999956 214269.38150000013)
535,ap_0047977,844,True,False,False,False,1,0.0,465788.1349999998,217713.83630000055,POINT (465788.1349999998 217713.83630000055)
536,ap_0047978,844,True,False,False,False,1,0.46010351965473856,465790.0390999997,217708.17950000055,POINT (465790.0390999997 217708.17950000055)
537,ap_0047979,844,True,False,False,False,1,0.22514619673200445,465898.8085000003,217575.11840000004,POINT (465898.8085000003 217575.11840000004)
538,ap_0047980,845,True,False,False,False,1,0.0,465786.8289000001,217716.1732999999,POINT (465786.8289000001 217716.1732999999)
539,ap_0070219,17,True,False,False,False,1,0.0,452474.4382999996,191728.13269999996,POINT (452474.4382999996 191728.13269999996)
540,ap_0070220,17,True,False,False,False,1,0.014532623577746878,452472.7785,191723.9333999995,POINT (452472.7785 191723.9333999995)
541,ap_0070221,17,True,False,False,False,1,0.0,452470.1009999998,191716.96409999952,POINT (452470.1009999998 191716.96409999952)
542,ap_0070222,17,True,False,False,False,1,0.0,452426.71690000035,191654.10590000078,POINT (452426.71690000035 191654.10590000078)
543,ap_0070223,17,True,False,False,False,1,0.0,452424.87370000035,191648.58880000003,POINT (452424.87370000035 191648.58880000003)
544,ap_0070224,18,True,False,False,False,1,0.22718450626741057,452733.2753999997,190509.04279999994,POINT (452733.2753999997 190509.04279999994)
545,ap_0070225,18,True,False,False,False,1,0.0,453141.3711000001,191216.8956000004,POINT (453141.3711000001 191216.8956000004)
546,ap_0070226,18,True,False,False,False,1,0.0,452917.4802000001,190846.40640000068,POINT (452917.4802000001 190846.40640000068)
547,ap_0072966,18,True,False,False,False,1,0.0476758320111087,453143.76389999967,190568.00139999948,POINT (453143.76389999967 190568.00139999948)
548,ap_0074886,17,True,False,False,False,1,0.4539682464418331,451418.5323999999,190147.64269999973,POINT (451418.5323999999 190147.64269999973)
549,ap_0074887,17,True,False,False,False,1,0.09048933814923599,451681.98510000017,190179.1085000001,POINT (451681.98510000017 190179.1085000001)
550,ap_0074900,16,True,False,False,False,1,0.0,450536.5762,190381.96509999968,POINT (450536.5762 190381.96509999968)
551,ap_0074901,16,True,False,False,False,1,0.0,450600.73479999974,190356.02040000074,POINT (450600.73479999974 190356.02040000074)
552,ap_0074902,17,True,False,False,False,1,0.17560998438045156,451131.26020000037,190817.0036999993,POINT (451131.26020000037 190817.0036999993)
553,ap_0074903,17,True,False,False,False,1,0.38677588621667625,451146.25629999954,190796.4042000007,POINT (451146.25629999954 190796.4042000007)
554,ap_0074904,17,True,False,False,False,1,0.05530000012367964,452037.9446999999,190156.8847000003,POINT (452037.9446999999 190156.8847000003)
555,ap_0074905,17,True,False,False,False,1,0.029062088728894202,452062.5247999998,190063.48369999975,POINT (452062.5247999998 190063.48369999975)
556,ap_0074906,17,True,False,False,False,1,0.0,451966.1989000002,190680.63519999944,POINT (451966.1989000002 190680.63519999944)
557,ap_0074907,17,True,False,False,False,1,0.0,451981.9378000004,190562.01740000024,POINT (451981.9378000004 190562.01740000024)
558,ap_0074908,17,True,False,False,False,1,0.3102812969322764,452029.1043999996,190554.65020000003,POINT (452029.1043999996 190554.65020000003)
559,ap_0074909,17,True,False,False,False,1,0.0,452026.84240000043,190505.1110999994,POINT (452026.84240000043 190505.1110999994)
560,ap_0075462,19,True,False,False,False,1,0.21085831005519381,458075.49399999995,190903.9341000002,POINT (458075.49399999995 190903.9341000002)
561,ap_0075463,19,True,False,False,False,1,0.20104456300999166,458071.19099999964,190903.5786000006,POINT (458071.19099999964 190903.5786000006)
562,ap_0075483,22,True,False,False,False,1,0.0,464598.4921000004,191008.40499999933,POINT (464598.4921000004 191008.40499999933)
563,ap_0075484,29,True,False,True,True,2,0.16806158895072007,467137.1451000003,191694.80120000057,POINT (467137.1451000003 191694.80120000057)
564,ap_0075485,29,True,False,True,True,2,0.0,467242.7455000002,191540.46350000054,POINT (467242.7455000002 191540.46350000054)
565,ap_0075486,23,True,False,True,True,2,0.25266736812733814,466883.9935999997,191503.04869999923,POINT (466883.9935999997 191503.04869999923)
566,ap_0292384,708,True,False,False,False,1,0.0,472054.51999999955,210330.65000000037,POINT (472054.51999999955 210330.65000000037)
567,ap_0292445,317,True,False,False,False,1,0.3845172471825115,471182.3099999996,204898.69999999925,POINT (471182.3099999996 204898.69999999925)
568,ap_0292446,317,True,False,False,False,1,0.0,471431.3300000001,204903.26999999955,POINT (471431.3300000001 204903.26999999955)
569,ap_0292447,316,True,False,False,False,1,0.4609387217970202,470790.54000000004,204926.58999999985,POINT (470790.54000000004 204926.58999999985)
570,ap_0292448,316,True,False,False,False,1,0.0,470791.25,204956.97000000067,POINT (470791.25 204956.97000000067)
571,ap_0292449,316,True,False,False,False,1,0.0,470779.38999999966,204968.86999999918,POINT (470779.38999999966 204968.86999999918)
572,ap_0292450,316,True,False,False,False,1,0.0,470775.4199999999,204976.6099999994,POINT (470775.4199999999 204976.6099999994)
573,ap_0292451,316,True,False,False,False,1,0.0,470797.3099999996,204983.51999999955,POINT (470797.3099999996 204983.51999999955)
574,ap_0292452,317,True,False,False,False,1,0.0,471168.26999999955,205009.5,POINT (471168.26999999955 205009.5)
575,ap_0292453,316,True,False,False,False,1,0.0,470902.0,205012.05000000075,POINT (470902 205012.05000000075)
576,ap_0292454,316,True,False,False,False,1,0.0,471012.71999999974,205014.41999999993,POINT (471012.71999999974 205014.41999999993)
577,ap_0292455,317,True,False,False,False,1,0.37643060464084027,471920.63999999966,205027.1099999994,POINT (471920.63999999966 205027.1099999994)
578,ap_0292456,316,True,False,False,False,1,0.31939004419534406,470907.48000000045,205067.5700000003,POINT (470907.48000000045 205067.5700000003)
579,ap_0292457,316,True,False,False,False,1,0.18741484547298823,470909.8799999999,205072.83000000007,POINT (470909.8799999999 205072.83000000007)
580,ap_0292458,316,True,False,False,False,1,0.3604996534476817,470999.3300000001,205096.84999999963,POINT (470999.3300000001 205096.84999999963)
581,ap_0292463,317,True,False,False,False,1,15.616123078358369,473064.8799999999,205323.83000000007,POINT (473064.8799999999 205323.83000000007)
582,ap_0292464,316,True,False,False,False,1,0.0,470955.79000000004,205358.26999999955,POINT (470955.79000000004 205358.26999999955)
583,ap_0292465,316,True,False,False,False,1,0.0,470974.9400000004,205386.8200000003,POINT (470974.9400000004 205386.8200000003)
584,ap_0292466,317,True,False,False,False,1,0.24029077153163217,471971.38999999966,205390.69999999925,POINT (471971.38999999966 205390.69999999925)
585,ap_0292468,317,True,False,False,False,1,0.0,471057.7999999998,205534.06000000052,POINT (471057.7999999998 205534.06000000052)
586,ap_0292469,316,True,False,False,False,1,0.0,470440.54000000004,205580.91999999993,POINT (470440.54000000004 205580.91999999993)
587,ap_0292470,316,True,False,False,False,1,0.0,470338.1799999997,205605.16999999993,POINT (470338.1799999997 205605.16999999993)
588,ap_0292471,317,True,False,False,False,1,0.1357887251112192,471910.95999999996,205633.86999999918,POINT (471910.95999999996 205633.86999999918)
589,ap_0292472,316,True,False,False,False,1,0.0,470918.3300000001,205670.56000000052,POINT (470918.3300000001 205670.56000000052)
590,ap_0292473,316,True,False,False,False,1,0.0,470335.6299999999,205670.80000000075,POINT (470335.6299999999 205670.80000000075)
591,ap_0292474,316,True,False,False,False,1,0.04854823041863941,470907.1500000004,205679.93999999948,POINT (470907.1500000004 205679.93999999948)
592,ap_0292475,317,True,False,False,False,1,0.001999999955296516,471766.6500000004,205686.25999999978,POINT (471766.6500000004 205686.25999999978)
593,ap_0292476,316,True,False,False,False,1,0.17028905008180387,470883.23000000045,205700.02999999933,POINT (470883.23000000045 205700.02999999933)
594,ap_0292477,316,True,False,False,False,1,0.0,470338.9400000004,205744.1099999994,POINT (470338.9400000004 205744.1099999994)
595,ap_0292478,316,True,False,False,False,1,0.30000000074505806,470371.6900000004,205806.30000000075,POINT (470371.6900000004 205806.30000000075)
596,ap_0292479,316,True,False,False,False,1,0.30000000074505806,470370.28000000026,205806.30000000075,POINT (470370.28000000026 205806.30000000075)
597,ap_0292480,316,True,False,False,False,1,0.0,470380.2599999998,205837.49000000022,POINT (470380.2599999998 205837.49000000022)
598,ap_0292481,317,True,False,False,False,1,0.0,471696.1500000004,205907.6400000006,POINT (471696.1500000004 205907.6400000006)
599,ap_0292482,316,True,False,False,False,1,0.0,470330.1900000004,205932.74000000022,POINT (470330.1900000004 205932.74000000022)
600,ap_0292483,316,True,False,False,False,1,0.0,470330.0800000001,205932.77999999933,POINT (470330.0800000001 205932.77999999933)
601,ap_0292484,317,True,False,False,False,1,0.0,471981.2000000002,205948.30000000075,POINT (471981.2000000002 205948.30000000075)
602,ap_0292488,317,True,False,False,False,1,0.1608840568636546,472073.11000000034,206044.11999999918,POINT (472073.11000000034 206044.11999999918)
603,ap_0292489,447,True,False,False,False,1,0.18024982672384085,470098.8200000003,206188.75,POINT (470098.8200000003 206188.75)
604,ap_0292490,447,True,False,False,False,1,0.0,470094.21999999974,206202.75999999978,POINT (470094.21999999974 206202.75999999978)
605,ap_0292491,447,True,False,False,False,1,8.326253659377997,470443.0099999998,206245.91999999993,POINT (470443.0099999998 206245.91999999993)
606,ap_0292492,447,True,False,False,False,1,0.0,470364.8300000001,206267.47000000067,POINT (470364.8300000001 206267.47000000067)
607,ap_0292493,447,True,False,False,False,1,0.18376341044092415,470470.1500000004,206287.7899999991,POINT (470470.1500000004 206287.7899999991)
608,ap_0292494,447,True,False,False,False,1,0.4579362407724282,470388.54000000004,206353.30000000075,POINT (470388.54000000004 206353.30000000075)
609,ap_0292495,447,True,False,False,False,1,0.08488746867236499,470900.9500000002,206532.15000000037,POINT (470900.9500000002 206532.15000000037)
610,ap_0292496,447,True,False,False,False,1,0.0,470943.2400000002,206597.83999999985,POINT (470943.2400000002 206597.83999999985)
611,ap_0292497,447,True,False,False,False,1,0.0,470874.5499999998,206688.83999999985,POINT (470874.5499999998 206688.83999999985)
612,ap_0292498,447,True,False,False,False,1,0.0,470874.75,206688.94999999925,POINT (470874.75 206688.94999999925)
613,ap_0292499,447,True,False,False,False,1,0.27439773632384645,470865.6200000001,206692.09999999963,POINT (470865.6200000001 206692.09999999963)
614,ap_0292500,447,True,False,False,False,1,0.0,470835.04000000004,206753.73000000045,POINT (470835.04000000004 206753.73000000045)
615,ap_0292501,447,True,False,False,False,1,0.0,470841.88999999966,206811.26999999955,POINT (470841.88999999966 206811.26999999955)
616,ap_0292502,447,True,False,False,False,1,0.07602631161817297,470849.6900000004,207013.24000000022,POINT (470849.6900000004 207013.24000000022)
617,ap_0292506,645,True,False,False,False,1,0.0,469806.48000000045,209059.65000000037,POINT (469806.48000000045 209059.65000000037)
618,ap_0292507,57,True,False,False,False,1,0.2692582402183714,468490.75,194696.90000000037,POINT (468490.75 194696.90000000037)
619,ap_0292508,57,True,False,False,False,1,0.0,468498.11000000034,194704.34999999963,POINT (468498.11000000034 194704.34999999963)
620,ap_0292509,57,True,False,False,False,1,0.3468818638818569,468665.6900000004,194670.30000000075,POINT (468665.6900000004 194670.30000000075)
621,ap_0292510,57,True,False,False,False,1,0.02456873711832834,468804.9400000004,195690.88000000082,POINT (468804.9400000004 195690.88000000082)
622,ap_0292512,122,True,False,False,False,1,0.2057983026821162,468845.25,199276.3900000006,POINT (468845.25 199276.3900000006)
623,ap_0292518,63,True,False,False,False,1,0.0,469064.86000000034,194879.61999999918,POINT (469064.86000000034 194879.61999999918)
624,ap_0292519,63,True,False,False,False,1,0.0,469079.2400000002,194777.47000000067,POINT (469079.2400000002 194777.47000000067)
625,ap_0292520,63,True,False,False,False,1,0.0,469082.8499999996,194833.90000000037,POINT (469082.8499999996 194833.90000000037)
626,ap_0292521,63,True,False,False,False,1,0.0,469089.51999999955,194860.25,POINT (469089.51999999955 194860.25)
627,ap_0292522,63,True,False,False,False,1,0.0,469222.8799999999,194875.41999999993,POINT (469222.8799999999 194875.41999999993)
628,ap_0292523,123,True,False,False,False,1,0.4028778264851571,469633.4199999999,199560.58000000007,POINT (469633.4199999999 199560.58000000007)
629,ap_0292524,62,True,False,False,False,1,0.0,469673.71999999974,195872.8599999994,POINT (469673.71999999974 195872.8599999994)
630,ap_0292525,123,True,False,False,False,1,0.026678919061191936,469674.9500000002,199575.31000000052,POINT (469674.9500000002 199575.31000000052)
631,ap_0292526,96,True,False,False,False,1,0.0,469926.1200000001,195939.16000000015,POINT (469926.1200000001 195939.16000000015)
632,ap_0292527,123,True,False,False,False,1,0.1636365581034166,470003.8099999996,198389.99000000022,POINT (470003.8099999996 198389.99000000022)
633,ap_0292528,123,True,False,False,False,1,0.43657759932679574,470053.1500000004,198358.58999999985,POINT (470053.1500000004 198358.58999999985)
634,ap_0292531,97,True,False,False,False,1,0.0,471583.7400000002,197602.06000000052,POINT (471583.7400000002 197602.06000000052)
635,ap_0292538,154,True,False,False,False,1,0.35882179944418696,468593.5499999998,201556.7899999991,POINT (468593.5499999998 201556.7899999991)
636,ap_0292539,154,True,False,False,False,1,0.0,468575.79000000004,201563.94999999925,POINT (468575.79000000004 201563.94999999925)
637,ap_0292542,154,True,False,False,False,1,0.0,468693.8499999996,201804.11999999918,POINT (468693.8499999996 201804.11999999918)
638,ap_0292544,154,True,False,False,False,1,0.0,468654.4900000002,201837.40000000037,POINT (468654.4900000002 201837.40000000037)
639,ap_0292545,154,True,False,False,False,1,0.0,468703.0,201844.66999999993,POINT (468703 201844.66999999993)
640,ap_0292546,154,True,False,False,False,1,0.0,468689.5599999996,201844.84999999963,POINT (468689.5599999996 201844.84999999963)
641,ap_0292547,154,True,False,False,False,1,0.0,468689.5099999998,201844.90000000037,POINT (468689.5099999998 201844.90000000037)
642,ap_0292548,154,True,False,False,False,1,0.0,468625.95999999996,201993.58000000007,POINT (468625.95999999996 201993.58000000007)
643,ap_0292549,154,True,False,False,False,1,0.0,468636.11000000034,202019.47000000067,POINT (468636.11000000034 202019.47000000067)
644,ap_0292550,154,True,False,False,False,1,0.0,468636.1299999999,202019.52999999933,POINT (468636.1299999999 202019.52999999933)
645,ap_0292551,154,True,False,False,False,1,0.0,468637.8799999999,202051.02999999933,POINT (468637.8799999999 202051.02999999933)
646,ap_0292556,317,True,False,False,False,1,1.8655294154669426,471633.3099999996,204656.7899999991,POINT (471633.3099999996 204656.7899999991)
647,ap_0292557,315,True,False,False,False,1,0.32449961425449003,466650.5800000001,204657.8900000006,POINT (466650.5800000001 204657.8900000006)
648,ap_0292558,317,True,False,False,False,1,0.38778142412009486,471644.3799999999,204661.8200000003,POINT (471644.3799999999 204661.8200000003)
649,ap_0292559,317,True,False,False,False,1,0.20298758726989488,471396.23000000045,204752.25999999978,POINT (471396.23000000045 204752.25999999978)
650,ap_0292560,317,True,False,False,False,1,0.0,471399.33999999985,204782.43999999948,POINT (471399.33999999985 204782.43999999948)
651,ap_0292561,317,True,False,False,False,1,0.0,471273.4500000002,204811.81000000052,POINT (471273.4500000002 204811.81000000052)
652,ap_0292562,317,True,False,False,False,1,0.3495999993383884,471269.98000000045,204817.36999999918,POINT (471269.98000000045 204817.36999999918)
653,ap_0292563,317,True,False,False,False,1,0.11371353975089554,471417.3499999996,204819.3200000003,POINT (471417.3499999996 204819.3200000003)
654,ap_0292565,317,True,False,False,False,1,0.0,471415.36000000034,204857.36999999918,POINT (471415.36000000034 204857.36999999918)
655,ap_0292566,317,True,False,False,False,1,0.4113201265367185,471441.3200000003,204859.7100000009,POINT (471441.3200000003 204859.7100000009)
656,ap_0292567,317,True,False,False,False,1,0.2380000002682209,471156.26999999955,204863.5,POINT (471156.26999999955 204863.5)
657,ap_0292568,317,True,False,False,False,1,0.0,471448.7999999998,204877.22000000067,POINT (471448.7999999998 204877.22000000067)
658,ap_0292570,446,True,False,False,False,1,0.06305926313287234,465021.2999999998,207265.8599999994,POINT (465021.2999999998 207265.8599999994)
659,ap_0292571,446,True,False,False,False,1,0.4051231204783776,465022.1200000001,207577.3900000006,POINT (465022.1200000001 207577.3900000006)
660,ap_0292572,446,True,False,False,False,1,0.0,465051.5499999998,207379.51999999955,POINT (465051.5499999998 207379.51999999955)
661,ap_0292573,446,True,False,False,False,1,0.0,465057.4299999997,207354.1400000006,POINT (465057.4299999997 207354.1400000006)
662,ap_0292574,446,True,False,False,False,1,0.37733758734574724,465063.6799999997,207405.19999999925,POINT (465063.6799999997 207405.19999999925)
663,ap_0292575,446,True,False,False,False,1,36.942578415684736,465225.20999999996,207322.5,POINT (465225.20999999996 207322.5)
664,ap_0292576,315,True,False,False,False,1,0.0,465536.16000000015,205103.15000000037,POINT (465536.16000000015 205103.15000000037)
665,ap_0292577,446,True,False,False,False,1,0.0,466308.5599999996,207397.86999999918,POINT (466308.5599999996 207397.86999999918)
666,ap_0292578,446,True,False,False,False,1,0.0,466330.54000000004,207360.0399999991,POINT (466330.54000000004 207360.0399999991)
667,ap_0292579,446,True,False,False,False,1,0.43566041775580067,466686.23000000045,206783.36999999918,POINT (466686.23000000045 206783.36999999918)
668,ap_0292581,645,True,False,False,False,1,0.0,469341.0599999996,208700.75999999978,POINT (469341.0599999996 208700.75999999978)
669,ap_0292582,645,True,False,False,False,1,0.0,469353.03000000026,208699.5,POINT (469353.03000000026 208699.5)
670,ap_0292583,645,True,False,False,False,1,0.10578357605360839,469442.79000000004,208806.94999999925,POINT (469442.79000000004 208806.94999999925)
671,ap_0292584,645,True,False,False,False,1,0.0,469482.2000000002,208834.80000000075,POINT (469482.2000000002 208834.80000000075)
672,ap_0292585,645,True,False,False,False,1,0.0,469490.46999999974,208868.05000000075,POINT (469490.46999999974 208868.05000000075)
673,ap_0292586,645,True,False,False,False,1,0.0,469511.3200000003,208763.05000000075,POINT (469511.3200000003 208763.05000000075)
674,ap_0292587,316,True,False,False,False,1,14.805016042334305,469531.1799999997,206013.68999999948,POINT (469531.1799999997 206013.68999999948)
675,ap_0292588,316,True,False,False,False,1,0.0,469545.28000000026,206019.48000000045,POINT (469545.28000000026 206019.48000000045)
676,ap_0292589,316,True,False,False,False,1,0.08154360540396463,469582.9400000004,206092.81000000052,POINT (469582.9400000004 206092.81000000052)
677,ap_0292590,645,True,False,False,False,1,0.0,469609.13999999966,208721.23000000045,POINT (469609.13999999966 208721.23000000045)
678,ap_0292591,645,True,False,False,False,1,0.0,469618.96999999974,209137.90000000037,POINT (469618.96999999974 209137.90000000037)
679,ap_0292592,447,True,False,False,False,1,0.4341658669347187,469633.88999999966,206180.41999999993,POINT (469633.88999999966 206180.41999999993)
680,ap_0292594,316,True,False,False,False,1,0.0,469651.70999999996,206161.00999999978,POINT (469651.70999999996 206161.00999999978)
681,ap_0292595,447,True,False,False,False,1,0.0,469668.58999999985,206180.30000000075,POINT (469668.58999999985 206180.30000000075)
682,ap_0292596,316,True,False,False,False,1,0.3500158239503704,469670.3700000001,206052.34999999963,POINT (469670.3700000001 206052.34999999963)
683,ap_0292597,316,True,False,False,False,1,0.0,469670.98000000045,206069.84999999963,POINT (469670.98000000045 206069.84999999963)
684,ap_0292598,316,True,False,False,False,1,0.040550269407042566,469674.03000000026,206146.0700000003,POINT (469674.03000000026 206146.0700000003)
685,ap_0292599,645,True,False,False,False,1,0.3936741171290452,469719.54000000004,208539.75999999978,POINT (469719.54000000004 208539.75999999978)
686,ap_0292600,700,True,False,False,False,1,0.0,464207.4900000002,212257.34999999963,POINT (464207.4900000002 212257.34999999963)
687,ap_0292602,748,True,False,False,False,1,45.350533623834096,465511.3499999996,213796.77999999933,POINT (465511.3499999996 213796.77999999933)
688,ap_0292603,748,True,False,False,False,1,0.0020400612838188865,465591.8499999996,213835.4600000009,POINT (465591.8499999996 213835.4600000009)
689,ap_0292604,748,True,False,False,False,1,0.48246788277299296,465594.66000000015,213833.5399999991,POINT (465594.66000000015 213833.5399999991)
690,ap_0292605,748,True,False,False,False,1,0.0,465621.5999999996,213823.0,POINT (465621.5999999996 213823)
691,ap_0292606,748,True,False,False,False,1,0.0,465697.78000000026,213914.49000000022,POINT (465697.78000000026 213914.49000000022)
692,ap_0292607,748,True,False,False,False,1,0.516236380189316,465740.48000000045,213882.81000000052,POINT (465740.48000000045 213882.81000000052)
693,ap_0292608,748,True,False,False,False,1,0.0,465760.7999999998,214011.58999999985,POINT (465760.7999999998 214011.58999999985)
694,ap_0292609,844,True,False,False,False,1,0.04039605128523714,465893.1299999999,217711.0,POINT (465893.1299999999 217711)
695,ap_0292610,841,True,False,False,False,1,0.40057837610094416,465964.5700000003,217686.0,POINT (465964.5700000003 217686)
696,ap_0292611,842,True,False,False,False,1,0.0,465966.4500000002,217203.3200000003,POINT (465966.4500000002 217203.3200000003)
697,ap_0292612,842,True,False,False,False,1,0.34507365869123074,465998.5700000003,217248.1400000006,POINT (465998.5700000003 217248.1400000006)
698,ap_0292613,839,True,False,False,False,1,0.018996247758454075,466300.88999999966,217700.36999999918,POINT (466300.88999999966 217700.36999999918)
699,ap_0292614,839,True,False,False,False,1,0.0,466300.9900000002,217697.65000000037,POINT (466300.9900000002 217697.65000000037)
700,ap_0292615,839,True,False,False,False,1,0.0,466370.51999999955,217653.0700000003,POINT (466370.51999999955 217653.0700000003)
701,ap_0292621,707,True,False,False,False,1,0.47010637129039795,468689.41000000015,211561.76999999955,POINT (468689.41000000015 211561.76999999955)
702,ap_0292622,797,True,False,False,False,1,0.45254834038085884,468814.51999999955,215971.16000000015,POINT (468814.51999999955 215971.16000000015)
703,ap_0292624,749,True,False,False,False,1,0.3747665948718072,470405.8499999996,214212.38000000082,POINT (470405.8499999996 214212.38000000082)
704,ap_0292625,749,True,False,False,False,1,0.0,470447.4400000004,214227.97000000067,POINT (470447.4400000004 214227.97000000067)
705,ap_0292626,749,True,False,False,False,1,0.13843873048938132,470475.29000000004,214213.58000000007,POINT (470475.29000000004 214213.58000000007)
706,ap_0292627,749,True,False,False,False,1,0.2243915027744318,470499.6699999999,214184.18999999948,POINT (470499.6699999999 214184.18999999948)
707,ap_0292628,749,True,False,False,False,1,0.15561801821549792,470531.79000000004,214223.3200000003,POINT (470531.79000000004 214223.3200000003)
708,ap_0292631,93,True,False,False,False,1,0.06737016679828596,463710.4299999997,196679.3200000003,POINT (463710.4299999997 196679.3200000003)
709,ap_0292632,93,True,False,False,False,1,0.0,463758.03000000026,196575.19999999925,POINT (463758.03000000026 196575.19999999925)
710,ap_0292633,93,True,False,False,False,1,0.3510128200902037,463768.3300000001,196746.88000000082,POINT (463768.3300000001 196746.88000000082)
711,ap_0292637,93,True,False,False,False,1,0.27577164508422203,464338.75,196654.1400000006,POINT (464338.75 196654.1400000006)
712,ap_0292638,93,True,False,False,False,1,0.35355339059327373,464357.1500000004,196662.34999999963,POINT (464357.1500000004 196662.34999999963)
713,ap_0292639,56,True,False,False,False,1,0.0,465303.1500000004,195028.58999999985,POINT (465303.1500000004 195028.58999999985)
714,ap_0292640,56,True,False,False,False,1,0.18053200096294958,465329.45999999996,194966.26999999955,POINT (465329.45999999996 194966.26999999955)
715,ap_0292641,56,True,False,False,False,1,0.0,465348.5,194990.47000000067,POINT (465348.5 194990.47000000067)
716,ap_0292642,56,True,False,False,False,1,0.298057925411088,465386.7599999998,194429.81000000052,POINT (465386.7599999998 194429.81000000052)
717,ap_0292643,56,True,False,False,False,1,0.0,465407.91000000015,194439.41999999993,POINT (465407.91000000015 194439.41999999993)
718,ap_0292644,56,True,False,False,False,1,19.16938850199988,465472.21999999974,194509.77999999933,POINT (465472.21999999974 194509.77999999933)
719,ap_0292645,56,True,False,False,False,1,0.0,465478.6900000004,194474.63000000082,POINT (465478.6900000004 194474.63000000082)
720,ap_0292646,94,True,False,False,False,1,0.015486575967502771,466203.0700000003,197084.91000000015,POINT (466203.0700000003 197084.91000000015)
721,ap_0292647,56,True,False,False,False,1,0.0826405860547208,466667.1799999997,195220.1099999994,POINT (466667.1799999997 195220.1099999994)
722,ap_0292649,45,True,False,False,False,1,0.3399999998509884,467038.66000000015,193125.5399999991,POINT (467038.66000000015 193125.5399999991)
723,ap_0292650,45,True,False,False,False,1,0.12000000011175871,467038.8799999999,193125.41000000015,POINT (467038.8799999999 193125.41000000015)
724,ap_0292651,45,True,False,False,False,1,0.0,467042.6500000004,193144.8200000003,POINT (467042.6500000004 193144.8200000003)
725,ap_0292652,45,True,False,False,False,1,0.2599999997764826,467065.2599999998,193162.06000000052,POINT (467065.2599999998 193162.06000000052)
726,ap_0292653,45,True,False,False,False,1,5.1895664555075,467073.04000000004,193098.90000000037,POINT (467073.04000000004 193098.90000000037)
727,ap_0292654,45,True,False,False,False,1,0.33988233248000804,467427.5099999998,193661.22000000067,POINT (467427.5099999998 193661.22000000067)
728,ap_0292655,122,True,False,False,False,1,0.1275810448631682,467789.9199999999,199237.90000000037,POINT (467789.9199999999 199237.90000000037)
729,ap_0292656,122,True,False,False,False,1,0.0,467855.73000000045,199291.58000000007,POINT (467855.73000000045 199291.58000000007)
730,ap_0292657,57,True,False,False,False,1,0.0,468093.1500000004,194612.0399999991,POINT (468093.1500000004 194612.0399999991)
731,ap_0292658,57,True,False,False,False,1,0.189494582357923,468118.8300000001,194589.5,POINT (468118.8300000001 194589.5)
732,ap_0292659,57,True,False,False,False,1,0.4810405386122915,468232.3499999996,194713.66999999993,POINT (468232.3499999996 194713.66999999993)
733,ap_0292660,57,True,False,False,False,1,0.0,468273.7999999998,194501.31000000052,POINT (468273.7999999998 194501.31000000052)
734,ap_0292661,57,True,False,False,False,1,0.4377722731902251,468467.9400000004,194720.5399999991,POINT (468467.9400000004 194720.5399999991)
735,ap_0292662,151,True,False,False,False,1,0.0,462022.0499999998,201302.1799999997,POINT (462022.0499999998 201302.1799999997)
736,ap_0292663,210,True,False,False,False,1,0.21466252603989985,462768.5999999996,202407.3200000003,POINT (462768.5999999996 202407.3200000003)
737,ap_0292664,210,True,False,False,False,1,0.5499999996274709,462780.6699999999,202380.56000000052,POINT (462780.6699999999 202380.56000000052)
738,ap_0292665,210,True,False,False,False,1,0.0,462801.48000000045,202488.66000000015,POINT (462801.48000000045 202488.66000000015)
739,ap_0292666,445,True,False,False,False,1,0.0,462885.9299999997,206430.3200000003,POINT (462885.9299999997 206430.3200000003)
740,ap_0292667,445,True,False,False,False,1,0.08134892158097995,462922.9500000002,206394.84999999963,POINT (462922.9500000002 206394.84999999963)
741,ap_0292668,445,True,False,False,False,1,0.0,462925.4500000002,206385.88000000082,POINT (462925.4500000002 206385.88000000082)
742,ap_0292669,211,True,False,False,False,1,27.236974868799216,462938.0800000001,203130.91999999993,POINT (462938.0800000001 203130.91999999993)
743,ap_0292670,445,True,False,False,False,1,0.03970676553072077,462946.9199999999,206314.08999999985,POINT (462946.9199999999 206314.08999999985)
744,ap_0292672,445,True,False,False,False,1,0.0,462952.61000000034,206271.59999999963,POINT (462952.61000000034 206271.59999999963)
745,ap_0292673,211,True,False,False,False,1,0.4237452067099513,462995.5499999998,202883.00999999978,POINT (462995.5499999998 202883.00999999978)
746,ap_0292674,211,True,False,False,False,1,0.07602631078517272,463002.38999999966,202793.72000000067,POINT (463002.38999999966 202793.72000000067)
747,ap_0292675,211,True,False,False,False,1,0.0,463036.53000000026,202975.16000000015,POINT (463036.53000000026 202975.16000000015)
748,ap_0292676,211,True,False,False,False,1,0.0,463215.6500000004,202912.48000000045,POINT (463215.6500000004 202912.48000000045)
749,ap_0292679,314,True,False,False,False,1,0.12521980602360802,463562.5599999996,205563.6400000006,POINT (463562.5599999996 205563.6400000006)
750,ap_0292681,152,True,False,False,False,1,0.0,463936.11000000034,201914.56000000052,POINT (463936.11000000034 201914.56000000052)
751,ap_0292682,152,True,False,False,False,1,0.21999999973922968,463987.21999999974,201906.94999999925,POINT (463987.21999999974 201906.94999999925)
752,ap_0292683,445,True,False,False,False,1,0.0,464267.78000000026,208057.68999999948,POINT (464267.78000000026 208057.68999999948)
753,ap_0292684,152,True,False,False,False,1,0.3178049713073388,464399.6900000004,201688.0700000003,POINT (464399.6900000004 201688.0700000003)
754,ap_0292685,152,True,False,False,False,1,0.0,464488.6699999999,201671.50999999978,POINT (464488.6699999999 201671.50999999978)
755,ap_0292686,152,True,False,False,False,1,0.42914375783912534,464532.6200000001,201838.19999999925,POINT (464532.6200000001 201838.19999999925)
756,ap_0292687,445,True,False,False,False,1,0.09436740827536468,464613.6500000004,207350.01999999955,POINT (464613.6500000004 207350.01999999955)
757,ap_0292688,314,True,False,False,False,1,0.27577164442567753,464846.53000000026,205059.91999999993,POINT (464846.53000000026 205059.91999999993)
758,ap_0292689,314,True,False,False,False,1,0.0,464850.04000000004,205057.66000000015,POINT (464850.04000000004 205057.66000000015)
759,ap_0292691,446,True,False,False,False,1,0.3889601517530554,464996.5700000003,207578.93999999948,POINT (464996.5700000003 207578.93999999948)
760,ap_0292692,446,True,False,False,False,1,0.2636873808893473,465003.5599999996,207585.4600000009,POINT (465003.5599999996 207585.4600000009)
761,ap_0292693,151,True,False,False,False,1,0.0,461822.96999999974,200734.13000000082,POINT (461822.96999999974 200734.13000000082)
762,ap_0292694,43,True,False,False,False,1,0.0,461983.45999999996,193639.33000000007,POINT (461983.45999999996 193639.33000000007)
763,ap_0292695,43,True,False,False,False,1,0.2792595654660002,462001.21999999974,193623.75,POINT (462001.21999999974 193623.75)
764,ap_0292696,43,True,False,False,False,1,0.2656313237015323,462001.36000000034,193624.24000000022,POINT (462001.36000000034 193624.24000000022)
765,ap_0292697,43,True,False,False,False,1,0.0,462005.0099999998,193636.33999999985,POINT (462005.0099999998 193636.33999999985)
766,ap_0292698,151,True,False,False,False,1,0.0843338320074578,462023.86000000034,201269.68999999948,POINT (462023.86000000034 201269.68999999948)
767,ap_0292700,55,True,False,False,False,1,0.3219937890598498,462330.6200000001,194296.0399999991,POINT (462330.6200000001 194296.0399999991)
768,ap_0292701,55,True,False,False,False,1,0.0,462352.4000000004,194268.7100000009,POINT (462352.4000000004 194268.7100000009)
769,ap_0292709,93,True,False,False,False,1,0.0,463440.8200000003,196537.97000000067,POINT (463440.8200000003 196537.97000000067)
770,ap_0292710,93,True,False,False,False,1,0.02978607201057814,463471.83999999985,196742.90000000037,POINT (463471.83999999985 196742.90000000037)
771,ap_0292711,93,True,False,False,False,1,0.0,463477.2599999998,196747.61999999918,POINT (463477.2599999998 196747.61999999918)
772,ap_0292712,93,True,False,False,False,1,0.0,463591.16000000015,196665.48000000045,POINT (463591.16000000015 196665.48000000045)
773,ap_0292713,93,True,False,False,False,1,0.0,463593.08999999985,196670.98000000045,POINT (463593.08999999985 196670.98000000045)
774,ap_0292714,93,True,False,False,False,1,0.0,463602.4500000002,196706.66000000015,POINT (463602.4500000002 196706.66000000015)
775,ap_0292715,93,True,False,False,False,1,0.0,463606.2599999998,196697.63000000082,POINT (463606.2599999998 196697.63000000082)
776,ap_0292716,93,True,False,False,False,1,0.0,463614.76999999955,196733.0399999991,POINT (463614.76999999955 196733.0399999991)
777,ap_0292717,93,True,False,False,False,1,0.0,463625.98000000045,196798.6400000006,POINT (463625.98000000045 196798.6400000006)
778,ap_0292718,93,True,False,False,False,1,0.0,463642.4299999997,196798.75999999978,POINT (463642.4299999997 196798.75999999978)
779,ap_0292719,93,True,False,False,False,1,0.11600000001490116,463647.78000000026,196806.90000000037,POINT (463647.78000000026 196806.90000000037)
780,ap_0292720,93,True,False,False,False,1,0.49368317497108094,463670.6799999997,196568.41000000015,POINT (463670.6799999997 196568.41000000015)
781,ap_0292721,93,True,False,False,False,1,0.0,463686.26999999955,196767.65000000037,POINT (463686.26999999955 196767.65000000037)
782,ap_0292722,93,True,False,False,False,1,0.0,463693.25,196600.58000000007,POINT (463693.25 196600.58000000007)
783,ap_0292723,93,True,False,False,False,1,0.0,463694.51999999955,196781.8900000006,POINT (463694.51999999955 196781.8900000006)
784,ap_0292724,833,True,False,False,False,1,0.0,461011.53000000026,217089.22000000067,POINT (461011.53000000026 217089.22000000067)
785,ap_0292725,833,True,False,False,False,1,0.0,461018.7999999998,217102.1799999997,POINT (461018.7999999998 217102.1799999997)
786,ap_0292726,833,True,False,False,False,1,0.0,461018.8200000003,217102.23000000045,POINT (461018.8200000003 217102.23000000045)
787,ap_0292727,833,True,False,False,False,1,0.0,461025.4900000002,217096.0399999991,POINT (461025.4900000002 217096.0399999991)
788,ap_0292728,833,True,False,False,False,1,0.0,461033.0800000001,217124.9600000009,POINT (461033.0800000001 217124.9600000009)
789,ap_0292729,833,True,False,False,False,1,0.19219981254400229,461070.0800000001,217176.1799999997,POINT (461070.0800000001 217176.1799999997)
790,ap_0292730,884,True,False,False,False,1,0.0,461086.5999999996,219561.66999999993,POINT (461086.5999999996 219561.66999999993)
791,ap_0292731,832,True,False,False,False,1,0.30587194616272706,461104.1200000001,217413.30000000075,POINT (461104.1200000001 217413.30000000075)
792,ap_0292732,884,True,False,False,False,1,0.14142135636901842,461114.03000000026,219546.16999999993,POINT (461114.03000000026 219546.16999999993)
793,ap_0292733,831,True,False,False,False,1,0.0,461158.0099999998,216594.81000000052,POINT (461158.0099999998 216594.81000000052)
794,ap_0292734,831,True,False,False,False,1,0.0,461453.5999999996,216532.66000000015,POINT (461453.5999999996 216532.66000000015)
795,ap_0292738,883,True,False,False,False,1,0.0,461986.61000000034,219390.38000000082,POINT (461986.61000000034 219390.38000000082)
796,ap_0292739,883,True,False,False,False,1,0.34648232228091447,461998.20999999996,219412.27999999933,POINT (461998.20999999996 219412.27999999933)
797,ap_0292743,745,True,False,False,False,1,0.06203180793546698,462512.25,214163.49000000022,POINT (462512.25 214163.49000000022)
798,ap_0292746,702,True,False,False,False,1,0.0,463642.3799999999,211846.27999999933,POINT (463642.3799999999 211846.27999999933)
799,ap_0292747,702,True,False,False,False,1,0.0,463706.5999999996,211860.5399999991,POINT (463706.5999999996 211860.5399999991)
800,ap_0292748,702,True,False,False,False,1,0.3635931799127595,463771.8099999996,212122.68999999948,POINT (463771.8099999996 212122.68999999948)
801,ap_0292749,702,True,False,False,False,1,0.24020824320330475,463779.9900000002,212134.24000000022,POINT (463779.9900000002 212134.24000000022)
802,ap_0292750,702,True,False,False,False,1,0.0,463798.9000000004,212114.34999999963,POINT (463798.9000000004 212114.34999999963)
803,ap_0292751,838,True,False,False,False,1,0.0,464029.83999999985,216984.0399999991,POINT (464029.83999999985 216984.0399999991)
804,ap_0292752,838,True,False,False,False,1,0.20094482672943667,464031.1799999997,216971.27999999933,POINT (464031.1799999997 216971.27999999933)
805,ap_0292753,838,True,False,False,False,1,0.36671514844324554,464040.5800000001,216971.01999999955,POINT (464040.5800000001 216971.01999999955)
806,ap_0292754,700,True,False,False,False,1,0.0,464163.4000000004,212288.6799999997,POINT (464163.4000000004 212288.6799999997)
807,ap_0292755,828,True,False,False,False,1,0.0,457757.8099999996,217778.34999999963,POINT (457757.8099999996 217778.34999999963)
808,ap_0292756,899,True,False,False,False,1,0.0,458176.0599999996,220921.16999999993,POINT (458176.0599999996 220921.16999999993)
809,ap_0292757,899,True,False,False,False,1,0.0,458530.7999999998,220771.5,POINT (458530.7999999998 220771.5)
810,ap_0292758,899,True,False,False,False,1,0.41593268705875086,458532.9299999997,220626.41000000015,POINT (458532.9299999997 220626.41000000015)
811,ap_0292759,899,True,False,False,False,1,0.0,458537.5700000003,220619.99000000022,POINT (458537.5700000003 220619.99000000022)
812,ap_0292760,899,True,False,False,False,1,0.0,458539.5700000003,220757.1099999994,POINT (458539.5700000003 220757.1099999994)
813,ap_0292761,899,True,False,False,False,1,0.09429903305865815,458626.7999999998,220730.86999999918,POINT (458626.7999999998 220730.86999999918)
814,ap_0292762,899,True,False,False,False,1,0.07278624808302568,458642.11000000034,220726.1099999994,POINT (458642.11000000034 220726.1099999994)
815,ap_0292763,900,True,False,False,False,1,0.0,459097.8799999999,221391.6799999997,POINT (459097.8799999999 221391.6799999997)
816,ap_0292764,900,True,False,False,False,1,0.0,459114.0599999996,221379.41999999993,POINT (459114.0599999996 221379.41999999993)
817,ap_0292765,900,True,False,False,False,1,0.0,459124.4500000002,221128.47000000067,POINT (459124.4500000002 221128.47000000067)
818,ap_0292766,900,True,False,False,False,1,0.45961940869321816,459139.1900000004,221130.4600000009,POINT (459139.1900000004 221130.4600000009)
819,ap_0292767,900,True,False,False,False,1,0.19996118462894935,459181.91000000015,221402.56000000052,POINT (459181.91000000015 221402.56000000052)
820,ap_0292768,881,True,False,False,False,1,0.30841634245366,460141.53000000026,219080.52999999933,POINT (460141.53000000026 219080.52999999933)
821,ap_0292769,880,True,False,False,False,1,0.0,460153.54000000004,219437.99000000022,POINT (460153.54000000004 219437.99000000022)
822,ap_0292770,880,True,False,False,False,1,0.0,460168.8300000001,219472.9299999997,POINT (460168.8300000001 219472.9299999997)
823,ap_0292771,880,True,False,False,False,1,0.653999999538064,460184.4900000002,219425.55000000075,POINT (460184.4900000002 219425.55000000075)
824,ap_0292772,879,True,False,False,False,1,0.30316953219893183,460334.41000000015,219403.7899999991,POINT (460334.41000000015 219403.7899999991)
825,ap_0292773,878,True,False,False,False,1,0.0016609092505820565,460453.2000000002,219468.1799999997,POINT (460453.2000000002 219468.1799999997)
826,ap_0292774,876,True,False,False,False,1,0.0,460504.0700000003,219868.8900000006,POINT (460504.0700000003 219868.8900000006)
827,ap_0292775,876,True,False,False,False,1,0.23666804811637776,460512.63999999966,219857.93999999948,POINT (460512.63999999966 219857.93999999948)
828,ap_0292777,875,True,False,False,False,1,0.0,460613.29000000004,219467.94999999925,POINT (460613.29000000004 219467.94999999925)
829,ap_0292778,875,True,False,False,False,1,0.0,460629.98000000045,219463.76999999955,POINT (460629.98000000045 219463.76999999955)
830,ap_0292780,885,True,False,False,False,1,0.0,460889.3499999996,219457.05000000075,POINT (460889.3499999996 219457.05000000075)
831,ap_0292781,885,True,False,False,False,1,0.0,460898.71999999974,219453.90000000037,POINT (460898.71999999974 219453.90000000037)
832,ap_0292782,835,True,False,False,False,1,0.1386750490563073,460926.5099999998,216904.16000000015,POINT (460926.5099999998 216904.16000000015)
833,ap_0292783,835,True,False,False,False,1,0.0,460947.76999999955,216945.8900000006,POINT (460947.76999999955 216945.8900000006)
834,ap_0292784,833,True,False,False,False,1,0.0,460995.6299999999,217086.47000000067,POINT (460995.6299999999 217086.47000000067)
835,ap_0292785,833,True,False,False,False,1,0.0,461011.5,217089.16000000015,POINT (461011.5 217089.16000000015)
836,ap_0292786,304,True,False,False,False,1,0.1950564809694243,457072.4400000004,204914.8200000003,POINT (457072.4400000004 204914.8200000003)
837,ap_0292787,302,True,False,True,True,2,0.0,457087.48000000045,205880.9600000009,POINT (457087.48000000045 205880.9600000009)
838,ap_0292788,304,True,False,False,False,1,0.0,457132.04000000004,204856.3900000006,POINT (457132.04000000004 204856.3900000006)
839,ap_0292789,304,True,False,False,False,1,0.12521980644010813,457160.2599999998,204872.24000000022,POINT (457160.2599999998 204872.24000000022)
840,ap_0292795,312,True,False,False,False,1,0.43939039361700005,459476.79000000004,205850.6099999994,POINT (459476.79000000004 205850.6099999994)
841,ap_0292796,312,True,False,False,False,1,0.0,459514.0499999998,205864.56000000052,POINT (459514.0499999998 205864.56000000052)
842,ap_0292797,312,True,False,False,False,1,0.0,459516.3300000001,205872.6400000006,POINT (459516.3300000001 205872.6400000006)
843,ap_0292800,311,True,False,False,False,1,0.14035668812583293,459623.13999999966,205529.00999999978,POINT (459623.13999999966 205529.00999999978)
844,ap_0292802,310,True,False,False,False,1,0.08079540186582522,459692.03000000026,205768.91000000015,POINT (459692.03000000026 205768.91000000015)
845,ap_0292805,209,True,False,False,False,1,0.0392040891707892,459830.8200000003,202916.90000000037,POINT (459830.8200000003 202916.90000000037)
846,ap_0292808,209,True,False,False,False,1,0.0,460007.20999999996,203026.81000000052,POINT (460007.20999999996 203026.81000000052)
847,ap_0292809,309,True,False,False,False,1,0.4742362279813348,460265.6799999997,205417.65000000037,POINT (460265.6799999997 205417.65000000037)
848,ap_0292813,309,True,False,False,False,1,0.48466483183965325,460326.1799999997,205487.44999999925,POINT (460326.1799999997 205487.44999999925)
849,ap_0292814,309,True,False,False,False,1,0.08939907729130149,460350.78000000026,205382.19999999925,POINT (460350.78000000026 205382.19999999925)
850,ap_0292815,309,True,False,False,False,1,0.4435032372022461,460356.53000000026,205475.0399999991,POINT (460356.53000000026 205475.0399999991)
851,ap_0292816,441,True,False,False,False,1,0.398112581608399,460506.1699999999,206424.3599999994,POINT (460506.1699999999 206424.3599999994)
852,ap_0292817,90,True,False,False,False,1,0.0,457335.08999999985,196217.47000000067,POINT (457335.08999999985 196217.47000000067)
853,ap_0292819,90,True,False,False,False,1,0.0,457679.0499999998,196257.41000000015,POINT (457679.0499999998 196257.41000000015)
854,ap_0292821,90,True,False,False,False,1,4.552295145025361,457330.53000000026,196267.94999999925,POINT (457330.53000000026 196267.94999999925)
855,ap_0292822,90,True,False,False,False,1,0.0,457335.25,196268.5,POINT (457335.25 196268.5)
856,ap_0292825,90,True,False,False,False,1,45.51579945435699,457326.48000000045,196320.75999999978,POINT (457326.48000000045 196320.75999999978)
857,ap_0292826,90,True,False,False,False,1,0.35999999940395355,456996.61000000034,196350.6400000006,POINT (456996.61000000034 196350.6400000006)
858,ap_0292827,90,True,False,False,False,1,0.1600000001490116,456996.4000000004,196350.83999999985,POINT (456996.4000000004 196350.83999999985)
859,ap_0292828,90,True,False,False,False,1,0.13000000081956387,456996.3700000001,196350.86999999918,POINT (456996.3700000001 196350.86999999918)
860,ap_0292829,90,True,False,False,False,1,0.0,457033.5700000003,196367.80000000075,POINT (457033.5700000003 196367.80000000075)
861,ap_0292830,90,True,False,False,False,1,0.0,457007.41000000015,196377.75,POINT (457007.41000000015 196377.75)
862,ap_0292832,91,True,False,False,False,1,0.6356757899005121,459751.5499999998,196456.44999999925,POINT (459751.5499999998 196456.44999999925)
863,ap_0292833,91,True,False,False,False,1,0.0,459758.3099999996,196458.0,POINT (459758.3099999996 196458)
864,ap_0292834,91,True,False,False,False,1,0.0,459668.6500000004,196464.3900000006,POINT (459668.6500000004 196464.3900000006)
865,ap_0292835,92,True,False,False,False,1,0.07765802780215916,460939.9299999997,196482.8599999994,POINT (460939.9299999997 196482.8599999994)
866,ap_0292836,92,True,False,False,False,1,0.0,460926.53000000026,196515.0,POINT (460926.53000000026 196515)
867,ap_0292838,90,True,False,False,False,1,0.0,457264.51999999955,196583.97000000067,POINT (457264.51999999955 196583.97000000067)
868,ap_0292843,121,True,False,False,False,1,0.10252051408557737,460189.25,198012.6400000006,POINT (460189.25 198012.6400000006)
869,ap_0292844,121,True,False,False,False,1,0.0,460592.0599999996,198603.43999999948,POINT (460592.0599999996 198603.43999999948)
870,ap_0292845,121,True,False,False,False,1,0.0,460527.1299999999,198616.41999999993,POINT (460527.1299999999 198616.41999999993)
871,ap_0292846,121,True,False,False,False,1,0.22266624054645678,460455.7000000002,198674.08999999985,POINT (460455.7000000002 198674.08999999985)
872,ap_0292847,121,True,False,False,False,1,0.0,460437.01999999955,198680.74000000022,POINT (460437.01999999955 198680.74000000022)
873,ap_0292848,40,True,False,False,False,1,0.0,456622.9500000002,193415.16000000015,POINT (456622.9500000002 193415.16000000015)
874,ap_0292849,42,True,False,False,False,1,0.34684328383595886,460220.3499999996,193465.5399999991,POINT (460220.3499999996 193465.5399999991)
875,ap_0292850,42,True,False,False,False,1,0.26451299350911883,460212.2599999998,193468.61999999918,POINT (460212.2599999998 193468.61999999918)
876,ap_0292851,42,True,False,False,False,1,0.0,460208.5,193515.61999999918,POINT (460208.5 193515.61999999918)
877,ap_0292852,42,True,False,False,False,1,0.0,459937.58999999985,193524.8200000003,POINT (459937.58999999985 193524.8200000003)
878,ap_0292853,42,True,False,False,False,1,0.39298368951874313,460231.9500000002,193536.3900000006,POINT (460231.9500000002 193536.3900000006)
879,ap_0292854,42,True,False,False,False,1,0.0,460020.75,193552.1799999997,POINT (460020.75 193552.1799999997)
880,ap_0292855,42,True,False,False,False,1,0.29557063451490345,460206.33999999985,193582.7100000009,POINT (460206.33999999985 193582.7100000009)
881,ap_0292856,42,True,False,False,False,1,0.3269556551246324,459952.8700000001,193609.69999999925,POINT (459952.8700000001 193609.69999999925)
882,ap_0292857,42,True,False,False,False,1,0.0,460002.4199999999,193620.25,POINT (460002.4199999999 193620.25)
883,ap_0292858,42,True,False,False,False,1,0.0,459859.2599999998,193639.7100000009,POINT (459859.2599999998 193639.7100000009)
884,ap_0292859,42,True,False,False,False,1,0.09847190205001606,459901.4900000002,193665.88000000082,POINT (459901.4900000002 193665.88000000082)
885,ap_0292860,42,True,False,False,False,1,0.0,460190.38999999966,193685.51999999955,POINT (460190.38999999966 193685.51999999955)
886,ap_0292861,42,True,False,False,False,1,18.047099489857647,460212.6699999999,193688.66999999993,POINT (460212.6699999999 193688.66999999993)
887,ap_0292862,53,True,False,False,False,1,0.4388425607151512,457883.5800000001,193926.1799999997,POINT (457883.5800000001 193926.1799999997)
888,ap_0292867,53,True,False,False,False,1,0.0,457893.7599999998,194135.2899999991,POINT (457893.7599999998 194135.2899999991)
889,ap_0292868,53,True,False,False,False,1,0.0,457896.5700000003,194191.91999999993,POINT (457896.5700000003 194191.91999999993)
890,ap_0292869,53,True,False,False,False,1,0.0,457840.5999999996,194649.25,POINT (457840.5999999996 194649.25)
891,ap_0292870,53,True,False,False,False,1,0.30999999959021807,457820.6900000004,194716.38000000082,POINT (457820.6900000004 194716.38000000082)
892,ap_0292871,53,True,False,False,False,1,0.0,457871.41000000015,194756.83999999985,POINT (457871.41000000015 194756.83999999985)
893,ap_0292872,53,True,False,False,False,1,0.32877546505239724,457873.3700000001,194868.72000000067,POINT (457873.3700000001 194868.72000000067)
894,ap_0292873,53,True,False,False,False,1,0.32292055964482097,457873.36000000034,194868.75,POINT (457873.36000000034 194868.75)
895,ap_0292878,90,True,False,False,False,1,0.0,457335.23000000045,196216.49000000022,POINT (457335.23000000045 196216.49000000022)
896,ap_0292879,121,True,False,False,False,1,0.0,460393.7000000002,198696.66000000015,POINT (460393.7000000002 198696.66000000015)
897,ap_0292880,121,True,False,False,False,1,0.0,460390.33999999985,198704.23000000045,POINT (460390.33999999985 198704.23000000045)
898,ap_0292881,121,True,False,False,False,1,0.050767308067557984,460648.9000000004,198725.09999999963,POINT (460648.9000000004 198725.09999999963)
899,ap_0292882,121,True,False,False,False,1,0.48414873800425196,460421.7000000002,198731.61999999918,POINT (460421.7000000002 198731.61999999918)
900,ap_0292883,121,True,False,False,False,1,0.0,460646.7000000002,198735.40000000037,POINT (460646.7000000002 198735.40000000037)
901,ap_0292884,121,True,False,False,False,1,0.260192236393211,460377.9900000002,198751.74000000022,POINT (460377.9900000002 198751.74000000022)
902,ap_0292885,121,True,False,False,False,1,0.0,460422.86000000034,198787.0399999991,POINT (460422.86000000034 198787.0399999991)
903,ap_0292888,120,True,False,False,False,1,0.3764306039480955,456127.7599999998,199127.2899999991,POINT (456127.7599999998 199127.2899999991)
904,ap_0292889,121,True,False,False,False,1,0.0,459202.2999999998,199221.19999999925,POINT (459202.2999999998 199221.19999999925)
905,ap_0292890,120,True,False,False,False,1,0.0,456450.6900000004,199422.2899999991,POINT (456450.6900000004 199422.2899999991)
906,ap_0292891,120,True,False,False,False,1,0.0,456591.4400000004,199478.16000000015,POINT (456591.4400000004 199478.16000000015)
907,ap_0292892,120,True,False,False,False,1,0.0,456249.5999999996,199508.58999999985,POINT (456249.5999999996 199508.58999999985)
908,ap_0292893,120,True,False,False,False,1,0.0,456372.4900000002,199560.15000000037,POINT (456372.4900000002 199560.15000000037)
909,ap_0292894,120,True,False,False,False,1,0.0,456531.26999999955,199573.13000000082,POINT (456531.26999999955 199573.13000000082)
910,ap_0292896,148,True,False,False,False,1,0.014884168742148717,456750.6200000001,200238.80000000075,POINT (456750.6200000001 200238.80000000075)
911,ap_0292897,150,True,False,False,False,1,0.6318570324892256,460215.5499999998,201242.50999999978,POINT (460215.5499999998 201242.50999999978)
912,ap_0292898,149,True,False,False,False,1,0.3560000009834766,458068.98000000045,201991.5399999991,POINT (458068.98000000045 201991.5399999991)
913,ap_0292899,149,True,False,False,False,1,0.0,458040.7999999998,202018.59999999963,POINT (458040.7999999998 202018.59999999963)
914,ap_0292900,208,True,False,False,False,1,0.24020824320330475,458153.2400000002,202077.99000000022,POINT (458153.2400000002 202077.99000000022)
915,ap_0292901,207,True,False,False,False,1,0.1029962098465237,455928.0099999998,202223.6799999997,POINT (455928.0099999998 202223.6799999997)
916,ap_0292902,207,True,False,False,False,1,0.0,455952.75,202226.15000000037,POINT (455952.75 202226.15000000037)
917,ap_0292903,207,True,False,False,False,1,6.27942744078649,455962.7599999998,202410.3200000003,POINT (455962.7599999998 202410.3200000003)
918,ap_0292904,207,True,False,False,False,1,0.21999999973922968,456002.21999999974,202437.30000000075,POINT (456002.21999999974 202437.30000000075)
919,ap_0292906,208,True,False,False,False,1,9.68687286314701,458373.45999999996,202455.38000000082,POINT (458373.45999999996 202455.38000000082)
920,ap_0292907,208,True,False,False,False,1,0.23763237623960132,458372.21999999974,202464.80000000075,POINT (458372.21999999974 202464.80000000075)
921,ap_0292908,207,True,False,False,False,1,0.0,455962.9000000004,202490.5,POINT (455962.9000000004 202490.5)
922,ap_0292909,207,True,False,False,False,1,0.0,456115.95999999996,202505.47000000067,POINT (456115.95999999996 202505.47000000067)
923,ap_0292911,283,True,False,False,False,1,0.0,455951.1900000004,204353.11999999918,POINT (455951.1900000004 204353.11999999918)
924,ap_0292912,277,True,False,True,True,2,0.0,456071.7000000002,205685.19999999925,POINT (456071.7000000002 205685.19999999925)
925,ap_0292914,207,True,False,False,False,1,0.0,456089.8499999996,202807.7100000009,POINT (456089.8499999996 202807.7100000009)
926,ap_0292915,277,True,False,True,True,2,0.0,456114.70999999996,205640.74000000022,POINT (456114.70999999996 205640.74000000022)
927,ap_0292916,281,True,False,False,False,1,0.0041772789018821085,456129.1299999999,205653.13000000082,POINT (456129.1299999999 205653.13000000082)
928,ap_0292920,410,True,False,False,False,1,0.5480730509795365,456153.76999999955,206838.5,POINT (456153.76999999955 206838.5)
929,ap_0292923,410,True,False,False,False,1,0.0,456193.79000000004,206844.7100000009,POINT (456193.79000000004 206844.7100000009)
930,ap_0292927,280,True,False,False,False,1,0.028801089415509896,456368.6500000004,205377.38000000082,POINT (456368.6500000004 205377.38000000082)
931,ap_0292928,405,True,False,True,True,2,0.0,456383.70999999996,206195.41000000015,POINT (456383.70999999996 206195.41000000015)
932,ap_0292929,277,True,False,True,True,2,0.0,456387.88999999966,205353.09999999963,POINT (456387.88999999966 205353.09999999963)
933,ap_0292930,405,True,False,True,True,2,0.0,456493.79000000004,206182.56000000052,POINT (456493.79000000004 206182.56000000052)
934,ap_0292931,281,True,False,False,False,1,0.0,456531.9199999999,205586.19999999925,POINT (456531.9199999999 205586.19999999925)
935,ap_0292932,278,True,False,True,True,2,0.0,456671.98000000045,205554.08000000007,POINT (456671.98000000045 205554.08000000007)
936,ap_0292933,302,True,False,True,True,2,0.0,456913.54000000004,205995.24000000022,POINT (456913.54000000004 205995.24000000022)
937,ap_0292934,305,True,False,False,False,1,0.11535230324651498,456918.61000000034,204741.44999999925,POINT (456918.61000000034 204741.44999999925)
938,ap_0292935,305,True,False,False,False,1,0.0,456924.1299999999,204739.8900000006,POINT (456924.1299999999 204739.8900000006)
939,ap_0292936,306,True,False,False,False,1,0.0,456925.5599999996,204550.31000000052,POINT (456925.5599999996 204550.31000000052)
940,ap_0292937,305,True,False,False,False,1,0.20748549679437425,456925.88999999966,204707.75999999978,POINT (456925.88999999966 204707.75999999978)
941,ap_0292938,305,True,False,False,False,1,0.0,456928.01999999955,204708.9600000009,POINT (456928.01999999955 204708.9600000009)
942,ap_0292939,305,True,False,False,False,1,0.0,456949.5099999998,204700.23000000045,POINT (456949.5099999998 204700.23000000045)
943,ap_0292940,305,True,False,False,False,1,0.0,457066.7400000002,204603.34999999963,POINT (457066.7400000002 204603.34999999963)
944,ap_0292941,418,True,False,False,False,1,0.0,455641.73000000045,207588.08000000007,POINT (455641.73000000045 207588.08000000007)
945,ap_0292942,416,True,False,False,False,1,0.0,455650.38999999966,208039.77999999933,POINT (455650.38999999966 208039.77999999933)
946,ap_0292943,417,True,False,False,False,1,0.0,455685.6799999997,207234.00999999978,POINT (455685.6799999997 207234.00999999978)
947,ap_0292944,417,True,False,False,False,1,0.2941925471655548,455724.2999999998,207135.06000000052,POINT (455724.2999999998 207135.06000000052)
948,ap_0292945,416,True,False,False,False,1,0.49073210637000336,455856.4500000002,208008.3200000003,POINT (455856.4500000002 208008.3200000003)
949,ap_0292946,415,True,False,False,False,1,0.3068843434195516,455878.63999999966,207326.65000000037,POINT (455878.63999999966 207326.65000000037)
950,ap_0292949,415,True,False,False,False,1,0.6700000006705522,455888.5099999998,207363.47000000067,POINT (455888.5099999998 207363.47000000067)
951,ap_0292951,415,True,False,False,False,1,0.6379052258656555,455929.4299999997,207336.51999999955,POINT (455929.4299999997 207336.51999999955)
952,ap_0292953,413,True,False,False,False,1,0.0,456062.9000000004,207551.66999999993,POINT (456062.9000000004 207551.66999999993)
953,ap_0292954,412,True,False,False,False,1,0.0,456151.25,207984.55000000075,POINT (456151.25 207984.55000000075)
954,ap_0292955,412,True,False,False,False,1,0.0,456153.6900000004,207963.98000000045,POINT (456153.6900000004 207963.98000000045)
955,ap_0292956,411,True,False,False,False,1,0.20591260237830475,456157.0999999996,207249.1799999997,POINT (456157.0999999996 207249.1799999997)
956,ap_0292958,409,True,False,False,False,1,0.0,456596.4199999999,207609.18999999948,POINT (456596.4199999999 207609.18999999948)
957,ap_0292959,685,True,False,False,False,1,0.0,456940.2599999998,210910.0,POINT (456940.2599999998 210910)
958,ap_0292961,622,True,False,False,False,1,0.23368297760109413,457764.0999999996,209389.22000000067,POINT (457764.0999999996 209389.22000000067)
959,ap_0292962,622,True,False,False,False,1,0.0,457770.8499999996,209355.7100000009,POINT (457770.8499999996 209355.7100000009)
960,ap_0292963,621,True,False,False,False,1,0.34999999962747097,457803.6500000004,209320.15000000037,POINT (457803.6500000004 209320.15000000037)
961,ap_0292965,621,True,False,False,False,1,0.24000000022351742,457834.58999999985,209323.24000000022,POINT (457834.58999999985 209323.24000000022)
962,ap_0292966,439,True,False,False,False,1,0.0,458247.9900000002,207497.31000000052,POINT (458247.9900000002 207497.31000000052)
963,ap_0292968,438,True,False,False,False,1,2.6866653283686497,458320.5700000003,208069.3900000006,POINT (458320.5700000003 208069.3900000006)
964,ap_0292969,438,True,False,False,False,1,0.0,458326.0700000003,208088.68999999948,POINT (458326.0700000003 208088.68999999948)
965,ap_0292970,437,True,False,False,False,1,0.13743291088086398,458331.1799999997,207660.3200000003,POINT (458331.1799999997 207660.3200000003)
966,ap_0292971,438,True,False,False,False,1,0.007071067653814793,458338.8200000003,208091.18999999948,POINT (458338.8200000003 208091.18999999948)
967,ap_0292972,207,True,False,False,False,1,0.0,455003.88999999966,202246.25999999978,POINT (455003.88999999966 202246.25999999978)
968,ap_0292973,207,True,False,False,False,1,0.0,455013.45999999996,202469.1799999997,POINT (455013.45999999996 202469.1799999997)
969,ap_0292974,120,True,False,False,False,1,0.4829906840062749,455014.48000000045,199117.69999999925,POINT (455014.48000000045 199117.69999999925)
970,ap_0292975,207,True,False,False,False,1,0.0,455084.0499999998,202258.24000000022,POINT (455084.0499999998 202258.24000000022)
971,ap_0292976,207,True,False,False,False,1,0.0,455114.7599999998,202264.30000000075,POINT (455114.7599999998 202264.30000000075)
972,ap_0292977,207,True,False,False,False,1,0.0,455114.8099999996,202264.31000000052,POINT (455114.8099999996 202264.31000000052)
973,ap_0292978,207,True,False,False,False,1,0.0,455127.51999999955,202267.9299999997,POINT (455127.51999999955 202267.9299999997)
974,ap_0292979,207,True,False,False,False,1,0.0,455127.53000000026,202267.94999999925,POINT (455127.53000000026 202267.94999999925)
975,ap_0292980,207,True,False,False,False,1,0.1272792204028443,455132.4900000002,202278.31000000052,POINT (455132.4900000002 202278.31000000052)
976,ap_0292981,207,True,False,False,False,1,0.05656854254760737,455132.5800000001,202278.5,POINT (455132.5800000001 202278.5)
977,ap_0292982,207,True,False,False,False,1,0.0,455136.70999999996,202281.24000000022,POINT (455136.70999999996 202281.24000000022)
978,ap_0292983,207,True,False,False,False,1,0.0,455145.41000000015,202276.88000000082,POINT (455145.41000000015 202276.88000000082)
979,ap_0292984,207,True,False,False,False,1,0.0,455145.45999999996,202276.83000000007,POINT (455145.45999999996 202276.83000000007)
980,ap_0292985,207,True,False,False,False,1,0.0,455159.0700000003,202380.48000000045,POINT (455159.0700000003 202380.48000000045)
981,ap_0292986,207,True,False,False,False,1,0.4426995399733563,455173.4400000004,202483.1400000006,POINT (455173.4400000004 202483.1400000006)
982,ap_0292987,207,True,False,False,False,1,0.030113137709847845,455270.48000000045,202299.11999999918,POINT (455270.48000000045 202299.11999999918)
983,ap_0292988,207,True,False,False,False,1,0.0,455271.8099999996,202393.41000000015,POINT (455271.8099999996 202393.41000000015)
984,ap_0292989,207,True,False,False,False,1,0.0,455303.1500000004,202070.22000000067,POINT (455303.1500000004 202070.22000000067)
985,ap_0292990,207,True,False,False,False,1,0.18507558779609237,455311.5999999996,202086.6400000006,POINT (455311.5999999996 202086.6400000006)
986,ap_0292991,207,True,False,False,False,1,0.29923589908619525,455459.83999999985,202434.27999999933,POINT (455459.83999999985 202434.27999999933)
987,ap_0292992,207,True,False,False,False,1,0.0,455568.3200000003,202065.5700000003,POINT (455568.3200000003 202065.5700000003)
988,ap_0292993,148,True,False,False,False,1,0.47010637129039795,455579.76999999955,202029.58999999985,POINT (455579.76999999955 202029.58999999985)
989,ap_0292994,207,True,False,False,False,1,0.0,455655.26999999955,202327.75,POINT (455655.26999999955 202327.75)
990,ap_0292995,207,True,False,False,False,1,0.041347759708827474,455668.4000000004,202451.08000000007,POINT (455668.4000000004 202451.08000000007)
991,ap_0292996,207,True,False,False,False,1,0.0,455687.28000000026,202400.5700000003,POINT (455687.28000000026 202400.5700000003)
992,ap_0292997,207,True,False,False,False,1,0.0,455753.1799999997,202347.25,POINT (455753.1799999997 202347.25)
993,ap_0292998,207,True,False,False,False,1,0.19922349226075664,455804.8499999996,202351.74000000022,POINT (455804.8499999996 202351.74000000022)
994,ap_0292999,207,True,False,False,False,1,0.0,455817.6900000004,202466.77999999933,POINT (455817.6900000004 202466.77999999933)
995,ap_0293000,207,True,False,False,False,1,0.0,455916.13999999966,202415.40000000037,POINT (455916.13999999966 202415.40000000037)
996,ap_0293001,207,True,False,False,False,1,0.14560219836895746,455919.95999999996,202380.8599999994,POINT (455919.95999999996 202380.8599999994)
997,ap_0293002,207,True,False,False,False,1,0.0,455924.45999999996,202241.00999999978,POINT (455924.45999999996 202241.00999999978)
998,ap_0293004,280,True,False,False,False,1,0.12715049856322722,455657.88999999966,205489.41000000015,POINT (455657.88999999966 205489.41000000015)
999,ap_0293005,284,True,False,False,False,1,0.16883160112381254,455621.70999999996,205500.23000000045,POINT (455621.70999999996 205500.23000000045)
1000,ap_0293006,284,True,False,False,False,1,0.0,455558.28000000026,205550.1400000006,POINT (455558.28000000026 205550.1400000006)
1001,ap_0293007,284,True,False,False,False,1,0.0,455559.1500000004,205604.68999999948,POINT (455559.1500000004 205604.68999999948)
1002,ap_0293008,280,True,False,False,False,1,0.01999999955296516,455660.98000000045,205707.30000000075,POINT (455660.98000000045 205707.30000000075)
1003,ap_0293009,294,True,False,False,False,1,0.0,454850.6299999999,205783.19999999925,POINT (454850.6299999999 205783.19999999925)
1004,ap_0293010,294,True,False,False,False,1,0.0,454860.6900000004,205820.06000000052,POINT (454860.6900000004 205820.06000000052)
1005,ap_0293011,294,True,False,False,False,1,0.0,454860.73000000045,205820.06000000052,POINT (454860.73000000045 205820.06000000052)
1006,ap_0293012,286,True,False,False,False,1,0.0,455277.1500000004,205944.05000000075,POINT (455277.1500000004 205944.05000000075)
1007,ap_0293013,286,True,False,False,False,1,0.0,455318.45999999996,205992.2899999991,POINT (455318.45999999996 205992.2899999991)
1008,ap_0293014,286,True,False,False,False,1,0.4138604690629853,455328.4500000002,206011.16999999993,POINT (455328.4500000002 206011.16999999993)
1009,ap_0293015,286,True,False,False,False,1,0.0,455287.28000000026,206021.22000000067,POINT (455287.28000000026 206021.22000000067)
1010,ap_0293016,286,True,False,False,False,1,0.0,455285.4299999997,206023.38000000082,POINT (455285.4299999997 206023.38000000082)
1011,ap_0293017,281,True,False,False,False,1,0.0,455813.45999999996,206131.30000000075,POINT (455813.45999999996 206131.30000000075)
1012,ap_0293018,295,True,False,False,False,1,0.0,454931.13999999966,206140.6099999994,POINT (454931.13999999966 206140.6099999994)
1013,ap_0293019,292,True,False,False,False,1,0.3067143992667228,455042.9900000002,206140.66999999993,POINT (455042.9900000002 206140.66999999993)
1014,ap_0293020,289,True,False,False,False,1,0.0,455188.03000000026,206142.05000000075,POINT (455188.03000000026 206142.05000000075)
1015,ap_0293021,428,True,False,False,False,1,0.0,455039.8099999996,206204.73000000045,POINT (455039.8099999996 206204.73000000045)
1016,ap_0293023,419,True,False,False,False,1,0.0,455435.33999999985,206831.3900000006,POINT (455435.33999999985 206831.3900000006)
1017,ap_0293024,420,True,False,False,False,1,0.14849242468137772,455309.7599999998,206841.97000000067,POINT (455309.7599999998 206841.97000000067)
1018,ap_0293025,419,True,False,False,False,1,0.4383034565889628,455480.45999999996,206868.93999999948,POINT (455480.45999999996 206868.93999999948)
1019,ap_0293026,422,True,False,False,False,1,0.0,455237.7000000002,206887.2100000009,POINT (455237.7000000002 206887.2100000009)
1020,ap_0293027,422,True,False,False,False,1,0.0,455240.29000000004,206903.6400000006,POINT (455240.29000000004 206903.6400000006)
1021,ap_0293028,422,True,False,False,False,1,0.14945970129413194,455283.1699999999,206903.9299999997,POINT (455283.1699999999 206903.9299999997)
1022,ap_0293029,422,True,False,False,False,1,0.0,455273.45999999996,206910.75,POINT (455273.45999999996 206910.75)
1023,ap_0293030,420,True,False,False,False,1,0.11180339845848937,455381.9500000002,206930.09999999963,POINT (455381.9500000002 206930.09999999963)
1024,ap_0293031,421,True,False,False,False,1,0.17560233015165053,455324.95999999996,206949.25,POINT (455324.95999999996 206949.25)
1025,ap_0293032,422,True,False,False,False,1,0.0,455268.9000000004,206957.01999999955,POINT (455268.9000000004 206957.01999999955)
1026,ap_0293033,422,True,False,False,False,1,1.8739112973646777,455226.78000000026,206975.0399999991,POINT (455226.78000000026 206975.0399999991)
1027,ap_0293036,207,True,False,False,False,1,0.017815079280527737,455163.8799999999,202609.16000000015,POINT (455163.8799999999 202609.16000000015)
1028,ap_0293038,207,True,False,False,False,1,0.22561028336440445,455179.21999999974,202619.05000000075,POINT (455179.21999999974 202619.05000000075)
1029,ap_0293040,207,True,False,False,False,1,0.0,455170.8499999996,202634.69999999925,POINT (455170.8499999996 202634.69999999925)
1030,ap_0293043,207,True,False,False,False,1,0.17017657454193413,455152.4000000004,202663.69999999925,POINT (455152.4000000004 202663.69999999925)
1031,ap_0293044,207,True,False,False,False,1,0.0,455125.16000000015,202671.98000000045,POINT (455125.16000000015 202671.98000000045)
1032,ap_0293045,207,True,False,False,False,1,0.32526911931947006,455130.8799999999,202677.33999999985,POINT (455130.8799999999 202677.33999999985)
1033,ap_0293046,207,True,False,False,False,1,0.04260005983036758,455138.1500000004,202683.8599999994,POINT (455138.1500000004 202683.8599999994)
1034,ap_0293048,207,True,False,False,False,1,0.0,455294.2000000002,202762.30000000075,POINT (455294.2000000002 202762.30000000075)
1035,ap_0293049,207,True,False,False,False,1,0.23430749052522637,455263.96999999974,202774.66999999993,POINT (455263.96999999974 202774.66999999993)
1036,ap_0293050,207,True,False,False,False,1,0.13689655251801014,455307.23000000045,202775.02999999933,POINT (455307.23000000045 202775.02999999933)
1037,ap_0293051,207,True,False,False,False,1,3.4680974601822814,455762.9400000004,202802.2100000009,POINT (455762.9400000004 202802.2100000009)
1038,ap_0293052,207,True,False,False,False,1,0.155563491676648,455344.88999999966,202811.66999999993,POINT (455344.88999999966 202811.66999999993)
1039,ap_0293053,207,True,False,False,False,1,0.11691580667681863,455755.8099999996,202817.09999999963,POINT (455755.8099999996 202817.09999999963)
1040,ap_0293055,207,True,False,False,False,1,2.3158636032953437,455791.45999999996,202874.26999999955,POINT (455791.45999999996 202874.26999999955)
1041,ap_0293056,207,True,False,False,False,1,0.0,455496.8300000001,202911.3599999994,POINT (455496.8300000001 202911.3599999994)
1042,ap_0293057,207,True,False,False,False,1,1.8727645495836984,455492.6200000001,202914.66000000015,POINT (455492.6200000001 202914.66000000015)
1043,ap_0293058,207,True,False,False,False,1,0.0,455880.8499999996,202934.66000000015,POINT (455880.8499999996 202934.66000000015)
1044,ap_0293059,207,True,False,False,False,1,3.5240459706180634,455574.6699999999,202973.30000000075,POINT (455574.6699999999 202973.30000000075)
1045,ap_0293061,207,True,False,False,False,1,0.2388122273509199,455098.26999999955,202992.9299999997,POINT (455098.26999999955 202992.9299999997)
1046,ap_0293067,207,True,False,False,False,1,0.0,455064.16000000015,203020.05000000075,POINT (455064.16000000015 203020.05000000075)
1047,ap_0293068,207,True,False,False,False,1,0.0,455073.4299999997,203034.25,POINT (455073.4299999997 203034.25)
1048,ap_0293069,207,True,False,False,False,1,0.4609772230666766,455143.3499999996,203036.69999999925,POINT (455143.3499999996 203036.69999999925)
1049,ap_0293070,207,True,False,False,False,1,0.0,455078.26999999955,203062.02999999933,POINT (455078.26999999955 203062.02999999933)
1050,ap_0293071,207,True,False,False,False,1,0.0,455078.2599999998,203062.05000000075,POINT (455078.2599999998 203062.05000000075)
1051,ap_0293072,207,True,False,False,False,1,0.4636365376841084,454807.5999999996,203078.75,POINT (454807.5999999996 203078.75)
1052,ap_0293073,207,True,False,False,False,1,0.0,455061.7999999998,203083.40000000037,POINT (455061.7999999998 203083.40000000037)
1053,ap_0293074,207,True,False,False,False,1,0.0,455063.0099999998,203087.65000000037,POINT (455063.0099999998 203087.65000000037)
1054,ap_0293079,285,True,False,False,False,1,0.014142135307629587,455345.0099999998,204448.97000000067,POINT (455345.0099999998 204448.97000000067)
1055,ap_0293080,283,True,False,False,False,1,0.3188877731388878,455822.6799999997,204473.02999999933,POINT (455822.6799999997 204473.02999999933)
1056,ap_0293081,283,True,False,False,False,1,0.3655283509539471,455822.6500000004,204473.16000000015,POINT (455822.6500000004 204473.16000000015)
1057,ap_0293082,285,True,False,False,False,1,0.23973811209269744,455397.5700000003,204492.90000000037,POINT (455397.5700000003 204492.90000000037)
1058,ap_0293083,283,True,False,False,False,1,17.10709358656394,455872.16000000015,204497.80000000075,POINT (455872.16000000015 204497.80000000075)
1059,ap_0293084,293,True,False,False,False,1,0.32621135195575623,454991.3700000001,204590.99000000022,POINT (454991.3700000001 204590.99000000022)
1060,ap_0293085,293,True,False,False,False,1,0.0,454854.3799999999,204684.59999999963,POINT (454854.3799999999 204684.59999999963)
1061,ap_0293086,293,True,False,False,False,1,0.0,454965.95999999996,204719.0399999991,POINT (454965.95999999996 204719.0399999991)
1062,ap_0293087,293,True,False,False,False,1,0.025384615318706404,455037.4500000002,204747.83999999985,POINT (455037.4500000002 204747.83999999985)
1063,ap_0293088,287,True,False,False,False,1,0.0,455225.96999999974,204792.08000000007,POINT (455225.96999999974 204792.08000000007)
1064,ap_0293089,287,True,False,False,False,1,0.2632981931855347,455205.73000000045,204806.05000000075,POINT (455205.73000000045 204806.05000000075)
1065,ap_0293090,288,True,False,False,False,1,0.0861715464293374,455253.9400000004,204903.1400000006,POINT (455253.9400000004 204903.1400000006)
1066,ap_0293091,280,True,False,False,False,1,0.0,455665.3799999999,204948.7100000009,POINT (455665.3799999999 204948.7100000009)
1067,ap_0293092,280,True,False,False,False,1,38.84667906453477,455649.0599999996,204991.55000000075,POINT (455649.0599999996 204991.55000000075)
1068,ap_0293093,280,True,False,False,False,1,0.10867901379898612,455614.8499999996,205072.7100000009,POINT (455614.8499999996 205072.7100000009)
1069,ap_0293094,291,True,False,False,False,1,0.0,455060.41000000015,205254.72000000067,POINT (455060.41000000015 205254.72000000067)
1070,ap_0293095,290,True,False,False,False,1,37.67964171844796,455198.75,205262.23000000045,POINT (455198.75 205262.23000000045)
1071,ap_0293096,404,True,False,False,False,1,0.20000000018626451,454077.2000000002,207862.49000000022,POINT (454077.2000000002 207862.49000000022)
1072,ap_0293097,404,True,False,False,False,1,0.37582649200687795,454083.7000000002,208204.69999999925,POINT (454083.7000000002 208204.69999999925)
1073,ap_0293098,404,True,False,False,False,1,0.38131171474180336,454094.25,208216.66000000015,POINT (454094.25 208216.66000000015)
1074,ap_0293099,609,True,False,False,False,1,0.0,454124.0599999996,208484.59999999963,POINT (454124.0599999996 208484.59999999963)
1075,ap_0293101,404,True,False,False,False,1,0.0,454448.0700000003,207607.09999999963,POINT (454448.0700000003 207607.09999999963)
1076,ap_0293102,404,True,False,False,False,1,0.0,454467.58999999985,207606.26999999955,POINT (454467.58999999985 207606.26999999955)
1077,ap_0293103,404,True,False,False,False,1,0.0,454496.66000000015,207611.83000000007,POINT (454496.66000000015 207611.83000000007)
1078,ap_0293104,404,True,False,False,False,1,0.0,454596.3099999996,207376.58000000007,POINT (454596.3099999996 207376.58000000007)
1079,ap_0293105,404,True,False,False,False,1,0.13590154865377854,454605.41000000015,207366.8900000006,POINT (454605.41000000015 207366.8900000006)
1080,ap_0293106,404,True,False,False,False,1,0.09391485503833118,454655.38999999966,207180.08999999985,POINT (454655.38999999966 207180.08999999985)
1081,ap_0293107,404,True,False,False,False,1,0.04472135938339574,454659.4000000004,207182.15000000037,POINT (454659.4000000004 207182.15000000037)
1082,ap_0293108,404,True,False,False,False,1,0.07742092770825522,454725.9299999997,207447.3200000003,POINT (454725.9299999997 207447.3200000003)
1083,ap_0293110,431,True,False,False,False,1,0.0,454812.3499999996,208194.3900000006,POINT (454812.3499999996 208194.3900000006)
1084,ap_0293111,430,True,False,False,False,1,0.17083971128199457,454824.2999999998,207517.7100000009,POINT (454824.2999999998 207517.7100000009)
1085,ap_0293114,619,True,False,False,False,1,0.01897669600758296,454836.91000000015,208262.61999999918,POINT (454836.91000000015 208262.61999999918)
1086,ap_0293115,430,True,False,False,False,1,0.0,454878.41000000015,207281.40000000037,POINT (454878.41000000015 207281.40000000037)
1087,ap_0293117,424,True,False,False,False,1,0.0,455101.3200000003,207444.18999999948,POINT (455101.3200000003 207444.18999999948)
1088,ap_0293118,424,True,False,False,False,1,0.0,455106.1900000004,207503.5399999991,POINT (455106.1900000004 207503.5399999991)
1089,ap_0293119,424,True,False,False,False,1,0.0,455106.2400000002,207503.55000000075,POINT (455106.2400000002 207503.55000000075)
1090,ap_0293120,423,True,False,False,False,1,0.3565273685142845,455255.2999999998,207878.73000000045,POINT (455255.2999999998 207878.73000000045)
1091,ap_0293121,416,True,False,False,False,1,0.08177841709824477,455302.66000000015,208162.5399999991,POINT (455302.66000000015 208162.5399999991)
1092,ap_0293122,416,True,False,False,False,1,0.22522661308603797,455584.76999999955,208014.00999999978,POINT (455584.76999999955 208014.00999999978)
1093,ap_0293123,418,True,False,False,False,1,0.024691010621182112,455600.1200000001,207538.34999999963,POINT (455600.1200000001 207538.34999999963)
1094,ap_0293124,418,True,False,False,False,1,0.0,455621.9299999997,207542.11999999918,POINT (455621.9299999997 207542.11999999918)
1095,ap_0293125,416,True,False,False,False,1,0.0,455623.88999999966,208035.61999999918,POINT (455623.88999999966 208035.61999999918)
1096,ap_0293126,418,True,False,False,False,1,0.46690470209076396,455626.0800000001,207600.4600000009,POINT (455626.0800000001 207600.4600000009)
1097,ap_0293127,195,True,False,False,False,1,0.04264901691175495,453729.79000000004,203814.97000000067,POINT (453729.79000000004 203814.97000000067)
1098,ap_0293128,194,True,False,False,False,1,0.0937435125098424,453839.95999999996,202861.08999999985,POINT (453839.95999999996 202861.08999999985)
1099,ap_0293129,194,True,False,False,False,1,0.07000000029802322,453864.7599999998,202878.0700000003,POINT (453864.7599999998 202878.0700000003)
1100,ap_0293130,193,True,False,False,False,1,0.0,453910.0999999996,203809.97000000067,POINT (453910.0999999996 203809.97000000067)
1101,ap_0293131,193,True,False,False,False,1,0.0,454001.8499999996,203838.66000000015,POINT (454001.8499999996 203838.66000000015)
1102,ap_0293132,193,True,False,False,False,1,0.5503635164194989,454010.23000000045,203805.5,POINT (454010.23000000045 203805.5)
1103,ap_0293133,191,True,False,False,False,1,0.3186774896716104,454047.3700000001,202574.0399999991,POINT (454047.3700000001 202574.0399999991)
1104,ap_0293134,191,True,False,False,False,1,0.0,454060.45999999996,202515.55000000075,POINT (454060.45999999996 202515.55000000075)
1105,ap_0293135,192,True,False,False,False,1,0.30999999959021807,454069.3099999996,203952.4600000009,POINT (454069.3099999996 203952.4600000009)
1106,ap_0293136,191,True,False,False,False,1,0.17896056945672972,454081.70999999996,202527.6099999994,POINT (454081.70999999996 202527.6099999994)
1107,ap_0293137,189,True,False,False,False,1,0.0,454216.8499999996,203650.2100000009,POINT (454216.8499999996 203650.2100000009)
1108,ap_0293138,263,True,False,False,False,1,0.0,454239.5800000001,204146.2899999991,POINT (454239.5800000001 204146.2899999991)
1109,ap_0293139,189,True,False,False,False,1,0.3517101077191982,454261.08999999985,203735.33999999985,POINT (454261.08999999985 203735.33999999985)
1110,ap_0293140,189,True,False,False,False,1,0.3730739651412461,454265.63999999966,203599.44999999925,POINT (454265.63999999966 203599.44999999925)
1111,ap_0293145,188,True,False,False,False,1,0.11200147331673209,454469.9299999997,203636.13000000082,POINT (454469.9299999997 203636.13000000082)
1112,ap_0293146,187,True,False,False,False,1,0.4942383631883868,454492.3200000003,203080.58000000007,POINT (454492.3200000003 203080.58000000007)
1113,ap_0293147,184,True,False,False,False,1,0.0,454546.5,203207.18999999948,POINT (454546.5 203207.18999999948)
1114,ap_0293148,185,True,False,False,False,1,0.2009975116365757,454584.01999999955,203598.19999999925,POINT (454584.01999999955 203598.19999999925)
1115,ap_0293150,184,True,False,False,False,1,0.479671120447958,454635.4900000002,203409.26999999955,POINT (454635.4900000002 203409.26999999955)
1116,ap_0293151,183,True,False,False,False,1,0.0,454695.4199999999,202629.1799999997,POINT (454695.4199999999 202629.1799999997)
1117,ap_0293153,183,True,False,False,False,1,0.0,454708.71999999974,202640.50999999978,POINT (454708.71999999974 202640.50999999978)
1118,ap_0293155,181,True,False,False,False,1,0.0,454733.3099999996,203179.52999999933,POINT (454733.3099999996 203179.52999999933)
1119,ap_0293156,207,True,False,False,False,1,0.0,454738.3099999996,203443.6099999994,POINT (454738.3099999996 203443.6099999994)
1120,ap_0293158,268,True,False,False,False,1,0.17570727701068645,453554.5700000003,204942.94999999925,POINT (453554.5700000003 204942.94999999925)
1121,ap_0293159,265,True,False,False,False,1,0.21685197472628945,453584.1900000004,204328.76999999955,POINT (453584.1900000004 204328.76999999955)
1122,ap_0293160,265,True,False,False,False,1,0.0,453598.79000000004,204328.23000000045,POINT (453598.79000000004 204328.23000000045)
1123,ap_0293161,265,True,False,False,False,1,0.17228934686885938,453613.23000000045,204327.83999999985,POINT (453613.23000000045 204327.83999999985)
1124,ap_0293163,267,True,False,False,False,1,0.023488808419639788,453668.8099999996,205282.86999999918,POINT (453668.8099999996 205282.86999999918)
1125,ap_0293164,265,True,False,False,False,1,0.0,453678.45999999996,204477.40000000037,POINT (453678.45999999996 204477.40000000037)
1126,ap_0293165,265,True,False,False,False,1,0.0,453692.8200000003,204461.16999999993,POINT (453692.8200000003 204461.16999999993)
1127,ap_0293166,265,True,False,False,False,1,0.0,453695.1200000001,204436.83000000007,POINT (453695.1200000001 204436.83000000007)
1128,ap_0293167,265,True,False,False,False,1,0.003162277883996023,453698.9500000002,204602.16000000015,POINT (453698.9500000002 204602.16000000015)
1129,ap_0293168,265,True,False,False,False,1,0.38711153634840484,453742.36000000034,204478.15000000037,POINT (453742.36000000034 204478.15000000037)
1130,ap_0293170,265,True,False,False,False,1,0.25938388542329566,453752.0999999996,204458.38000000082,POINT (453752.0999999996 204458.38000000082)
1131,ap_0293172,265,True,False,False,False,1,12.034904318795563,453799.25,204410.58000000007,POINT (453799.25 204410.58000000007)
1132,ap_0293173,265,True,False,False,False,1,0.0,453805.01999999955,204380.80000000075,POINT (453805.01999999955 204380.80000000075)
1133,ap_0293174,265,True,False,False,False,1,0.0,453818.7000000002,204361.25,POINT (453818.7000000002 204361.25)
1134,ap_0293175,264,True,False,False,False,1,0.4085339643491372,453916.6200000001,204913.84999999963,POINT (453916.6200000001 204913.84999999963)
1135,ap_0293176,264,True,False,False,False,1,0.45650848862127885,453921.78000000026,204904.59999999963,POINT (453921.78000000026 204904.59999999963)
1136,ap_0293177,262,True,False,False,False,1,37.534762648505534,453953.21999999974,204679.3200000003,POINT (453953.21999999974 204679.3200000003)
1137,ap_0293178,262,True,False,False,False,1,0.15727458254482563,453969.0499999998,204907.69999999925,POINT (453969.0499999998 204907.69999999925)
1138,ap_0293179,262,True,False,False,False,1,0.3763787657384679,453977.5499999998,204707.9600000009,POINT (453977.5499999998 204707.9600000009)
1139,ap_0293180,262,True,False,False,False,1,0.0,454016.13999999966,204706.2100000009,POINT (454016.13999999966 204706.2100000009)
1140,ap_0293181,262,True,False,False,False,1,0.0,454016.1799999997,204706.22000000067,POINT (454016.1799999997 204706.22000000067)
1141,ap_0293182,262,True,False,False,False,1,0.0,454130.5099999998,204924.6400000006,POINT (454130.5099999998 204924.6400000006)
1142,ap_0293183,262,True,False,False,False,1,0.0,454155.29000000004,204948.22000000067,POINT (454155.29000000004 204948.22000000067)
1143,ap_0293184,262,True,False,False,False,1,0.0,454162.36000000034,204971.83000000007,POINT (454162.36000000034 204971.83000000007)
1144,ap_0293185,262,True,False,False,False,1,9.304593277591303,454241.2000000002,204972.09999999963,POINT (454241.2000000002 204972.09999999963)
1145,ap_0293186,262,True,False,False,False,1,0.0,454304.26999999955,204844.24000000022,POINT (454304.26999999955 204844.24000000022)
1146,ap_0293188,260,True,False,False,False,1,0.025298220421377672,454699.28000000026,204734.88000000082,POINT (454699.28000000026 204734.88000000082)
1147,ap_0293192,266,True,False,False,False,1,0.047793794276606516,452858.79000000004,206023.09999999963,POINT (452858.79000000004 206023.09999999963)
1148,ap_0293193,261,True,False,False,False,1,0.0,454677.26999999955,206078.50999999978,POINT (454677.26999999955 206078.50999999978)
1149,ap_0293194,259,True,False,False,False,1,0.019999999552965164,454713.98000000045,206155.36999999918,POINT (454713.98000000045 206155.36999999918)
1150,ap_0293195,404,True,False,False,False,1,0.1299999998882413,454713.8700000001,206173.50999999978,POINT (454713.8700000001 206173.50999999978)
1151,ap_0293196,432,True,False,False,False,1,0.26999999955296516,454738.6299999999,206174.26999999955,POINT (454738.6299999999 206174.26999999955)
1152,ap_0293197,392,True,False,False,False,1,0.12359957116518913,452517.3300000001,206196.02999999933,POINT (452517.3300000001 206196.02999999933)
1153,ap_0293198,404,True,False,False,False,1,0.013124235913100723,452915.86000000034,206277.93999999948,POINT (452915.86000000034 206277.93999999948)
1154,ap_0293199,404,True,False,False,False,1,0.11554966126874716,452713.66000000015,206297.01999999955,POINT (452713.66000000015 206297.01999999955)
1155,ap_0293200,404,True,False,False,False,1,0.0,452907.70999999996,206299.16000000015,POINT (452907.70999999996 206299.16000000015)
1156,ap_0293201,391,True,False,False,False,1,0.0,452695.08999999985,206305.2899999991,POINT (452695.08999999985 206305.2899999991)
1157,ap_0293205,390,True,False,False,False,1,0.0,452680.1799999997,206427.16000000015,POINT (452680.1799999997 206427.16000000015)
1158,ap_0293207,404,True,False,False,False,1,0.07589466420923358,454021.0599999996,206558.41999999993,POINT (454021.0599999996 206558.41999999993)
1159,ap_0293208,404,True,False,False,False,1,0.011094003676534271,452874.6200000001,206623.75999999978,POINT (452874.6200000001 206623.75999999978)
1160,ap_0293209,404,True,False,False,False,1,0.0,453122.73000000045,206629.1099999994,POINT (453122.73000000045 206629.1099999994)
1161,ap_0293210,390,True,False,False,False,1,0.49477267440551764,452682.7599999998,206657.44999999925,POINT (452682.7599999998 206657.44999999925)
1162,ap_0293212,404,True,False,False,False,1,0.12736943554523103,454443.9299999997,206681.8599999994,POINT (454443.9299999997 206681.8599999994)
1163,ap_0293214,404,True,False,False,False,1,0.0,454403.4500000002,206689.6099999994,POINT (454403.4500000002 206689.6099999994)
1164,ap_0293215,404,True,False,False,False,1,0.0,454450.6500000004,206708.13000000082,POINT (454450.6500000004 206708.13000000082)
1165,ap_0293220,118,True,False,False,False,1,0.0,452155.9299999997,198640.2100000009,POINT (452155.9299999997 198640.2100000009)
1166,ap_0293221,118,True,False,False,False,1,0.0,452182.0099999998,198624.91999999993,POINT (452182.0099999998 198624.91999999993)
1167,ap_0293222,118,True,False,False,False,1,0.0,452206.20999999996,198637.80000000075,POINT (452206.20999999996 198637.80000000075)
1168,ap_0293223,36,True,False,False,False,1,0.0,452496.66000000015,193339.83999999985,POINT (452496.66000000015 193339.83999999985)
1169,ap_0293224,36,True,False,False,False,1,0.0,452514.1799999997,193301.41000000015,POINT (452514.1799999997 193301.41000000015)
1170,ap_0293225,36,True,False,False,False,1,6.850450496851769,452516.3499999996,193280.02999999933,POINT (452516.3499999996 193280.02999999933)
1171,ap_0293226,36,True,False,False,False,1,0.219544983717632,452591.11000000034,193286.81000000052,POINT (452591.11000000034 193286.81000000052)
1172,ap_0293227,36,True,False,False,False,1,0.0,452610.0,193363.44999999925,POINT (452610 193363.44999999925)
1173,ap_0293228,36,True,False,False,False,1,0.0,452627.54000000004,193444.80000000075,POINT (452627.54000000004 193444.80000000075)
1174,ap_0293229,37,True,False,False,False,1,0.5404780474600844,453042.5,193687.50999999978,POINT (453042.5 193687.50999999978)
1175,ap_0293231,51,True,False,False,False,1,0.2825209458818468,453164.79000000004,195643.77999999933,POINT (453164.79000000004 195643.77999999933)
1176,ap_0293232,51,True,False,False,False,1,0.0,453241.3700000001,195477.7899999991,POINT (453241.3700000001 195477.7899999991)
1177,ap_0293233,119,True,False,False,False,1,0.0,454132.29000000004,198229.38000000082,POINT (454132.29000000004 198229.38000000082)
1178,ap_0293234,37,True,False,False,False,1,0.0,454155.1500000004,193470.58999999985,POINT (454155.1500000004 193470.58999999985)
1179,ap_0293235,119,True,False,False,False,1,0.17999999970197678,454184.1799999997,198273.90000000037,POINT (454184.1799999997 198273.90000000037)
1180,ap_0293237,37,True,False,False,False,1,0.0,454475.5800000001,193455.5700000003,POINT (454475.5800000001 193455.5700000003)
1181,ap_0293240,51,True,False,False,False,1,0.46561237126880123,454704.5700000003,195513.33000000007,POINT (454704.5700000003 195513.33000000007)
1182,ap_0293241,37,True,False,False,False,1,0.04242640723997778,454716.33999999985,193633.40000000037,POINT (454716.33999999985 193633.40000000037)
1183,ap_0293242,52,True,False,False,False,1,0.07778174616759626,454737.6900000004,193967.19999999925,POINT (454737.6900000004 193967.19999999925)
1184,ap_0293243,52,True,False,False,False,1,0.21909395782765456,454744.1500000004,195553.38000000082,POINT (454744.1500000004 195553.38000000082)
1185,ap_0293244,52,True,False,False,False,1,0.09099071557531929,454767.96999999974,195564.3200000003,POINT (454767.96999999974 195564.3200000003)
1186,ap_0293245,52,True,False,False,False,1,0.0,454829.3200000003,195844.01999999955,POINT (454829.3200000003 195844.01999999955)
1187,ap_0293246,52,True,False,False,False,1,0.18996373781916948,454844.3700000001,194006.0700000003,POINT (454844.3700000001 194006.0700000003)
1188,ap_0293247,52,True,False,False,False,1,0.0,454850.63999999966,195676.4600000009,POINT (454850.63999999966 195676.4600000009)
1189,ap_0293248,52,True,False,False,False,1,0.0,454850.7000000002,195676.48000000045,POINT (454850.7000000002 195676.48000000045)
1190,ap_0293251,685,True,False,False,False,1,0.0,456921.1799999997,211009.3599999994,POINT (456921.1799999997 211009.3599999994)
1191,ap_0293252,684,True,False,False,False,1,0.22763696417127519,456266.9199999999,211253.75999999978,POINT (456266.9199999999 211253.75999999978)
1192,ap_0293254,681,True,False,False,False,1,0.0,453480.3099999996,211919.84999999963,POINT (453480.3099999996 211919.84999999963)
1193,ap_0293255,693,True,False,False,False,1,0.0,459259.9500000002,212225.74000000022,POINT (459259.9500000002 212225.74000000022)
1194,ap_0293256,693,True,False,False,False,1,0.0,459410.91000000015,212268.11999999918,POINT (459410.91000000015 212268.11999999918)
1195,ap_0293257,693,True,False,False,False,1,0.17969486735554624,459430.7599999998,212282.16000000015,POINT (459430.7599999998 212282.16000000015)
1196,ap_0293258,742,True,False,False,False,1,0.0,459312.4900000002,212455.41999999993,POINT (459312.4900000002 212455.41999999993)
1197,ap_0293259,742,True,False,False,False,1,0.0,459346.54000000004,212460.08000000007,POINT (459346.54000000004 212460.08000000007)
1198,ap_0293260,739,True,False,False,False,1,0.0,454827.08999999985,212705.33999999985,POINT (454827.08999999985 212705.33999999985)
1199,ap_0293261,739,True,False,False,False,1,0.0,454868.9400000004,212759.33000000007,POINT (454868.9400000004 212759.33000000007)
1200,ap_0293262,735,True,False,False,False,1,0.0402492235283562,454423.13999999966,213168.63000000082,POINT (454423.13999999966 213168.63000000082)
1201,ap_0293265,737,True,False,False,False,1,0.0,452753.03000000026,213816.3900000006,POINT (452753.03000000026 213816.3900000006)
1202,ap_0293266,734,True,False,False,False,1,0.11171918570387632,452499.4400000004,214032.23000000045,POINT (452499.4400000004 214032.23000000045)
1203,ap_0293267,734,True,False,False,False,1,0.0,452617.1200000001,214077.7899999991,POINT (452617.1200000001 214077.7899999991)
1204,ap_0293268,734,True,False,False,False,1,0.1699999999254942,452684.1699999999,214086.02999999933,POINT (452684.1699999999 214086.02999999933)
1205,ap_0293269,734,True,False,False,False,1,0.0,452569.9400000004,214115.86999999918,POINT (452569.9400000004 214115.86999999918)
1206,ap_0293270,734,True,False,False,False,1,0.4585035245592174,451999.4299999997,214125.16000000015,POINT (451999.4299999997 214125.16000000015)
1207,ap_0293271,734,True,False,False,False,1,0.0,452596.7999999998,214143.13000000082,POINT (452596.7999999998 214143.13000000082)
1208,ap_0293272,734,True,False,False,False,1,0.01621343659216691,452592.0499999998,214163.8599999994,POINT (452592.0499999998 214163.8599999994)
1209,ap_0293273,734,True,False,False,False,1,0.018529641813456087,452592.0499999998,214163.86999999918,POINT (452592.0499999998 214163.86999999918)
1210,ap_0293274,734,True,False,False,False,1,0.34114062131910583,452478.91000000015,214216.47000000067,POINT (452478.91000000015 214216.47000000067)
1211,ap_0293275,779,True,False,False,False,1,0.13540864428555202,455233.51999999955,214809.50999999978,POINT (455233.51999999955 214809.50999999978)
1212,ap_0293276,779,True,False,False,False,1,0.27092591106718544,455885.5,215616.16999999993,POINT (455885.5 215616.16999999993)
1213,ap_0293277,779,True,False,False,False,1,0.0,456193.26999999955,215811.25,POINT (456193.26999999955 215811.25)
1214,ap_0293278,779,True,False,False,False,1,0.0,456328.9299999997,215961.6400000006,POINT (456328.9299999997 215961.6400000006)
1215,ap_0293281,829,True,False,False,False,1,0.23269890524893058,460840.2400000002,216874.50999999978,POINT (460840.2400000002 216874.50999999978)
1216,ap_0294770,22,True,False,False,False,1,0.0,462953.21999999974,190521.63000000082,POINT (462953.21999999974 190521.63000000082)
1217,ap_0294771,22,True,False,False,False,1,0.0,462981.1900000004,190497.8200000003,POINT (462981.1900000004 190497.8200000003)
1218,ap_0294777,22,True,False,False,False,1,46.82011530281951,463911.2400000002,190706.0,POINT (463911.2400000002 190706)
1219,ap_0294778,22,True,False,False,False,1,0.0,463930.16000000015,190967.16000000015,POINT (463930.16000000015 190967.16000000015)
1220,ap_0294779,22,True,False,False,False,1,0.0,463942.70999999996,190741.3599999994,POINT (463942.70999999996 190741.3599999994)
1221,ap_0294780,22,True,False,False,False,1,1.7861346311839834,463948.4500000002,190735.22000000067,POINT (463948.4500000002 190735.22000000067)
1222,ap_0294781,22,True,False,False,False,1,0.0,463949.36000000034,190736.98000000045,POINT (463949.36000000034 190736.98000000045)
1223,ap_0294784,22,True,False,False,False,1,0.0,464597.2400000002,191014.4600000009,POINT (464597.2400000002 191014.4600000009)
1224,ap_0294786,22,True,False,False,False,1,0.10644545927671303,464645.1799999997,191449.0,POINT (464645.1799999997 191449)
1225,ap_0294787,22,True,False,False,False,1,0.0,464694.6299999999,191399.76999999955,POINT (464694.6299999999 191399.76999999955)
1226,ap_0294788,22,True,False,False,False,1,0.0,464720.0800000001,191160.25999999978,POINT (464720.0800000001 191160.25999999978)
1227,ap_0294789,22,True,False,False,False,1,0.0,464751.26999999955,191215.75999999978,POINT (464751.26999999955 191215.75999999978)
1228,ap_0294790,22,True,False,False,False,1,0.0,464755.9900000002,191213.50999999978,POINT (464755.9900000002 191213.50999999978)
1229,ap_0294791,22,True,False,False,False,1,0.0,464818.9000000004,191193.49000000022,POINT (464818.9000000004 191193.49000000022)
1230,ap_0294801,13,True,False,False,False,1,0.0,460910.45999999996,189463.41999999993,POINT (460910.45999999996 189463.41999999993)
1231,ap_0294802,13,True,False,False,False,1,0.4991504981174818,461901.5499999998,189472.47000000067,POINT (461901.5499999998 189472.47000000067)
1232,ap_0294803,13,True,False,False,False,1,0.0,461725.8700000001,189478.99000000022,POINT (461725.8700000001 189478.99000000022)
1233,ap_0294804,13,True,False,False,False,1,0.0,461729.7999999998,189488.30000000075,POINT (461729.7999999998 189488.30000000075)
1234,ap_0294805,13,True,False,False,False,1,0.0,461736.1500000004,189517.81000000052,POINT (461736.1500000004 189517.81000000052)
1235,ap_0294806,13,True,False,False,False,1,0.0,461258.45999999996,189522.0,POINT (461258.45999999996 189522)
1236,ap_0294807,12,True,False,False,False,1,0.0,460642.8799999999,189537.41000000015,POINT (460642.8799999999 189537.41000000015)
1237,ap_0294808,12,True,False,False,False,1,0.0,460662.86000000034,189546.65000000037,POINT (460662.86000000034 189546.65000000037)
1238,ap_0294809,13,True,False,False,False,1,0.02915475930172836,461845.5599999996,189562.23000000045,POINT (461845.5599999996 189562.23000000045)
1239,ap_0294810,13,True,False,False,False,1,0.0,461788.0599999996,189572.4600000009,POINT (461788.0599999996 189572.4600000009)
1240,ap_0294811,12,True,False,False,False,1,0.2686791053438772,460749.8300000001,189590.75999999978,POINT (460749.8300000001 189590.75999999978)
1241,ap_0294812,20,True,False,False,False,1,13.112486415283477,460819.0700000003,189977.8200000003,POINT (460819.0700000003 189977.8200000003)
1242,ap_0294813,20,True,False,False,False,1,0.04438772649895439,460833.9500000002,189986.02999999933,POINT (460833.9500000002 189986.02999999933)
1243,ap_0294814,21,True,False,False,False,1,0.0,460900.1500000004,190025.0,POINT (460900.1500000004 190025)
1244,ap_0294815,20,True,False,False,False,1,0.42098784876094314,460827.71999999974,190031.6400000006,POINT (460827.71999999974 190031.6400000006)
1245,ap_0294816,21,True,False,False,False,1,0.3980000004172325,460900.1900000004,190035.58999999985,POINT (460900.1900000004 190035.58999999985)
1246,ap_0294819,21,True,False,False,False,1,0.0,461796.3499999996,191453.27999999933,POINT (461796.3499999996 191453.27999999933)
1247,ap_0294820,21,True,False,False,False,1,2.294558781482048,461793.9299999997,191453.99000000022,POINT (461793.9299999997 191453.99000000022)
1248,ap_0294821,21,True,False,False,False,1,0.5081558949372237,461378.6900000004,191549.41999999993,POINT (461378.6900000004 191549.41999999993)
1249,ap_0294823,21,True,False,False,False,1,0.45626042363767727,461521.21999999974,191615.59999999963,POINT (461521.21999999974 191615.59999999963)
1250,ap_0294824,21,True,False,False,False,1,0.0,461568.3499999996,191632.76999999955,POINT (461568.3499999996 191632.76999999955)
1251,ap_0294825,43,True,False,False,False,1,0.26246904552302625,461810.0499999998,191935.74000000022,POINT (461810.0499999998 191935.74000000022)
1252,ap_0294826,43,True,False,False,False,1,0.0,461754.38999999966,191954.1099999994,POINT (461754.38999999966 191954.1099999994)
1253,ap_0294827,43,True,False,False,False,1,0.0,461754.3799999999,191954.16999999993,POINT (461754.3799999999 191954.16999999993)
1254,ap_0294828,43,True,False,False,False,1,0.11314215085743981,462082.26999999955,192047.05000000075,POINT (462082.26999999955 192047.05000000075)
1255,ap_0294829,43,True,False,False,False,1,0.0,462054.2000000002,192070.91000000015,POINT (462054.2000000002 192070.91000000015)
1256,ap_0294830,43,True,False,False,False,1,0.0,462083.8300000001,192092.6099999994,POINT (462083.8300000001 192092.6099999994)
1257,ap_0294831,43,True,False,False,False,1,0.0,461850.5099999998,192130.3599999994,POINT (461850.5099999998 192130.3599999994)
1258,ap_0294832,13,True,False,False,False,1,0.2496528739400265,461183.16000000015,188277.41000000015,POINT (461183.16000000015 188277.41000000015)
1259,ap_0294833,13,True,False,False,False,1,0.0,461166.20999999996,188291.1799999997,POINT (461166.20999999996 188291.1799999997)
1260,ap_0294834,13,True,False,False,False,1,0.378818490233988,461121.5599999996,188293.91999999993,POINT (461121.5599999996 188293.91999999993)
1261,ap_0294835,13,True,False,False,False,1,0.0,461130.9900000002,188316.97000000067,POINT (461130.9900000002 188316.97000000067)
1262,ap_0294836,13,True,False,False,False,1,0.0,461057.5,188495.88000000082,POINT (461057.5 188495.88000000082)
1263,ap_0294838,12,True,False,False,False,1,0.21572774930953303,460820.4000000004,189052.69999999925,POINT (460820.4000000004 189052.69999999925)
1264,ap_0294839,12,True,False,False,False,1,0.0,460839.0099999998,189089.88000000082,POINT (460839.0099999998 189089.88000000082)
1265,ap_0294840,12,True,False,False,False,1,0.07604981314691363,460613.4500000002,189118.98000000045,POINT (460613.4500000002 189118.98000000045)
1266,ap_0294844,13,True,False,False,False,1,0.4905533340025097,461839.4299999997,189264.44999999925,POINT (461839.4299999997 189264.44999999925)
1267,ap_0294845,13,True,False,False,False,1,0.33405384417998446,461450.70999999996,189289.75,POINT (461450.70999999996 189289.75)
1268,ap_0294846,13,True,False,False,False,1,0.35999999940395355,461692.25,189293.3599999994,POINT (461692.25 189293.3599999994)
1269,ap_0294847,12,True,False,False,False,1,0.0,460694.2400000002,189313.73000000045,POINT (460694.2400000002 189313.73000000045)
1270,ap_0294848,13,True,False,False,False,1,0.04376254339735034,461741.04000000004,189338.2899999991,POINT (461741.04000000004 189338.2899999991)
1271,ap_0294849,12,True,False,False,False,1,0.0,460720.8499999996,189340.58000000007,POINT (460720.8499999996 189340.58000000007)
1272,ap_0294850,13,True,False,False,False,1,0.0,461727.1799999997,189341.15000000037,POINT (461727.1799999997 189341.15000000037)
1273,ap_0294851,12,True,False,False,False,1,0.022467831913277867,460706.01999999955,189343.01999999955,POINT (460706.01999999955 189343.01999999955)
1274,ap_0294852,13,True,False,False,False,1,0.0,461893.9900000002,189411.91000000015,POINT (461893.9900000002 189411.91000000015)
1275,ap_0294853,13,True,False,False,False,1,0.3552649652390822,461878.53000000026,189418.81000000052,POINT (461878.53000000026 189418.81000000052)
1276,ap_0294854,13,True,False,False,False,1,0.0,461870.63999999966,189422.8200000003,POINT (461870.63999999966 189422.8200000003)
1277,ap_0294855,13,True,False,False,False,1,0.49194223644590024,461242.83999999985,189431.52999999933,POINT (461242.83999999985 189431.52999999933)
1278,ap_0294856,13,True,False,False,False,1,0.022778525115918755,461148.96999999974,189433.99000000022,POINT (461148.96999999974 189433.99000000022)
1279,ap_0294857,13,True,False,False,False,1,0.0,461458.96999999974,189437.90000000037,POINT (461458.96999999974 189437.90000000037)
1280,ap_0294858,13,True,False,False,False,1,0.0,461401.4199999999,189447.59999999963,POINT (461401.4199999999 189447.59999999963)
1281,ap_0294859,13,True,False,False,False,1,0.0,461800.26999999955,189452.0,POINT (461800.26999999955 189452)
1282,ap_0294860,13,True,False,False,False,1,0.0,461344.5599999996,189452.25999999978,POINT (461344.5599999996 189452.25999999978)
1283,ap_0294861,13,True,False,False,False,1,0.0,461049.23000000045,189454.3599999994,POINT (461049.23000000045 189454.3599999994)
1284,ap_0294862,13,True,False,False,False,1,0.12238201800209905,461288.88999999966,189460.55000000075,POINT (461288.88999999966 189460.55000000075)
1285,ap_0294954,4,True,False,False,False,1,0.37565942056982476,459473.9400000004,186688.6099999994,POINT (459473.9400000004 186688.6099999994)
1286,ap_0294955,4,True,False,False,False,1,0.0,459493.63999999966,186714.43999999948,POINT (459493.63999999966 186714.43999999948)
1287,ap_0294987,12,True,False,False,False,1,0.2956311809314227,459398.2400000002,189597.66999999993,POINT (459398.2400000002 189597.66999999993)
1288,ap_0294988,12,True,False,False,False,1,0.307858608997991,459400.1900000004,189369.26999999955,POINT (459400.1900000004 189369.26999999955)
1289,ap_0294989,12,True,False,False,False,1,0.0,459409.6699999999,189688.55000000075,POINT (459409.6699999999 189688.55000000075)
1290,ap_0294990,12,True,False,False,False,1,10.096573676332152,459469.9199999999,189154.88000000082,POINT (459469.9199999999 189154.88000000082)
1291,ap_0294991,20,True,False,False,False,1,0.027287641923830326,459537.33999999985,189791.9299999997,POINT (459537.33999999985 189791.9299999997)
1292,ap_0294994,12,True,False,False,False,1,0.48846698914580183,460103.1900000004,189070.55000000075,POINT (460103.1900000004 189070.55000000075)
1293,ap_0294995,20,True,False,False,False,1,0.20549873474413052,460350.58999999985,189954.8599999994,POINT (460350.58999999985 189954.8599999994)
1294,ap_0294996,12,True,False,False,False,1,0.49203658436457504,460388.7000000002,189148.6099999994,POINT (460388.7000000002 189148.6099999994)
1295,ap_0294997,12,True,False,False,False,1,0.19999999925494194,460392.0499999998,189346.19999999925,POINT (460392.0499999998 189346.19999999925)
1296,ap_0294998,12,True,False,False,False,1,0.44653365743437257,460393.1299999999,189387.43999999948,POINT (460393.1299999999 189387.43999999948)
1297,ap_0294999,12,True,False,False,False,1,0.0,460405.6900000004,189701.75999999978,POINT (460405.6900000004 189701.75999999978)
1298,ap_0295000,12,True,False,False,False,1,0.22114624157965262,460418.2400000002,189688.73000000045,POINT (460418.2400000002 189688.73000000045)
1299,ap_0295001,12,True,False,False,False,1,0.0,460440.0599999996,189474.59999999963,POINT (460440.0599999996 189474.59999999963)
1300,ap_0295002,20,True,False,False,False,1,0.0,460450.6299999999,189788.8599999994,POINT (460450.6299999999 189788.8599999994)
1301,ap_0295003,12,True,False,False,False,1,0.1443593520898301,460493.25,189345.90000000037,POINT (460493.25 189345.90000000037)
1302,ap_0295006,12,True,False,False,False,1,0.031304951818277096,460508.4299999997,189465.8200000003,POINT (460508.4299999997 189465.8200000003)
1303,ap_0295007,12,True,False,False,False,1,0.0,460508.7400000002,189356.48000000045,POINT (460508.7400000002 189356.48000000045)
1304,ap_0295008,12,True,False,False,False,1,0.4100000001490116,460510.41000000015,189465.0,POINT (460510.41000000015 189465)
1305,ap_0295011,12,True,False,False,False,1,0.0,460542.6200000001,189542.3200000003,POINT (460542.6200000001 189542.3200000003)
1306,ap_0295016,12,True,False,False,False,1,0.0,460577.2000000002,189524.94999999925,POINT (460577.2000000002 189524.94999999925)
1307,ap_0295017,12,True,False,False,False,1,0.0,460605.0099999998,189484.0700000003,POINT (460605.0099999998 189484.0700000003)
1308,ap_0295080,18,True,False,False,False,1,0.14214846344021567,453482.7999999998,190449.90000000037,POINT (453482.7999999998 190449.90000000037)
1309,ap_0295081,10,True,False,False,False,1,0.14317821074984702,453498.1299999999,189570.93999999948,POINT (453498.1299999999 189570.93999999948)
1310,ap_0295082,10,True,False,False,False,1,0.0,453503.6200000001,189460.9299999997,POINT (453503.6200000001 189460.9299999997)
1311,ap_0295083,18,True,False,False,False,1,0.6167665231938859,453510.5499999998,190212.5399999991,POINT (453510.5499999998 190212.5399999991)
1312,ap_0295084,18,True,False,False,False,1,0.0,453525.4299999997,190489.7100000009,POINT (453525.4299999997 190489.7100000009)
1313,ap_0295085,18,True,False,False,False,1,0.0,453536.7400000002,190456.7100000009,POINT (453536.7400000002 190456.7100000009)
1314,ap_0295086,18,True,False,False,False,1,0.0,453546.11000000034,190395.41000000015,POINT (453546.11000000034 190395.41000000015)
1315,ap_0295087,18,True,False,False,False,1,0.18089702952469547,453589.98000000045,190420.1799999997,POINT (453589.98000000045 190420.1799999997)
1316,ap_0295088,18,True,False,False,False,1,0.5992662179033036,453597.4199999999,190228.5,POINT (453597.4199999999 190228.5)
1317,ap_0295089,18,True,False,False,False,1,0.10984852935978985,453633.1500000004,190347.08999999985,POINT (453633.1500000004 190347.08999999985)
1318,ap_0295090,18,True,False,False,False,1,0.0,453660.45999999996,191132.41999999993,POINT (453660.45999999996 191132.41999999993)
1319,ap_0295091,18,True,False,False,False,1,0.0,453675.58999999985,191127.8200000003,POINT (453675.58999999985 191127.8200000003)
1320,ap_0295092,18,True,False,False,False,1,0.0,453887.03000000026,190775.48000000045,POINT (453887.03000000026 190775.48000000045)
1321,ap_0295095,11,True,False,False,False,1,0.0,456180.4900000002,189575.05000000075,POINT (456180.4900000002 189575.05000000075)
1322,ap_0295096,11,True,False,False,False,1,0.0,456197.2400000002,189356.98000000045,POINT (456197.2400000002 189356.98000000045)
1323,ap_0295097,11,True,False,False,False,1,0.336430824432752,456218.4400000004,189595.5399999991,POINT (456218.4400000004 189595.5399999991)
1324,ap_0295098,19,True,False,False,False,1,0.0,457726.6299999999,190891.16000000015,POINT (457726.6299999999 190891.16000000015)
1325,ap_0295099,19,True,False,False,False,1,0.0,457732.1200000001,190939.5399999991,POINT (457732.1200000001 190939.5399999991)
1326,ap_0295100,19,True,False,False,False,1,0.4414777477723066,457861.04000000004,190833.56000000052,POINT (457861.04000000004 190833.56000000052)
1327,ap_0295101,19,True,False,False,False,1,0.24577418530722928,458156.6699999999,191022.27999999933,POINT (458156.6699999999 191022.27999999933)
1328,ap_0295102,19,True,False,False,False,1,0.0,458235.1299999999,190508.0,POINT (458235.1299999999 190508)
1329,ap_0295103,19,True,False,False,False,1,0.0,458262.6799999997,190504.51999999955,POINT (458262.6799999997 190504.51999999955)
1330,ap_0295105,19,True,False,False,False,1,0.05491251825512757,458587.46999999974,190670.84999999963,POINT (458587.46999999974 190670.84999999963)
1331,ap_0295106,19,True,False,False,False,1,0.0,458634.0999999996,190682.24000000022,POINT (458634.0999999996 190682.24000000022)
1332,ap_0295107,19,True,False,False,False,1,0.2975621668022205,458665.6500000004,191098.2899999991,POINT (458665.6500000004 191098.2899999991)
1333,ap_0295108,12,True,False,False,False,1,0.751065909227,459255.04000000004,189702.75,POINT (459255.04000000004 189702.75)
1334,ap_0295109,12,True,False,False,False,1,0.30083217828776315,459255.0800000001,189702.2899999991,POINT (459255.0800000001 189702.2899999991)
1335,ap_0295110,20,True,False,False,False,1,0.0,459355.9500000002,189729.88000000082,POINT (459355.9500000002 189729.88000000082)
1336,ap_0295111,2,True,False,False,False,1,0.2814427122379823,455280.71999999974,186158.3900000006,POINT (455280.71999999974 186158.3900000006)
1337,ap_0295113,2,True,False,False,False,1,0.38865663220153923,455767.29000000004,186289.56000000052,POINT (455767.29000000004 186289.56000000052)
1338,ap_0295114,1,True,False,False,False,1,0.0,453386.9900000002,186290.05000000075,POINT (453386.9900000002 186290.05000000075)
1339,ap_0295115,3,True,False,False,False,1,4.049611233179035,458617.5700000003,186365.75999999978,POINT (458617.5700000003 186365.75999999978)
1340,ap_0295116,3,True,False,False,False,1,0.13435028871520363,458611.7000000002,186400.50999999978,POINT (458611.7000000002 186400.50999999978)
1341,ap_0295117,3,True,False,False,False,1,0.0,458553.36000000034,186424.25999999978,POINT (458553.36000000034 186424.25999999978)
1342,ap_0295118,3,True,False,False,False,1,6.77081178100636,458483.76999999955,186463.6400000006,POINT (458483.76999999955 186463.6400000006)
1343,ap_0295119,3,True,False,False,False,1,0.0,458683.71999999974,186472.15000000037,POINT (458683.71999999974 186472.15000000037)
1344,ap_0295122,3,True,False,False,False,1,0.0,458508.61000000034,186666.9600000009,POINT (458508.61000000034 186666.9600000009)
1345,ap_0295123,3,True,False,False,False,1,0.27955373160624897,458723.2000000002,186731.19999999925,POINT (458723.2000000002 186731.19999999925)
1346,ap_0295124,3,True,False,False,False,1,0.06416718557325317,458711.7999999998,186745.94999999925,POINT (458711.7999999998 186745.94999999925)
1347,ap_0295125,3,True,False,False,False,1,0.0,458375.3200000003,186899.41000000015,POINT (458375.3200000003 186899.41000000015)
1348,ap_0295126,3,True,False,False,False,1,0.506951674651671,458451.4900000002,186934.13000000082,POINT (458451.4900000002 186934.13000000082)
1349,ap_0295127,3,True,False,False,False,1,0.35079711844315814,458429.4400000004,187003.76999999955,POINT (458429.4400000004 187003.76999999955)
1350,ap_0295128,11,True,False,False,False,1,0.4211570273950809,455818.4900000002,188028.19999999925,POINT (455818.4900000002 188028.19999999925)
1351,ap_0295129,11,True,False,False,False,1,0.14035668905478876,455881.9900000002,188342.8599999994,POINT (455881.9900000002 188342.8599999994)
1352,ap_0295131,11,True,False,False,False,1,0.0,455914.75,188547.55000000075,POINT (455914.75 188547.55000000075)
1353,ap_0295133,10,True,False,False,False,1,0.0,453100.4500000002,188635.43999999948,POINT (453100.4500000002 188635.43999999948)
1354,ap_0295134,10,True,False,False,False,1,0.0,453143.1900000004,188657.3900000006,POINT (453143.1900000004 188657.3900000006)
1355,ap_0295135,10,True,False,False,False,1,0.09645788599029054,452791.9299999997,189102.08000000007,POINT (452791.9299999997 189102.08000000007)
1356,ap_0295136,11,True,False,False,False,1,0.0,456275.96999999974,189257.31000000052,POINT (456275.96999999974 189257.31000000052)
1357,ap_0295138,12,True,False,False,False,1,0.0,459289.1200000001,189280.9299999997,POINT (459289.1200000001 189280.9299999997)
1358,ap_0295139,12,True,False,False,False,1,0.0,459301.0599999996,189289.8200000003,POINT (459301.0599999996 189289.8200000003)
1359,ap_0295140,11,True,False,False,False,1,0.0,456195.3499999996,189299.69999999925,POINT (456195.3499999996 189299.69999999925)
1360,ap_0295141,10,True,False,False,False,1,0.27668605392531337,453525.4900000002,189317.48000000045,POINT (453525.4900000002 189317.48000000045)
1361,ap_0295164,0,True,False,False,False,1,0.3711872842982851,452692.1699999999,185614.33000000007,POINT (452692.1699999999 185614.33000000007)
1362,ap_0295165,0,True,False,False,False,1,0.0,452614.8499999996,185620.72000000067,POINT (452614.8499999996 185620.72000000067)
1363,ap_0295166,0,True,False,False,False,1,0.0,452675.6200000001,185621.66000000015,POINT (452675.6200000001 185621.66000000015)
1364,ap_0295167,1,True,False,False,False,1,0.22000000067055225,453146.5,185875.77999999933,POINT (453146.5 185875.77999999933)
1365,ap_0295168,1,True,False,False,False,1,0.0,453144.3099999996,185876.26999999955,POINT (453144.3099999996 185876.26999999955)
1366,ap_0295169,1,True,False,False,False,1,0.4695742756081559,453094.5800000001,185906.2100000009,POINT (453094.5800000001 185906.2100000009)
1367,ap_0295170,2,True,False,False,False,1,0.2373561521044506,455403.08999999985,185993.77999999933,POINT (455403.08999999985 185993.77999999933)
1368,ap_0295171,2,True,False,False,False,1,0.2785435831021032,455684.03000000026,186051.72000000067,POINT (455684.03000000026 186051.72000000067)
1369,ap_0295172,2,True,False,False,False,1,0.1406115461526786,455732.0800000001,186063.3900000006,POINT (455732.0800000001 186063.3900000006)
1370,ap_0295545,908,True,False,False,False,1,0.0,460474.71999999974,222836.99000000022,POINT (460474.71999999974 222836.99000000022)
1371,ap_0295547,908,True,False,False,False,1,0.024571805153927852,460796.70999999996,222860.72000000067,POINT (460796.70999999996 222860.72000000067)
1372,ap_0295549,909,True,False,False,False,1,0.45961940737612916,460887.3700000001,222876.72000000067,POINT (460887.3700000001 222876.72000000067)
1373,ap_0295550,901,True,False,False,False,1,0.37048466074664876,461104.1200000001,222431.38000000082,POINT (461104.1200000001 222431.38000000082)
1374,ap_0295551,901,True,False,False,False,1,0.0,461118.0999999996,222431.91000000015,POINT (461118.0999999996 222431.91000000015)
1375,ap_0295576,900,True,False,False,False,1,0.34237308504553254,458869.6500000004,221768.3599999994,POINT (458869.6500000004 221768.3599999994)
1376,ap_0295577,900,True,False,False,False,1,0.1699999999254942,458910.1699999999,222148.8200000003,POINT (458910.1699999999 222148.8200000003)
1377,ap_0295578,900,True,False,False,False,1,0.0,458913.8200000003,222159.80000000075,POINT (458913.8200000003 222159.80000000075)
1378,ap_0295579,900,True,False,False,False,1,0.0,458920.9299999997,221746.31000000052,POINT (458920.9299999997 221746.31000000052)
1379,ap_0295580,900,True,False,False,False,1,0.08246211247621259,458961.95999999996,221975.8200000003,POINT (458961.95999999996 221975.8200000003)
1380,ap_0295581,900,True,False,False,False,1,0.23255106946005807,458988.33999999985,221813.4299999997,POINT (458988.33999999985 221813.4299999997)
1381,ap_0295582,900,True,False,False,False,1,0.0,458997.2400000002,222160.91000000015,POINT (458997.2400000002 222160.91000000015)
1382,ap_0295583,900,True,False,False,False,1,0.0,459070.26999999955,222151.2899999991,POINT (459070.26999999955 222151.2899999991)
1383,ap_0295584,900,True,False,False,False,1,0.23255106946005807,459073.5700000003,221885.66000000015,POINT (459073.5700000003 221885.66000000015)
1384,ap_0295585,900,True,False,False,False,1,0.0,459081.0,222140.8900000006,POINT (459081 222140.8900000006)
1385,ap_0295586,900,True,False,False,False,1,0.25551155354949123,459094.6799999997,222025.5,POINT (459094.6799999997 222025.5)
1386,ap_0295587,900,True,False,False,False,1,0.0,459095.2000000002,221925.31000000052,POINT (459095.2000000002 221925.31000000052)
1387,ap_0295588,900,True,False,False,False,1,0.0,459106.8200000003,222122.66000000015,POINT (459106.8200000003 222122.66000000015)
1388,ap_0295589,900,True,False,False,False,1,0.0,459119.96999999974,222178.18999999948,POINT (459119.96999999974 222178.18999999948)
1389,ap_0295590,900,True,False,False,False,1,0.12943664922042503,459128.0800000001,222185.25999999978,POINT (459128.0800000001 222185.25999999978)
1390,ap_0295591,900,True,False,False,False,1,0.1360000006854534,459129.7999999998,222062.0399999991,POINT (459129.7999999998 222062.0399999991)
1391,ap_0295592,900,True,False,False,False,1,0.0,459228.29000000004,222090.5,POINT (459228.29000000004 222090.5)
1392,ap_0295593,900,True,False,False,False,1,0.166507594187512,459241.9500000002,221830.68999999948,POINT (459241.9500000002 221830.68999999948)
1393,ap_0295594,900,True,False,False,False,1,0.0,459244.75,222049.16000000015,POINT (459244.75 222049.16000000015)
1394,ap_0295595,900,True,False,False,False,1,0.0,459251.4299999997,222095.91999999993,POINT (459251.4299999997 222095.91999999993)
1395,ap_0295596,900,True,False,False,False,1,0.19834067694692198,459283.3799999999,221731.05000000075,POINT (459283.3799999999 221731.05000000075)
1396,ap_0295597,900,True,False,False,False,1,0.11627553473002904,459304.0700000003,222138.59999999963,POINT (459304.0700000003 222138.59999999963)
1397,ap_0295598,900,True,False,False,False,1,0.0,459307.51999999955,222106.19999999925,POINT (459307.51999999955 222106.19999999925)
1398,ap_0295599,900,True,False,False,False,1,0.0,459328.1699999999,222148.80000000075,POINT (459328.1699999999 222148.80000000075)
1399,ap_0295600,900,True,False,False,False,1,0.0,459369.6500000004,222189.7100000009,POINT (459369.6500000004 222189.7100000009)
1400,ap_0295601,900,True,False,False,False,1,0.0,459421.58999999985,222021.38000000082,POINT (459421.58999999985 222021.38000000082)
1401,ap_0295602,900,True,False,False,False,1,0.0,459458.76999999955,222163.19999999925,POINT (459458.76999999955 222163.19999999925)
1402,ap_0295603,900,True,False,False,False,1,0.1600000001490116,459526.16000000015,222111.0,POINT (459526.16000000015 222111)
1403,ap_0295604,900,True,False,False,False,1,0.04864969111341012,459612.9400000004,222203.09999999963,POINT (459612.9400000004 222203.09999999963)
1404,ap_0295605,900,True,False,False,False,1,0.0,459772.9500000002,221866.34999999963,POINT (459772.9500000002 221866.34999999963)
1405,ap_0295606,900,True,False,False,False,1,0.0,459790.9400000004,221887.0399999991,POINT (459790.9400000004 221887.0399999991)
1406,ap_0295607,900,True,False,False,False,1,0.44000000040978193,459090.4400000004,222253.09999999963,POINT (459090.4400000004 222253.09999999963)
1407,ap_0295608,900,True,False,False,False,1,0.0,459416.0499999998,222253.5399999991,POINT (459416.0499999998 222253.5399999991)
1408,ap_0295609,900,True,False,False,False,1,0.24413111151203049,459012.86000000034,222259.80000000075,POINT (459012.86000000034 222259.80000000075)
1409,ap_0295610,900,True,False,False,False,1,0.39648973974320323,459500.0,222267.4600000009,POINT (459500 222267.4600000009)
1410,ap_0295611,900,True,False,False,False,1,0.0,459033.54000000004,222274.65000000037,POINT (459033.54000000004 222274.65000000037)
1411,ap_0295612,900,True,False,False,False,1,0.22534490841479116,459255.79000000004,222277.90000000037,POINT (459255.79000000004 222277.90000000037)
1412,ap_0295613,899,True,False,False,False,1,0.11862298219461032,458690.0499999998,222298.15000000037,POINT (458690.0499999998 222298.15000000037)
1413,ap_0295614,900,True,False,False,False,1,0.0,458865.5099999998,222304.13000000082,POINT (458865.5099999998 222304.13000000082)
1414,ap_0295615,900,True,False,False,False,1,0.0,458885.3499999996,222335.25999999978,POINT (458885.3499999996 222335.25999999978)
1415,ap_0295616,899,True,False,False,False,1,0.021213202961444383,458807.16000000015,222343.86999999918,POINT (458807.16000000015 222343.86999999918)
1416,ap_0295617,900,True,False,False,False,1,0.09999999962747097,459160.9000000004,222363.84999999963,POINT (459160.9000000004 222363.84999999963)
1417,ap_0295618,900,True,False,False,False,1,0.0,459171.51999999955,222365.3200000003,POINT (459171.51999999955 222365.3200000003)
1418,ap_0295619,900,True,False,False,False,1,0.0,458948.45999999996,222386.36999999918,POINT (458948.45999999996 222386.36999999918)
1419,ap_0295620,900,True,False,False,False,1,0.0,458974.63999999966,222392.91999999993,POINT (458974.63999999966 222392.91999999993)
1420,ap_0295621,900,True,False,False,False,1,0.5091168829284664,459063.4900000002,222402.23000000045,POINT (459063.4900000002 222402.23000000045)
1421,ap_0295622,900,True,False,False,False,1,0.26867954520209403,459011.70999999996,222449.16000000015,POINT (459011.70999999996 222449.16000000015)
1422,ap_0295623,908,True,False,False,False,1,0.2912176027082824,459159.4900000002,222708.2100000009,POINT (459159.4900000002 222708.2100000009)
1423,ap_0295624,908,True,False,False,False,1,0.24122284685557924,459140.8700000001,222709.77999999933,POINT (459140.8700000001 222709.77999999933)
1424,ap_0295625,908,True,False,False,False,1,0.3219937882268496,459138.78000000026,222716.27999999933,POINT (459138.78000000026 222716.27999999933)
1425,ap_0295627,908,True,False,False,False,1,0.0,458929.8300000001,223091.31000000052,POINT (458929.8300000001 223091.31000000052)
1426,ap_0295628,908,True,False,False,False,1,0.0,458989.8700000001,223115.3900000006,POINT (458989.8700000001 223115.3900000006)
1427,ap_0295629,908,True,False,False,False,1,0.24063261169303016,458860.79000000004,223147.11999999918,POINT (458860.79000000004 223147.11999999918)
1428,ap_0295630,908,True,False,False,False,1,0.24927268211059977,458847.04000000004,223160.66999999993,POINT (458847.04000000004 223160.66999999993)
1429,ap_0295632,908,True,False,False,False,1,0.5437830444645796,459302.54000000004,223183.7100000009,POINT (459302.54000000004 223183.7100000009)
1430,ap_0295633,908,True,False,False,False,1,0.0,458886.5800000001,223186.40000000037,POINT (458886.5800000001 223186.40000000037)
1431,ap_0295634,908,True,False,False,False,1,0.2099999999627471,458863.20999999996,223204.41999999993,POINT (458863.20999999996 223204.41999999993)
1432,ap_0295635,908,True,False,False,False,1,0.32097651869480065,458900.28000000026,223208.18999999948,POINT (458900.28000000026 223208.18999999948)
1433,ap_0295636,908,True,False,False,False,1,0.040182348579119224,459331.20999999996,223225.33000000007,POINT (459331.20999999996 223225.33000000007)
1434,ap_0295637,908,True,False,False,False,1,0.0,459632.2999999998,223257.98000000045,POINT (459632.2999999998 223257.98000000045)
1435,ap_0295638,908,True,False,False,False,1,0.0,459663.0599999996,223258.68999999948,POINT (459663.0599999996 223258.68999999948)
1436,ap_0295639,908,True,False,False,False,1,0.31723685509346883,459361.71999999974,223271.16000000015,POINT (459361.71999999974 223271.16000000015)
1437,ap_0295640,908,True,False,False,False,1,0.012184153331020443,459362.4199999999,223286.80000000075,POINT (459362.4199999999 223286.80000000075)
1438,ap_0295641,908,True,False,False,False,1,0.0,459495.96999999974,223292.1400000006,POINT (459495.96999999974 223292.1400000006)
1439,ap_0295642,908,True,False,False,False,1,0.0,459635.61000000034,223306.75999999978,POINT (459635.61000000034 223306.75999999978)
1440,ap_0295643,908,True,False,False,False,1,0.2834612797244234,459560.5099999998,223319.49000000022,POINT (459560.5099999998 223319.49000000022)
1441,ap_0295644,908,True,False,False,False,1,0.13902826682511774,459719.91000000015,223324.2899999991,POINT (459719.91000000015 223324.2899999991)
1442,ap_0295645,908,True,False,False,False,1,0.0,459284.3099999996,223350.09999999963,POINT (459284.3099999996 223350.09999999963)
1443,ap_0295646,908,True,False,False,False,1,0.0,459776.11000000034,223352.6400000006,POINT (459776.11000000034 223352.6400000006)
1444,ap_0295647,908,True,False,False,False,1,0.08644444253135403,459477.25,223361.9600000009,POINT (459477.25 223361.9600000009)
1445,ap_0295648,908,True,False,False,False,1,0.418549218388601,459413.6200000001,223397.48000000045,POINT (459413.6200000001 223397.48000000045)
1446,ap_0295650,908,True,False,False,False,1,0.30016662038862624,459323.1500000004,223540.25999999978,POINT (459323.1500000004 223540.25999999978)
1447,ap_0295651,908,True,False,False,False,1,0.330770601259087,459849.5,223560.93999999948,POINT (459849.5 223560.93999999948)
1448,ap_0295652,908,True,False,False,False,1,0.0,459822.03000000026,223588.69999999925,POINT (459822.03000000026 223588.69999999925)
1449,ap_0295653,908,True,False,False,False,1,0.0,459256.88999999966,223971.01999999955,POINT (459256.88999999966 223971.01999999955)
1450,ap_0295654,908,True,False,False,False,1,0.016459627548219818,459114.4199999999,223985.01999999955,POINT (459114.4199999999 223985.01999999955)
1451,ap_0295655,908,True,False,False,False,1,0.0,459139.7599999998,224002.68999999948,POINT (459139.7599999998 224002.68999999948)
1452,ap_0295656,908,True,False,False,False,1,0.30809710856295963,459107.9900000002,224081.43999999948,POINT (459107.9900000002 224081.43999999948)
1453,ap_0295657,923,True,False,False,False,1,0.4294753320326285,459172.3200000003,224785.6400000006,POINT (459172.3200000003 224785.6400000006)
1454,ap_0295658,923,True,False,False,False,1,25.120014667336704,459191.0700000003,224831.06000000052,POINT (459191.0700000003 224831.06000000052)
1455,ap_0295659,923,True,False,False,False,1,0.0,458985.01999999955,224849.23000000045,POINT (458985.01999999955 224849.23000000045)
1456,ap_0295660,923,True,False,False,False,1,0.0,458868.3200000003,224925.06000000052,POINT (458868.3200000003 224925.06000000052)
1457,ap_0295662,922,True,False,False,False,1,0.0,458788.16000000015,224964.4600000009,POINT (458788.16000000015 224964.4600000009)
1458,ap_0295700,907,True,False,False,False,1,0.0,457985.5700000003,223900.86999999918,POINT (457985.5700000003 223900.86999999918)
1459,ap_0295701,907,True,False,False,False,1,0.0,457990.9900000002,223887.75,POINT (457990.9900000002 223887.75)
1460,ap_0295702,907,True,False,False,False,1,0.40279919487627275,457992.5,224025.9600000009,POINT (457992.5 224025.9600000009)
1461,ap_0295703,907,True,False,False,False,1,0.13827983045631076,457993.1200000001,224015.91999999993,POINT (457993.1200000001 224015.91999999993)
1462,ap_0295704,907,True,False,False,False,1,0.17177950066745207,457999.28000000026,223902.31000000052,POINT (457999.28000000026 223902.31000000052)
1463,ap_0295705,907,True,False,False,False,1,0.0,458001.63999999966,223892.15000000037,POINT (458001.63999999966 223892.15000000037)
1464,ap_0295706,907,True,False,False,False,1,0.09367580676800755,458007.2000000002,223826.98000000045,POINT (458007.2000000002 223826.98000000045)
1465,ap_0295707,907,True,False,False,False,1,0.0,458014.6299999999,223885.25999999978,POINT (458014.6299999999 223885.25999999978)
1466,ap_0295708,907,True,False,False,False,1,0.0,458023.6699999999,223905.52999999933,POINT (458023.6699999999 223905.52999999933)
1467,ap_0295709,907,True,False,False,False,1,0.5388109081013059,458044.4400000004,223850.36999999918,POINT (458044.4400000004 223850.36999999918)
1468,ap_0295710,907,True,False,False,False,1,0.0,458062.2400000002,224081.56000000052,POINT (458062.2400000002 224081.56000000052)
1469,ap_0295711,907,True,False,False,False,1,0.4174206515309794,458074.36000000034,223956.24000000022,POINT (458074.36000000034 223956.24000000022)
1470,ap_0295712,907,True,False,False,False,1,0.0,458074.6900000004,224339.15000000037,POINT (458074.6900000004 224339.15000000037)
1471,ap_0295713,907,True,False,False,False,1,0.0,458077.25,224267.5,POINT (458077.25 224267.5)
1472,ap_0295714,907,True,False,False,False,1,0.0,458135.1799999997,224003.83000000007,POINT (458135.1799999997 224003.83000000007)
1473,ap_0295715,907,True,False,False,False,1,0.1644384375983708,458152.5999999996,224010.0399999991,POINT (458152.5999999996 224010.0399999991)
1474,ap_0295716,907,True,False,False,False,1,0.24000000022351742,458184.7599999998,223922.18999999948,POINT (458184.7599999998 223922.18999999948)
1475,ap_0295717,907,True,False,False,False,1,0.3231684354133394,458189.5099999998,223941.86999999918,POINT (458189.5099999998 223941.86999999918)
1476,ap_0295718,907,True,False,False,False,1,0.31567444653703236,458207.7000000002,224119.5399999991,POINT (458207.7000000002 224119.5399999991)
1477,ap_0295719,907,True,False,False,False,1,0.08343859963210358,458236.8200000003,224094.8900000006,POINT (458236.8200000003 224094.8900000006)
1478,ap_0295720,907,True,False,False,False,1,0.0,458302.23000000045,224115.24000000022,POINT (458302.23000000045 224115.24000000022)
1479,ap_0295721,907,True,False,False,False,1,0.0,458339.4400000004,224182.83999999985,POINT (458339.4400000004 224182.83999999985)
1480,ap_0295722,907,True,False,False,False,1,0.0,458365.2999999998,224125.24000000022,POINT (458365.2999999998 224125.24000000022)
1481,ap_0295723,907,True,False,False,False,1,0.0,458385.20999999996,224002.84999999963,POINT (458385.20999999996 224002.84999999963)
1482,ap_0295724,907,True,False,False,False,1,0.0,458386.96999999974,224260.8900000006,POINT (458386.96999999974 224260.8900000006)
1483,ap_0295725,907,True,False,False,False,1,0.18350795067235784,458418.01999999955,224017.7899999991,POINT (458418.01999999955 224017.7899999991)
1484,ap_0295726,907,True,False,False,False,1,0.0,458444.3799999999,224147.41000000015,POINT (458444.3799999999 224147.41000000015)
1485,ap_0295727,907,True,False,False,False,1,0.0,458446.61000000034,224078.86999999918,POINT (458446.61000000034 224078.86999999918)
1486,ap_0295728,907,True,False,False,False,1,0.0,458494.01999999955,224119.09999999963,POINT (458494.01999999955 224119.09999999963)
1487,ap_0295729,907,True,False,False,False,1,0.0,458494.79000000004,224119.16999999993,POINT (458494.79000000004 224119.16999999993)
1488,ap_0295730,907,True,False,False,False,1,0.0,458542.5,224259.74000000022,POINT (458542.5 224259.74000000022)
1489,ap_0295793,899,True,False,False,False,1,0.0,457791.83999999985,222245.77999999933,POINT (457791.83999999985 222245.77999999933)
1490,ap_0295794,899,True,False,False,False,1,0.0,458209.95999999996,222246.8599999994,POINT (458209.95999999996 222246.8599999994)
1491,ap_0295796,899,True,False,False,False,1,0.0,458341.9000000004,222302.66000000015,POINT (458341.9000000004 222302.66000000015)
1492,ap_0295797,899,True,False,False,False,1,0.3512478700134672,458300.08999999985,222315.33999999985,POINT (458300.08999999985 222315.33999999985)
1493,ap_0295798,899,True,False,False,False,1,0.27163990029367735,458254.83999999985,222320.24000000022,POINT (458254.83999999985 222320.24000000022)
1494,ap_0295799,899,True,False,False,False,1,0.40000000037252903,458369.73000000045,222321.59999999963,POINT (458369.73000000045 222321.59999999963)
1495,ap_0295801,899,True,False,False,False,1,0.0,458352.71999999974,222363.56000000052,POINT (458352.71999999974 222363.56000000052)
1496,ap_0295809,907,True,False,False,False,1,0.0,458155.3200000003,223094.51999999955,POINT (458155.3200000003 223094.51999999955)
1497,ap_0295810,907,True,False,False,False,1,0.3389985251362526,458165.6200000001,223102.16000000015,POINT (458165.6200000001 223102.16000000015)
1498,ap_0295811,907,True,False,False,False,1,0.07442084093835122,458421.3200000003,223246.41000000015,POINT (458421.3200000003 223246.41000000015)
1499,ap_0295812,907,True,False,False,False,1,0.0,458279.11000000034,223300.09999999963,POINT (458279.11000000034 223300.09999999963)
1500,ap_0295813,907,True,False,False,False,1,0.0,458269.21999999974,223301.58000000007,POINT (458269.21999999974 223301.58000000007)
1501,ap_0295814,907,True,False,False,False,1,0.4744739366066076,457942.4299999997,223376.55000000075,POINT (457942.4299999997 223376.55000000075)
1502,ap_0295815,907,True,False,False,False,1,0.0,458194.9400000004,223400.38000000082,POINT (458194.9400000004 223400.38000000082)
1503,ap_0295816,907,True,False,False,False,1,0.0,457973.61000000034,223495.3900000006,POINT (457973.61000000034 223495.3900000006)
1504,ap_0295817,907,True,False,False,False,1,0.3298738417678291,458124.6799999997,223504.84999999963,POINT (458124.6799999997 223504.84999999963)
1505,ap_0295818,907,True,False,False,False,1,0.13999999966472387,458164.13999999966,223566.49000000022,POINT (458164.13999999966 223566.49000000022)
1506,ap_0295819,907,True,False,False,False,1,0.12734553611440744,457710.9299999997,223608.19999999925,POINT (457710.9299999997 223608.19999999925)
1507,ap_0295820,907,True,False,False,False,1,0.009999999776482582,458092.54000000004,223640.00999999978,POINT (458092.54000000004 223640.00999999978)
1508,ap_0295821,907,True,False,False,False,1,0.01967739834527419,458086.95999999996,223640.8900000006,POINT (458086.95999999996 223640.8900000006)
1509,ap_0295822,907,True,False,False,False,1,0.430116263048992,457699.6500000004,223680.75,POINT (457699.6500000004 223680.75)
1510,ap_0295823,907,True,False,False,False,1,1.8264738390053065e-10,458200.4500000002,223711.91000000015,POINT (458200.4500000002 223711.91000000015)
1511,ap_0295855,922,True,False,False,False,1,0.411516641482243,457669.8300000001,225304.47000000067,POINT (457669.8300000001 225304.47000000067)
1512,ap_0295856,922,True,False,False,False,1,10.4944032696992,457676.66000000015,225331.36999999918,POINT (457676.66000000015 225331.36999999918)
1513,ap_0295857,907,True,False,False,False,1,0.13892444014119812,457679.8799999999,223768.0700000003,POINT (457679.8799999999 223768.0700000003)
1514,ap_0295858,922,True,False,False,False,1,0.0,457686.8300000001,225323.75999999978,POINT (457686.8300000001 225323.75999999978)
1515,ap_0295859,922,True,False,False,False,1,0.35840766836139265,457688.3499999996,225295.25,POINT (457688.3499999996 225295.25)
1516,ap_0295860,907,True,False,False,False,1,0.0,457692.78000000026,224040.11999999918,POINT (457692.78000000026 224040.11999999918)
1517,ap_0295861,907,True,False,False,False,1,0.0,457699.6799999997,224042.16000000015,POINT (457699.6799999997 224042.16000000015)
1518,ap_0295862,922,True,False,False,False,1,0.12649110564100902,457702.04000000004,225283.11999999918,POINT (457702.04000000004 225283.11999999918)
1519,ap_0295863,907,True,False,False,False,1,0.3633286286721744,457703.6900000004,224177.23000000045,POINT (457703.6900000004 224177.23000000045)
1520,ap_0295864,907,True,False,False,False,1,0.06002450505543091,457713.5999999996,224182.83000000007,POINT (457713.5999999996 224182.83000000007)
1521,ap_0295865,907,True,False,False,False,1,0.30988318244898966,457727.0999999996,223909.38000000082,POINT (457727.0999999996 223909.38000000082)
1522,ap_0295866,907,True,False,False,False,1,0.0,457742.9500000002,223801.75999999978,POINT (457742.9500000002 223801.75999999978)
1523,ap_0295867,907,True,False,False,False,1,0.4500000001862645,457751.4500000002,223996.27999999933,POINT (457751.4500000002 223996.27999999933)
1524,ap_0295868,907,True,False,False,False,1,0.11487330561955233,457771.0700000003,224091.84999999963,POINT (457771.0700000003 224091.84999999963)
1525,ap_0295869,907,True,False,False,False,1,0.028460499188903865,457771.88999999966,223856.75999999978,POINT (457771.88999999966 223856.75999999978)
1526,ap_0295870,907,True,False,False,False,1,0.2879012216565304,457783.63999999966,224086.83000000007,POINT (457783.63999999966 224086.83000000007)
1527,ap_0295871,922,True,False,False,False,1,0.06666281295268649,457796.45999999996,224757.58000000007,POINT (457796.45999999996 224757.58000000007)
1528,ap_0295872,922,True,False,False,False,1,0.2549117495682561,457802.3700000001,225316.16999999993,POINT (457802.3700000001 225316.16999999993)
1529,ap_0295873,922,True,False,False,False,1,0.3453933287256911,457806.45999999996,225343.22000000067,POINT (457806.45999999996 225343.22000000067)
1530,ap_0295874,922,True,False,False,False,1,0.0,457837.6299999999,224784.86999999918,POINT (457837.6299999999 224784.86999999918)
1531,ap_0295875,907,True,False,False,False,1,0.014552137176914358,457838.98000000045,223848.01999999955,POINT (457838.98000000045 223848.01999999955)
1532,ap_0295876,907,True,False,False,False,1,0.0,457846.46999999974,223853.98000000045,POINT (457846.46999999974 223853.98000000045)
1533,ap_0295877,907,True,False,False,False,1,0.0,457861.71999999974,223946.47000000067,POINT (457861.71999999974 223946.47000000067)
1534,ap_0295878,907,True,False,False,False,1,0.0,457876.3700000001,223801.77999999933,POINT (457876.3700000001 223801.77999999933)
1535,ap_0295879,907,True,False,False,False,1,0.0,457901.08999999985,224086.8900000006,POINT (457901.08999999985 224086.8900000006)
1536,ap_0295880,907,True,False,False,False,1,0.0,457905.6200000001,224077.3599999994,POINT (457905.6200000001 224077.3599999994)
1537,ap_0295881,907,True,False,False,False,1,0.0,457912.3200000003,224285.38000000082,POINT (457912.3200000003 224285.38000000082)
1538,ap_0295882,907,True,False,False,False,1,0.2636873805434628,457921.48000000045,224089.49000000022,POINT (457921.48000000045 224089.49000000022)
1539,ap_0295883,907,True,False,False,False,1,0.18268955082955254,457923.79000000004,224277.86999999918,POINT (457923.79000000004 224277.86999999918)
1540,ap_0295884,907,True,False,False,False,1,0.0,457952.71999999974,223903.80000000075,POINT (457952.71999999974 223903.80000000075)
1541,ap_0295885,907,True,False,False,False,1,0.0,457972.70999999996,224222.16999999993,POINT (457972.70999999996 224222.16999999993)
1542,ap_0295886,899,True,False,False,False,1,0.17441330292804377,457321.96999999974,222023.2100000009,POINT (457321.96999999974 222023.2100000009)
1543,ap_0295887,899,True,False,False,False,1,0.18406315592662897,457337.5499999998,221998.6799999997,POINT (457337.5499999998 221998.6799999997)
1544,ap_0295888,899,True,False,False,False,1,0.0,457463.16000000015,221666.0700000003,POINT (457463.16000000015 221666.0700000003)
1545,ap_0295889,899,True,False,False,False,1,0.0,457466.38999999966,221675.5,POINT (457466.38999999966 221675.5)
1546,ap_0295890,899,True,False,False,False,1,0.5594640292079985,457480.26999999955,222163.49000000022,POINT (457480.26999999955 222163.49000000022)
1547,ap_0295891,899,True,False,False,False,1,0.0,457782.9000000004,222224.48000000045,POINT (457782.9000000004 222224.48000000045)
1548,ap_0295893,899,True,False,False,False,1,0.0,458050.1500000004,222015.61999999918,POINT (458050.1500000004 222015.61999999918)
1549,ap_0295895,899,True,False,False,False,1,0.0,458119.7000000002,222133.0,POINT (458119.7000000002 222133)
1550,ap_0295896,899,True,False,False,False,1,0.0,458127.16000000015,222144.59999999963,POINT (458127.16000000015 222144.59999999963)
1551,ap_0295897,899,True,False,False,False,1,2.4882607254579794,458144.6500000004,222194.6799999997,POINT (458144.6500000004 222194.6799999997)
1552,ap_0295898,899,True,False,False,False,1,0.0,458244.33999999985,221915.84999999963,POINT (458244.33999999985 221915.84999999963)
1553,ap_0295899,899,True,False,False,False,1,0.0,458283.45999999996,222047.68999999948,POINT (458283.45999999996 222047.68999999948)
1554,ap_0295900,899,True,False,False,False,1,0.0,458306.9199999999,222098.97000000067,POINT (458306.9199999999 222098.97000000067)
1555,ap_0295901,899,True,False,False,False,1,0.0,458311.1500000004,222036.8200000003,POINT (458311.1500000004 222036.8200000003)
1556,ap_0295902,899,True,False,False,False,1,0.2665061397572787,458381.20999999996,221940.58999999985,POINT (458381.20999999996 221940.58999999985)
1557,ap_0295903,899,True,False,False,False,1,0.27939176171809066,458389.8300000001,221985.69999999925,POINT (458389.8300000001 221985.69999999925)
1558,ap_0295904,899,True,False,False,False,1,0.02244633772768091,458408.0999999996,221994.30000000075,POINT (458408.0999999996 221994.30000000075)
1559,ap_0295905,899,True,False,False,False,1,0.0077302073723872836,458438.53000000026,222215.93999999948,POINT (458438.53000000026 222215.93999999948)
1560,ap_0295906,899,True,False,False,False,1,0.0,458567.8499999996,221622.49000000022,POINT (458567.8499999996 221622.49000000022)
1561,ap_0295907,899,True,False,False,False,1,0.08485281382141104,458570.7999999998,221646.3200000003,POINT (458570.7999999998 221646.3200000003)
1562,ap_0295908,899,True,False,False,False,1,0.42201198806918816,458678.5,221641.31000000052,POINT (458678.5 221641.31000000052)
1563,ap_0295909,899,True,False,False,False,1,0.2340085469231425,458700.75,222160.00999999978,POINT (458700.75 222160.00999999978)
1564,ap_0295910,899,True,False,False,False,1,0.2276839917441706,458700.76999999955,222159.97000000067,POINT (458700.76999999955 222159.97000000067)
1565,ap_0295911,899,True,False,False,False,1,0.2940991425475684,458713.08999999985,222245.72000000067,POINT (458713.08999999985 222245.72000000067)
1566,ap_0295912,899,True,False,False,False,1,0.05889696464511877,458768.9199999999,221758.00999999978,POINT (458768.9199999999 221758.00999999978)
1567,ap_0295913,899,True,False,False,False,1,0.0,458776.08999999985,222232.7899999991,POINT (458776.08999999985 222232.7899999991)
1568,ap_0295915,900,True,False,False,False,1,0.11698806303078958,458849.0499999998,221555.56000000052,POINT (458849.0499999998 221555.56000000052)
1569,ap_0295916,900,True,False,False,False,1,0.4122436515693426,458865.63999999966,222018.69999999925,POINT (458865.63999999966 222018.69999999925)
1570,ap_0295917,907,True,False,False,False,1,0.0,456942.0999999996,222925.55000000075,POINT (456942.0999999996 222925.55000000075)
1571,ap_0295918,907,True,False,False,False,1,0.11652251198337658,456948.95999999996,222898.8599999994,POINT (456948.95999999996 222898.8599999994)
1572,ap_0295919,907,True,False,False,False,1,0.07903917960527586,456976.9000000004,222911.16999999993,POINT (456976.9000000004 222911.16999999993)
1573,ap_0295920,907,True,False,False,False,1,0.0,457104.33999999985,223322.8900000006,POINT (457104.33999999985 223322.8900000006)
1574,ap_0295921,907,True,False,False,False,1,0.12463634069555823,457108.0599999996,223324.3200000003,POINT (457108.0599999996 223324.3200000003)
1575,ap_0295922,907,True,False,False,False,1,0.0,457239.3300000001,223175.0,POINT (457239.3300000001 223175)
1576,ap_0295923,907,True,False,False,False,1,0.0,457253.0499999998,222711.90000000037,POINT (457253.0499999998 222711.90000000037)
1577,ap_0295924,907,True,False,False,False,1,0.0,457282.8300000001,222804.66999999993,POINT (457282.8300000001 222804.66999999993)
1578,ap_0295925,907,True,False,False,False,1,0.07599999997764825,457321.54000000004,223875.75,POINT (457321.54000000004 223875.75)
1579,ap_0295926,907,True,False,False,False,1,0.0,457362.26999999955,223908.81000000052,POINT (457362.26999999955 223908.81000000052)
1580,ap_0295927,907,True,False,False,False,1,0.0,457379.5700000003,223911.73000000045,POINT (457379.5700000003 223911.73000000045)
1581,ap_0295928,907,True,False,False,False,1,0.15960726966164263,457406.1299999999,222743.1099999994,POINT (457406.1299999999 222743.1099999994)
1582,ap_0295929,907,True,False,False,False,1,0.0,457438.13999999966,223198.44999999925,POINT (457438.13999999966 223198.44999999925)
1583,ap_0295930,907,True,False,False,False,1,0.310412438718223,457452.1299999999,223853.43999999948,POINT (457452.1299999999 223853.43999999948)
1584,ap_0295931,907,True,False,False,False,1,0.5424225885122199,457468.36000000034,223844.41000000015,POINT (457468.36000000034 223844.41000000015)
1585,ap_0295932,907,True,False,False,False,1,0.43400000035762787,457511.6299999999,223439.76999999955,POINT (457511.6299999999 223439.76999999955)
1586,ap_0295933,907,True,False,False,False,1,0.25038793446139457,457518.9299999997,223747.75,POINT (457518.9299999997 223747.75)
1587,ap_0295934,907,True,False,False,False,1,0.0,457521.2400000002,223959.9600000009,POINT (457521.2400000002 223959.9600000009)
1588,ap_0295935,907,True,False,False,False,1,0.0,457528.3200000003,224031.2899999991,POINT (457528.3200000003 224031.2899999991)
1589,ap_0295936,907,True,False,False,False,1,0.3899999996647239,457537.61000000034,223812.80000000075,POINT (457537.61000000034 223812.80000000075)
1590,ap_0295937,907,True,False,False,False,1,0.0,457576.4500000002,223422.41000000015,POINT (457576.4500000002 223422.41000000015)
1591,ap_0295939,907,True,False,False,False,1,0.0,457603.1500000004,223389.34999999963,POINT (457603.1500000004 223389.34999999963)
1592,ap_0295940,907,True,False,False,False,1,0.0,457603.20999999996,224156.0399999991,POINT (457603.20999999996 224156.0399999991)
1593,ap_0295941,922,True,False,False,False,1,0.20124611847478124,457612.5599999996,225514.4299999997,POINT (457612.5599999996 225514.4299999997)
1594,ap_0295942,922,True,False,False,False,1,0.4185354830050034,457618.54000000004,225537.36999999918,POINT (457618.54000000004 225537.36999999918)
1595,ap_0295943,907,True,False,False,False,1,0.5008792274264331,457624.5099999998,223954.8599999994,POINT (457624.5099999998 223954.8599999994)
1596,ap_0295944,907,True,False,False,False,1,0.47801673693866287,457633.8700000001,223782.5399999991,POINT (457633.8700000001 223782.5399999991)
1597,ap_0295945,907,True,False,False,False,1,0.05219284309337782,457638.36000000034,223724.83000000007,POINT (457638.36000000034 223724.83000000007)
1598,ap_0295946,907,True,False,False,False,1,0.0,457649.71999999974,223734.5399999991,POINT (457649.71999999974 223734.5399999991)
1599,ap_0295947,907,True,False,False,False,1,0.21000000089406967,457658.11000000034,224092.2100000009,POINT (457658.11000000034 224092.2100000009)
1600,ap_0295948,899,True,False,False,False,1,0.0,457113.8300000001,222273.40000000037,POINT (457113.8300000001 222273.40000000037)
1601,ap_0295949,899,True,False,False,False,1,0.0,457127.5700000003,222290.88000000082,POINT (457127.5700000003 222290.88000000082)
1602,ap_0295950,899,True,False,False,False,1,0.5344249238145103,456872.33999999985,222293.44999999925,POINT (456872.33999999985 222293.44999999925)
1603,ap_0295951,899,True,False,False,False,1,0.2981485616375713,457006.4299999997,222294.0700000003,POINT (457006.4299999997 222294.0700000003)
1604,ap_0295952,899,True,False,False,False,1,0.0,457393.08999999985,222299.65000000037,POINT (457393.08999999985 222299.65000000037)
1605,ap_0295953,899,True,False,False,False,1,0.3379763970713212,456855.21999999974,222301.26999999955,POINT (456855.21999999974 222301.26999999955)
1606,ap_0295954,899,True,False,False,False,1,0.0,457001.7599999998,222315.63000000082,POINT (457001.7599999998 222315.63000000082)
1607,ap_0295955,899,True,False,False,False,1,0.32470782647252444,457171.38999999966,222316.94999999925,POINT (457171.38999999966 222316.94999999925)
1608,ap_0295956,899,True,False,False,False,1,0.10775989547623907,457171.5499999998,222326.6099999994,POINT (457171.5499999998 222326.6099999994)
1609,ap_0295957,898,True,False,False,False,1,0.18492689485082925,456504.4000000004,222345.8599999994,POINT (456504.4000000004 222345.8599999994)
1610,ap_0295958,898,True,False,False,False,1,0.0,456530.23000000045,222349.1099999994,POINT (456530.23000000045 222349.1099999994)
1611,ap_0295959,898,True,False,False,False,1,0.0,456502.2599999998,222381.97000000067,POINT (456502.2599999998 222381.97000000067)
1612,ap_0295960,899,True,False,False,False,1,0.0,456805.5700000003,222386.66999999993,POINT (456805.5700000003 222386.66999999993)
1613,ap_0295961,899,True,False,False,False,1,0.013643820730882467,456802.25,222393.58999999985,POINT (456802.25 222393.58999999985)
1614,ap_0295962,898,True,False,False,False,1,0.0,456550.7400000002,222395.72000000067,POINT (456550.7400000002 222395.72000000067)
1615,ap_0295963,898,True,False,False,False,1,0.15000000037252903,456563.1500000004,222397.31000000052,POINT (456563.1500000004 222397.31000000052)
1616,ap_0295964,899,True,False,False,False,1,0.3300560353459753,457322.4500000002,222399.25999999978,POINT (457322.4500000002 222399.25999999978)
1617,ap_0295965,899,True,False,False,False,1,0.033425160297701026,456992.78000000026,222449.5399999991,POINT (456992.78000000026 222449.5399999991)
1618,ap_0295966,899,True,False,False,False,1,0.0,457555.4900000002,222478.36999999918,POINT (457555.4900000002 222478.36999999918)
1619,ap_0295967,899,True,False,False,False,1,0.29068883724157274,457625.6699999999,222488.49000000022,POINT (457625.6699999999 222488.49000000022)
1620,ap_0295968,899,True,False,False,False,1,0.0,456828.5999999996,222498.3900000006,POINT (456828.5999999996 222498.3900000006)
1621,ap_0295969,899,True,False,False,False,1,0.5008942766375816,457626.76999999955,222502.44999999925,POINT (457626.76999999955 222502.44999999925)
1622,ap_0295970,899,True,False,False,False,1,0.0,456822.48000000045,222507.55000000075,POINT (456822.48000000045 222507.55000000075)
1623,ap_0295971,899,True,False,False,False,1,0.03811095714348012,457488.21999999974,222561.2100000009,POINT (457488.21999999974 222561.2100000009)
1624,ap_0295972,899,True,False,False,False,1,0.0,457520.08999999985,222592.8200000003,POINT (457520.08999999985 222592.8200000003)
1625,ap_0295973,899,True,False,False,False,1,0.0,457334.6299999999,222604.1799999997,POINT (457334.6299999999 222604.1799999997)
1626,ap_0295974,907,True,False,False,False,1,0.0,457536.9199999999,222611.5700000003,POINT (457536.9199999999 222611.5700000003)
1627,ap_0295975,907,True,False,False,False,1,0.0,457514.0099999998,222630.56000000052,POINT (457514.0099999998 222630.56000000052)
1628,ap_0295976,907,True,False,False,False,1,0.1345442760540612,457268.11000000034,222638.61999999918,POINT (457268.11000000034 222638.61999999918)
1629,ap_0295977,907,True,False,False,False,1,0.2995381057239855,457443.7000000002,222661.08999999985,POINT (457443.7000000002 222661.08999999985)
1630,ap_0295978,907,True,False,False,False,1,0.0,457428.71999999974,222661.4299999997,POINT (457428.71999999974 222661.4299999997)
1631,ap_0295982,898,True,False,False,False,1,0.47851854731823507,456415.5800000001,222242.76999999955,POINT (456415.5800000001 222242.76999999955)
1632,ap_0295983,898,True,False,False,False,1,0.15249188032857902,456433.71999999974,222229.66999999993,POINT (456433.71999999974 222229.66999999993)
1633,ap_0295984,898,True,False,False,False,1,0.029673015113728638,456547.79000000004,222042.31000000052,POINT (456547.79000000004 222042.31000000052)
1634,ap_0295985,898,True,False,False,False,1,20.015266673853688,456565.7000000002,222009.52999999933,POINT (456565.7000000002 222009.52999999933)
1635,ap_0295988,899,True,False,False,False,1,0.0,456884.3099999996,221950.66000000015,POINT (456884.3099999996 221950.66000000015)
1636,ap_0295989,899,True,False,False,False,1,0.5507267926910353,456897.51999999955,222168.26999999955,POINT (456897.51999999955 222168.26999999955)
1637,ap_0295990,899,True,False,False,False,1,0.0,456906.6699999999,221944.25999999978,POINT (456906.6699999999 221944.25999999978)
1638,ap_0295991,899,True,False,False,False,1,0.5614696475682794,456918.45999999996,222169.66999999993,POINT (456918.45999999996 222169.66999999993)
1639,ap_0295992,899,True,False,False,False,1,0.0,456921.8200000003,221936.98000000045,POINT (456921.8200000003 221936.98000000045)
1640,ap_0295993,899,True,False,False,False,1,0.2570920316835553,456943.8300000001,221897.61999999918,POINT (456943.8300000001 221897.61999999918)
1641,ap_0295994,899,True,False,False,False,1,0.0,457037.0800000001,222081.69999999925,POINT (457037.0800000001 222081.69999999925)
1642,ap_0295995,899,True,False,False,False,1,0.4219789288436004,457039.95999999996,221861.50999999978,POINT (457039.95999999996 221861.50999999978)
1643,ap_0295996,899,True,False,False,False,1,0.06200000010430813,457056.0700000003,222079.00999999978,POINT (457056.0700000003 222079.00999999978)
1644,ap_0295997,899,True,False,False,False,1,0.0,457058.95999999996,221855.94999999925,POINT (457058.95999999996 221855.94999999925)
1645,ap_0295998,899,True,False,False,False,1,0.0,457064.26999999955,222190.6099999994,POINT (457064.26999999955 222190.6099999994)
1646,ap_0295999,899,True,False,False,False,1,0.02121320361998889,457067.63999999966,222184.6099999994,POINT (457067.63999999966 222184.6099999994)
1647,ap_0296000,899,True,False,False,False,1,0.11648704118663393,457136.03000000026,221727.83999999985,POINT (457136.03000000026 221727.83999999985)
1648,ap_0296001,899,True,False,False,False,1,0.0,457155.58999999985,221728.69999999925,POINT (457155.58999999985 221728.69999999925)
1649,ap_0296002,899,True,False,False,False,1,0.3216304608302792,457181.79000000004,222213.63000000082,POINT (457181.79000000004 222213.63000000082)
1650,ap_0296003,899,True,False,False,False,1,0.014142135966174096,457186.71999999974,222221.30000000075,POINT (457186.71999999974 222221.30000000075)
1651,ap_0296004,899,True,False,False,False,1,0.0,457245.7400000002,222118.50999999978,POINT (457245.7400000002 222118.50999999978)
1652,ap_0296005,899,True,False,False,False,1,0.0,457253.4900000002,221763.6400000006,POINT (457253.4900000002 221763.6400000006)
1653,ap_0296006,899,True,False,False,False,1,0.384603692696404,457258.8099999996,221747.51999999955,POINT (457258.8099999996 221747.51999999955)
1654,ap_0296007,899,True,False,False,False,1,0.4656523111003671,457267.5999999996,221602.63000000082,POINT (457267.5999999996 221602.63000000082)
1655,ap_0296008,899,True,False,False,False,1,0.0,457275.11000000034,221615.5,POINT (457275.11000000034 221615.5)
1656,ap_0296009,899,True,False,False,False,1,0.25298981342232635,457301.83999999985,221803.7100000009,POINT (457301.83999999985 221803.7100000009)
1657,ap_0296041,916,True,False,False,False,1,0.0,450982.1900000004,225733.58000000007,POINT (450982.1900000004 225733.58000000007)
1658,ap_0296042,916,True,False,False,False,1,0.0,450907.5599999996,225912.16000000015,POINT (450907.5599999996 225912.16000000015)
1659,ap_0296043,916,True,False,False,False,1,0.0,451467.1500000004,225949.08999999985,POINT (451467.1500000004 225949.08999999985)
1660,ap_0296044,916,True,False,False,False,1,0.0,451469.26999999955,225957.63000000082,POINT (451469.26999999955 225957.63000000082)
1661,ap_0296045,916,True,False,False,False,1,0.2728002938214145,451740.8499999996,225981.31000000052,POINT (451740.8499999996 225981.31000000052)
1662,ap_0296103,916,True,False,False,False,1,0.31780312097505453,450765.6299999999,225637.80000000075,POINT (450765.6299999999 225637.80000000075)
1663,ap_0296104,916,True,False,False,False,1,0.0,450799.9199999999,225621.27999999933,POINT (450799.9199999999 225621.27999999933)
1664,ap_0296105,916,True,False,False,False,1,0.17015974733554334,451119.8700000001,225705.23000000045,POINT (451119.8700000001 225705.23000000045)
1665,ap_0296106,916,True,False,False,False,1,0.0,451148.2000000002,225436.84999999963,POINT (451148.2000000002 225436.84999999963)
1666,ap_0296107,916,True,False,False,False,1,0.33093806076992893,451185.1500000004,225424.56000000052,POINT (451185.1500000004 225424.56000000052)
1667,ap_0296108,916,True,False,False,False,1,0.19922349284977675,451209.25,225579.11999999918,POINT (451209.25 225579.11999999918)
1668,ap_0296109,916,True,False,False,False,1,0.38209946352985413,451415.28000000026,225531.25999999978,POINT (451415.28000000026 225531.25999999978)
1669,ap_0296111,905,True,False,False,False,1,0.0,453094.08999999985,223287.80000000075,POINT (453094.08999999985 223287.80000000075)
1670,ap_0296112,904,True,False,False,False,1,0.0,453263.75,223467.99000000022,POINT (453263.75 223467.99000000022)
1671,ap_0296114,919,True,False,False,False,1,0.0,456003.36000000034,225688.76999999955,POINT (456003.36000000034 225688.76999999955)
1672,ap_0296115,919,True,False,False,False,1,0.17565488718087446,456011.13999999966,225677.86999999918,POINT (456011.13999999966 225677.86999999918)
1673,ap_0296116,919,True,False,False,False,1,24.454208704131577,456020.70999999996,225654.99000000022,POINT (456020.70999999996 225654.99000000022)
1674,ap_0296117,918,True,False,False,False,1,0.34435446791854746,456059.1299999999,225627.44999999925,POINT (456059.1299999999 225627.44999999925)
1675,ap_0296118,918,True,False,False,False,1,0.0,456092.2400000002,225573.34999999963,POINT (456092.2400000002 225573.34999999963)
1676,ap_0296119,907,True,False,False,False,1,0.14000000059604645,456778.36000000034,223038.1400000006,POINT (456778.36000000034 223038.1400000006)
1677,ap_0296120,907,True,False,False,False,1,0.22742708001839587,456822.0800000001,223037.2899999991,POINT (456822.0800000001 223037.2899999991)
1678,ap_0296121,907,True,False,False,False,1,0.46097722296566046,456839.5499999998,222972.90000000037,POINT (456839.5499999998 222972.90000000037)
1679,ap_0296122,907,True,False,False,False,1,0.0,456863.08999999985,222857.3200000003,POINT (456863.08999999985 222857.3200000003)
1680,ap_0296123,907,True,False,False,False,1,0.1644384381873909,456867.9900000002,222919.16999999993,POINT (456867.9900000002 222919.16999999993)
1681,ap_0296124,907,True,False,False,False,1,0.49244289039240197,456870.51999999955,223104.1099999994,POINT (456870.51999999955 223104.1099999994)
1682,ap_0296125,907,True,False,False,False,1,0.37483329540523597,456877.0599999996,223047.63000000082,POINT (456877.0599999996 223047.63000000082)
1683,ap_0296126,907,True,False,False,False,1,0.4039814049689691,456880.45999999996,223008.91999999993,POINT (456880.45999999996 223008.91999999993)
1684,ap_0296127,907,True,False,False,False,1,0.0,456880.61000000034,223122.88000000082,POINT (456880.61000000034 223122.88000000082)
1685,ap_0296128,907,True,False,False,False,1,0.35410201276988984,456881.8200000003,222852.6799999997,POINT (456881.8200000003 222852.6799999997)
1686,ap_0296129,907,True,False,False,False,1,0.0,456885.78000000026,222914.69999999925,POINT (456885.78000000026 222914.69999999925)
1687,ap_0296130,907,True,False,False,False,1,0.0,456900.58999999985,223113.91999999993,POINT (456900.58999999985 223113.91999999993)
1688,ap_0296131,907,True,False,False,False,1,0.0,456921.6299999999,223064.2899999991,POINT (456921.6299999999 223064.2899999991)
1689,ap_0296132,907,True,False,False,False,1,0.0,456931.75,222993.26999999955,POINT (456931.75 222993.26999999955)
1690,ap_0296133,907,True,False,False,False,1,0.3448187927925468,456939.2999999998,223004.83000000007,POINT (456939.2999999998 223004.83000000007)
1691,ap_0296134,824,True,False,False,False,1,0.44922154858671104,450651.1299999999,218004.5700000003,POINT (450651.1299999999 218004.5700000003)
1692,ap_0296135,825,True,False,False,False,1,0.4199999999254942,450672.5800000001,218003.06000000052,POINT (450672.5800000001 218003.06000000052)
1693,ap_0296138,826,True,False,False,False,1,0.0,452927.7599999998,218374.99000000022,POINT (452927.7599999998 218374.99000000022)
1694,ap_0296139,826,True,False,False,False,1,0.0,452932.9199999999,218400.8599999994,POINT (452932.9199999999 218400.8599999994)
1695,ap_0296140,826,True,False,False,False,1,0.13548388274813233,452934.1799999997,218441.05000000075,POINT (452934.1799999997 218441.05000000075)
1696,ap_0296141,826,True,False,False,False,1,0.303578655364384,452942.45999999996,218401.58000000007,POINT (452942.45999999996 218401.58000000007)
1697,ap_0296142,826,True,False,False,False,1,0.0,452944.33999999985,218362.30000000075,POINT (452944.33999999985 218362.30000000075)
1698,ap_0296143,871,True,False,False,False,1,0.0,453116.46999999974,218549.30000000075,POINT (453116.46999999974 218549.30000000075)
1699,ap_0296144,870,True,False,False,False,1,0.0,453209.4500000002,219086.73000000045,POINT (453209.4500000002 219086.73000000045)
1700,ap_0296150,873,True,False,False,False,1,0.4332320394784092,455819.6200000001,219707.33000000007,POINT (455819.6200000001 219707.33000000007)
1701,ap_0296151,898,True,False,False,False,1,0.2933986346794618,455827.41000000015,221413.51999999955,POINT (455827.41000000015 221413.51999999955)
1702,ap_0296152,873,True,False,False,False,1,0.0,455886.58999999985,219689.73000000045,POINT (455886.58999999985 219689.73000000045)
1703,ap_0296154,873,True,False,False,False,1,0.3512833609765719,456005.6500000004,219389.97000000067,POINT (456005.6500000004 219389.97000000067)
1704,ap_0296158,898,True,False,False,False,1,0.0,456132.46999999974,221324.55000000075,POINT (456132.46999999974 221324.55000000075)
1705,ap_0296159,898,True,False,False,False,1,0.039487699111792965,456184.3700000001,221342.09999999963,POINT (456184.3700000001 221342.09999999963)
1706,ap_0296163,828,True,False,False,False,1,0.0,457445.3700000001,217600.69999999925,POINT (457445.3700000001 217600.69999999925)
1707,ap_0296164,828,True,False,False,False,1,0.0,457459.5499999998,217603.75,POINT (457459.5499999998 217603.75)
1708,ap_0297126,613,True,False,False,False,1,0.0,452932.4500000002,208431.43999999948,POINT (452932.4500000002 208431.43999999948)
1709,ap_0297127,613,True,False,False,False,1,0.0,452932.46999999974,208431.43999999948,POINT (452932.46999999974 208431.43999999948)
1710,ap_0297128,613,True,False,False,False,1,0.0,452954.9299999997,208508.52999999933,POINT (452954.9299999997 208508.52999999933)
1711,ap_0297129,613,True,False,False,False,1,0.03387194670109133,452980.9000000004,208399.0,POINT (452980.9000000004 208399)
1712,ap_0297130,614,True,False,False,False,1,0.0,452998.0599999996,208799.61999999918,POINT (452998.0599999996 208799.61999999918)
1713,ap_0297131,404,True,False,False,False,1,0.0,453017.8799999999,207232.72000000067,POINT (453017.8799999999 207232.72000000067)
1714,ap_0297132,404,True,False,False,False,1,0.0,453022.5700000003,207189.6099999994,POINT (453022.5700000003 207189.6099999994)
1715,ap_0297133,613,True,False,False,False,1,0.0,453043.78000000026,208384.49000000022,POINT (453043.78000000026 208384.49000000022)
1716,ap_0297137,404,True,False,False,False,1,0.0,453493.01999999955,208082.84999999963,POINT (453493.01999999955 208082.84999999963)
1717,ap_0297138,404,True,False,False,False,1,0.0,453496.70999999996,208085.22000000067,POINT (453496.70999999996 208085.22000000067)
1718,ap_0297139,404,True,False,False,False,1,0.06579497366980341,453534.2999999998,208174.36999999918,POINT (453534.2999999998 208174.36999999918)
1719,ap_0297140,404,True,False,False,False,1,0.0,453541.8300000001,208070.1400000006,POINT (453541.8300000001 208070.1400000006)
1720,ap_0297141,404,True,False,False,False,1,0.16894118308682235,453543.4400000004,208067.72000000067,POINT (453543.4400000004 208067.72000000067)
1721,ap_0297142,404,True,False,False,False,1,0.23021728910133069,453543.76999999955,208193.99000000022,POINT (453543.76999999955 208193.99000000022)
1722,ap_0297144,404,True,False,False,False,1,0.27417106264899926,453629.33999999985,208095.01999999955,POINT (453629.33999999985 208095.01999999955)
1723,ap_0297145,404,True,False,False,False,1,0.21296467893391602,453642.1500000004,208114.83999999985,POINT (453642.1500000004 208114.83999999985)
1724,ap_0297146,404,True,False,False,False,1,0.0,453670.73000000045,208167.5399999991,POINT (453670.73000000045 208167.5399999991)
1725,ap_0297147,404,True,False,False,False,1,0.0,453708.9500000002,207561.90000000037,POINT (453708.9500000002 207561.90000000037)
1726,ap_0297148,404,True,False,False,False,1,0.0,453729.5499999998,207502.44999999925,POINT (453729.5499999998 207502.44999999925)
1727,ap_0297149,404,True,False,False,False,1,0.0,453736.5700000003,207552.51999999955,POINT (453736.5700000003 207552.51999999955)
1728,ap_0297150,404,True,False,False,False,1,0.0,453759.6500000004,207555.94999999925,POINT (453759.6500000004 207555.94999999925)
1729,ap_0297151,404,True,False,False,False,1,0.0,453780.7000000002,207550.06000000052,POINT (453780.7000000002 207550.06000000052)
1730,ap_0297152,404,True,False,False,False,1,0.21328509264315418,454008.0499999998,208020.3900000006,POINT (454008.0499999998 208020.3900000006)
1731,ap_0297153,610,True,False,False,False,1,0.45762766198913496,454028.6500000004,209971.69999999925,POINT (454028.6500000004 209971.69999999925)
1732,ap_0297154,611,True,False,False,False,1,0.0894427187667915,454055.0,208223.80000000075,POINT (454055 208223.80000000075)
1733,ap_0297155,611,True,False,False,False,1,0.0,454057.23000000045,208220.43999999948,POINT (454057.23000000045 208220.43999999948)
1734,ap_0297156,404,True,False,False,False,1,0.009999999776482582,454077.0099999998,207862.84999999963,POINT (454077.0099999998 207862.84999999963)
1735,ap_0297158,249,True,False,False,False,1,0.37745899665294946,451147.2999999998,205273.24000000022,POINT (451147.2999999998 205273.24000000022)
1736,ap_0297159,237,True,False,False,False,1,0.019999999552965164,452427.48000000045,205277.01999999955,POINT (452427.48000000045 205277.01999999955)
1737,ap_0297160,236,True,False,False,False,1,5.27127872973103,452404.86000000034,205291.16000000015,POINT (452404.86000000034 205291.16000000015)
1738,ap_0297161,235,True,False,False,False,1,0.0,452510.3099999996,205307.0700000003,POINT (452510.3099999996 205307.0700000003)
1739,ap_0297162,236,True,False,False,False,1,0.1852920687451285,452365.5800000001,205378.1799999997,POINT (452365.5800000001 205378.1799999997)
1740,ap_0297163,236,True,False,False,False,1,0.14687392989346845,452514.16000000015,205513.8900000006,POINT (452514.16000000015 205513.8900000006)
1741,ap_0297164,236,True,False,False,False,1,0.1397391391483103,452514.1299999999,205514.0700000003,POINT (452514.1299999999 205514.0700000003)
1742,ap_0297165,234,True,False,False,False,1,13.73527726058039,452508.7599999998,205541.08000000007,POINT (452508.7599999998 205541.08000000007)
1743,ap_0297166,234,True,False,False,False,1,0.1773206233244132,452514.9400000004,205561.6799999997,POINT (452514.9400000004 205561.6799999997)
1744,ap_0297167,234,True,False,False,False,1,0.0,452514.3499999996,205563.0399999991,POINT (452514.3499999996 205563.0399999991)
1745,ap_0297172,246,True,False,False,False,1,0.4118438842650696,451421.5599999996,205859.09999999963,POINT (451421.5599999996 205859.09999999963)
1746,ap_0297173,246,True,False,False,False,1,0.2293814226374711,451497.88999999966,205863.41000000015,POINT (451497.88999999966 205863.41000000015)
1747,ap_0297174,244,True,False,False,False,1,0.35144038846130393,451562.63999999966,205896.6099999994,POINT (451562.63999999966 205896.6099999994)
1748,ap_0297175,244,True,False,False,False,1,0.34839497788897233,451562.61000000034,205896.6099999994,POINT (451562.61000000034 205896.6099999994)
1749,ap_0297176,244,True,False,False,False,1,0.0,451465.96999999974,205898.34999999963,POINT (451465.96999999974 205898.34999999963)
1750,ap_0297177,244,True,False,False,False,1,0.47490699278442183,451451.95999999996,205902.50999999978,POINT (451451.95999999996 205902.50999999978)
1751,ap_0297178,244,True,False,False,False,1,0.0,451578.51999999955,205949.02999999933,POINT (451578.51999999955 205949.02999999933)
1752,ap_0297179,240,True,False,False,False,1,0.20919056937657576,452133.29000000004,205981.98000000045,POINT (452133.29000000004 205981.98000000045)
1753,ap_0297180,244,True,False,False,False,1,0.0,451411.33999999985,205984.23000000045,POINT (451411.33999999985 205984.23000000045)
1754,ap_0297181,244,True,False,False,False,1,0.0,451411.33999999985,205984.25,POINT (451411.33999999985 205984.25)
1755,ap_0297182,248,True,False,False,False,1,0.056717119871623804,451190.95999999996,206008.83000000007,POINT (451190.95999999996 206008.83000000007)
1756,ap_0297183,248,True,False,False,False,1,0.0,451217.73000000045,206016.88000000082,POINT (451217.73000000045 206016.88000000082)
1757,ap_0297184,250,True,False,False,False,1,0.17736967042560284,451174.1299999999,206035.3900000006,POINT (451174.1299999999 206035.3900000006)
1758,ap_0297185,244,True,False,False,False,1,0.08282364476182964,451400.9299999997,206042.88000000082,POINT (451400.9299999997 206042.88000000082)
1759,ap_0297186,244,True,False,False,False,1,0.08061501428969946,451400.9299999997,206042.90000000037,POINT (451400.9299999997 206042.90000000037)
1760,ap_0297187,244,True,False,False,False,1,0.23000000044703484,451507.23000000045,206051.0,POINT (451507.23000000045 206051)
1761,ap_0297188,616,True,False,False,False,1,0.09848857751867643,452733.08999999985,208904.0399999991,POINT (452733.08999999985 208904.0399999991)
1762,ap_0297189,606,True,False,False,False,1,0.0,451144.5,208959.08000000007,POINT (451144.5 208959.08000000007)
1763,ap_0297190,604,True,False,False,False,1,0.13581995014683867,452517.0700000003,209016.72000000067,POINT (452517.0700000003 209016.72000000067)
1764,ap_0297191,604,True,False,False,False,1,0.5887750829774705,452510.4500000002,209039.38000000082,POINT (452510.4500000002 209039.38000000082)
1765,ap_0297193,607,True,False,False,False,1,0.0,450826.33999999985,209231.3900000006,POINT (450826.33999999985 209231.3900000006)
1766,ap_0297195,607,True,False,False,False,1,0.4581702736709909,450808.5700000003,209317.8200000003,POINT (450808.5700000003 209317.8200000003)
1767,ap_0297196,605,True,False,False,False,1,0.0,451140.21999999974,209877.06000000052,POINT (451140.21999999974 209877.06000000052)
1768,ap_0297197,605,True,False,False,False,1,0.0,451136.86000000034,210013.01999999955,POINT (451136.86000000034 210013.01999999955)
1769,ap_0297198,605,True,False,False,False,1,0.0,451114.4500000002,210023.8200000003,POINT (451114.4500000002 210023.8200000003)
1770,ap_0297199,605,True,False,False,False,1,0.0,451109.0599999996,210025.83999999985,POINT (451109.0599999996 210025.83999999985)
1771,ap_0297200,605,True,False,False,False,1,0.0,451133.1699999999,210056.6799999997,POINT (451133.1699999999 210056.6799999997)
1772,ap_0297201,605,True,False,False,False,1,0.0,451133.0,210056.74000000022,POINT (451133 210056.74000000022)
1773,ap_0297202,605,True,False,False,False,1,0.0,451143.3799999999,210071.4299999997,POINT (451143.3799999999 210071.4299999997)
1774,ap_0297203,605,True,False,False,False,1,0.0,451183.9900000002,210097.59999999963,POINT (451183.9900000002 210097.59999999963)
1775,ap_0297204,605,True,False,False,False,1,0.3273009701923314,451122.76999999955,210121.68999999948,POINT (451122.76999999955 210121.68999999948)
1776,ap_0297205,605,True,False,False,False,1,48.75106665439113,451103.1200000001,210211.1099999994,POINT (451103.1200000001 210211.1099999994)
1777,ap_0297209,680,True,False,False,False,1,0.28600699323671097,450979.8300000001,210350.23000000045,POINT (450979.8300000001 210350.23000000045)
1778,ap_0297211,680,True,False,False,False,1,14.220364487132498,450986.46999999974,210430.09999999963,POINT (450986.46999999974 210430.09999999963)
1779,ap_0297212,680,True,False,False,False,1,0.0,450951.7000000002,210463.66000000015,POINT (450951.7000000002 210463.66000000015)
1780,ap_0297213,680,True,False,False,False,1,4.575423477027716,450967.9900000002,210468.11999999918,POINT (450967.9900000002 210468.11999999918)
1781,ap_0297219,395,True,False,False,False,1,0.0,451254.0599999996,207146.0,POINT (451254.0599999996 207146)
1782,ap_0297221,404,True,False,False,False,1,0.0,452901.46999999974,207271.49000000022,POINT (452901.46999999974 207271.49000000022)
1783,ap_0297222,395,True,False,False,False,1,0.5303300858899106,451186.6500000004,207283.40000000037,POINT (451186.6500000004 207283.40000000037)
1784,ap_0297223,404,True,False,False,False,1,0.0,452855.0599999996,207314.0399999991,POINT (452855.0599999996 207314.0399999991)
1785,ap_0297226,395,True,False,False,False,1,0.0,451556.3499999996,207521.05000000075,POINT (451556.3499999996 207521.05000000075)
1786,ap_0297227,399,True,False,False,False,1,0.45038106418056145,450889.4900000002,207524.72000000067,POINT (450889.4900000002 207524.72000000067)
1787,ap_0297228,399,True,False,False,False,1,0.4057368773946879,450910.0499999998,207533.58000000007,POINT (450910.0499999998 207533.58000000007)
1788,ap_0297229,399,True,False,False,False,1,0.4122708008766327,450868.5499999998,207546.0,POINT (450868.5499999998 207546)
1789,ap_0297230,389,True,False,False,False,1,0.0,452608.54000000004,207585.2899999991,POINT (452608.54000000004 207585.2899999991)
1790,ap_0297232,389,True,False,False,False,1,0.0,452595.36000000034,207624.59999999963,POINT (452595.36000000034 207624.59999999963)
1791,ap_0297233,404,True,False,False,False,1,0.4332320394784092,452701.36000000034,207639.7100000009,POINT (452701.36000000034 207639.7100000009)
1792,ap_0297234,389,True,False,False,False,1,0.0,452615.3499999996,207645.88000000082,POINT (452615.3499999996 207645.88000000082)
1793,ap_0297235,397,True,False,False,False,1,0.0,451181.28000000026,208147.98000000045,POINT (451181.28000000026 208147.98000000045)
1794,ap_0297237,615,True,False,False,False,1,0.09800000041723252,452782.45999999996,208380.44999999925,POINT (452782.45999999996 208380.44999999925)
1795,ap_0297238,615,True,False,False,False,1,0.0,452713.61000000034,208411.38000000082,POINT (452713.61000000034 208411.38000000082)
1796,ap_0297241,603,True,False,False,False,1,0.008854377839580818,452689.9000000004,208706.16000000015,POINT (452689.9000000004 208706.16000000015)
1797,ap_0297246,616,True,False,False,False,1,0.0,452719.6699999999,208842.49000000022,POINT (452719.6699999999 208842.49000000022)
1798,ap_0297250,244,True,False,False,False,1,0.3667527054769115,451435.88999999966,206067.34999999963,POINT (451435.88999999966 206067.34999999963)
1799,ap_0297251,238,True,False,False,False,1,0.33942702920611484,452393.41000000015,206096.09999999963,POINT (452393.41000000015 206096.09999999963)
1800,ap_0297252,238,True,False,False,False,1,0.24206933104369793,452416.0999999996,206134.76999999955,POINT (452416.0999999996 206134.76999999955)
1801,ap_0297253,241,True,False,False,False,1,0.11313708509521474,452069.4199999999,206143.74000000022,POINT (452069.4199999999 206143.74000000022)
1802,ap_0297254,232,True,False,False,False,1,0.43416586762114584,450642.20999999996,206150.61999999918,POINT (450642.20999999996 206150.61999999918)
1803,ap_0297256,241,True,False,False,False,1,0.0,452002.3300000001,206161.83999999985,POINT (452002.3300000001 206161.83999999985)
1804,ap_0297258,393,True,False,False,False,1,0.0,451983.4000000004,206611.3599999994,POINT (451983.4000000004 206611.3599999994)
1805,ap_0297259,393,True,False,False,False,1,0.31895261241622286,451980.8300000001,206614.73000000045,POINT (451980.8300000001 206614.73000000045)
1806,ap_0297272,400,True,False,False,False,1,0.24748737381041835,450736.2999999998,206926.94999999925,POINT (450736.2999999998 206926.94999999925)
1807,ap_0297273,398,True,False,False,False,1,0.0,451138.0,206970.09999999963,POINT (451138 206970.09999999963)
1808,ap_0297274,398,True,False,False,False,1,0.0,451120.53000000026,206990.23000000045,POINT (451120.53000000026 206990.23000000045)
1809,ap_0297275,398,True,False,False,False,1,0.0,451161.9900000002,206999.8900000006,POINT (451161.9900000002 206999.8900000006)
1810,ap_0297276,395,True,False,False,False,1,0.4373785542932129,451820.4299999997,207012.91999999993,POINT (451820.4299999997 207012.91999999993)
1811,ap_0297277,395,True,False,False,False,1,0.053228991966046066,451881.1500000004,207037.0,POINT (451881.1500000004 207037)
1812,ap_0297278,395,True,False,False,False,1,0.4656684009552046,451342.0800000001,207063.5399999991,POINT (451342.0800000001 207063.5399999991)
1813,ap_0297279,395,True,False,False,False,1,0.0,451572.5999999996,207078.3900000006,POINT (451572.5999999996 207078.3900000006)
1814,ap_0297280,395,True,False,False,False,1,0.0,452018.48000000045,207089.4600000009,POINT (452018.48000000045 207089.4600000009)
1815,ap_0297281,369,True,False,False,False,1,2.7372431382667384,450075.4299999997,207846.25999999978,POINT (450075.4299999997 207846.25999999978)
1816,ap_0297282,385,True,False,False,False,1,0.0,450103.0700000003,206375.5,POINT (450103.0700000003 206375.5)
1817,ap_0297283,385,True,False,False,False,1,0.0,450108.78000000026,206271.97000000067,POINT (450108.78000000026 206271.97000000067)
1818,ap_0297284,385,True,False,False,False,1,0.0,450118.6699999999,206287.7100000009,POINT (450118.6699999999 206287.7100000009)
1819,ap_0297285,385,True,False,False,False,1,0.0,450120.4299999997,206283.24000000022,POINT (450120.4299999997 206283.24000000022)
1820,ap_0297286,384,True,False,False,False,1,0.0,450138.45999999996,206187.50999999978,POINT (450138.45999999996 206187.50999999978)
1821,ap_0297287,338,True,True,True,True,3,6.656514996643096,450171.8499999996,207843.8900000006,POINT (450171.8499999996 207843.8900000006)
1822,ap_0297288,384,True,False,False,False,1,23.05042963637204,450201.96999999974,206240.0399999991,POINT (450201.96999999974 206240.0399999991)
1823,ap_0297289,558,True,False,False,False,1,0.40804411545378544,450231.7599999998,208400.66999999993,POINT (450231.7599999998 208400.66999999993)
1824,ap_0297290,368,True,False,False,False,1,31.47770004377139,450250.66000000015,207273.69999999925,POINT (450250.66000000015 207273.69999999925)
1825,ap_0297291,384,True,False,False,False,1,39.8747351089976,450258.36000000034,206236.4299999997,POINT (450258.36000000034 206236.4299999997)
1826,ap_0297297,365,True,False,False,False,1,0.21774074556704484,450379.23000000045,207876.30000000075,POINT (450379.23000000045 207876.30000000075)
1827,ap_0297299,365,True,False,False,False,1,0.25174409408006676,450442.7000000002,207896.16999999993,POINT (450442.7000000002 207896.16999999993)
1828,ap_0297300,365,True,False,False,False,1,0.0,450444.4199999999,207831.01999999955,POINT (450444.4199999999 207831.01999999955)
1829,ap_0297301,365,True,False,False,False,1,0.0,450447.58999999985,207858.6099999994,POINT (450447.58999999985 207858.6099999994)
1830,ap_0297303,232,True,False,False,False,1,0.0,450452.21999999974,205948.83000000007,POINT (450452.21999999974 205948.83000000007)
1831,ap_0297304,365,True,False,False,False,1,0.0,450464.9299999997,207888.0700000003,POINT (450464.9299999997 207888.0700000003)
1832,ap_0297305,365,True,False,False,False,1,0.0,450468.46999999974,207901.08000000007,POINT (450468.46999999974 207901.08000000007)
1833,ap_0297306,365,True,False,False,False,1,0.49648766376237474,450476.28000000026,207887.58999999985,POINT (450476.28000000026 207887.58999999985)
1834,ap_0297307,556,True,False,False,False,1,0.0,450476.33999999985,209113.00999999978,POINT (450476.33999999985 209113.00999999978)
1835,ap_0297308,556,True,False,False,False,1,0.0,450487.0,209097.00999999978,POINT (450487 209097.00999999978)
1836,ap_0297310,232,True,False,False,False,1,0.0,450570.2000000002,206150.83000000007,POINT (450570.2000000002 206150.83000000007)
1837,ap_0297311,364,True,False,False,False,1,0.0,450576.79000000004,207186.88000000082,POINT (450576.79000000004 207186.88000000082)
1838,ap_0297312,733,True,False,False,False,1,0.0214534568955505,449124.8300000001,213430.74000000022,POINT (449124.8300000001 213430.74000000022)
1839,ap_0297313,733,True,False,False,False,1,0.18027756439312523,449126.25,213431.94999999925,POINT (449126.25 213431.94999999925)
1840,ap_0297315,733,True,False,False,False,1,0.09768722987242154,449283.0,213608.13000000082,POINT (449283 213608.13000000082)
1841,ap_0297316,733,True,False,False,False,1,0.0,449283.6500000004,212611.59999999963,POINT (449283.6500000004 212611.59999999963)
1842,ap_0297317,733,True,False,False,False,1,0.14999999925494195,449461.91000000015,213061.11999999918,POINT (449461.91000000015 213061.11999999918)
1843,ap_0297318,733,True,False,False,False,1,0.0035663143296482225,449501.95999999996,212917.98000000045,POINT (449501.95999999996 212917.98000000045)
1844,ap_0297319,733,True,False,False,False,1,0.08944271918329161,449541.04000000004,213083.08000000007,POINT (449541.04000000004 213083.08000000007)
1845,ap_0297320,733,True,False,False,False,1,0.0,449554.5599999996,213033.50999999978,POINT (449554.5599999996 213033.50999999978)
1846,ap_0297321,733,True,False,False,False,1,0.0,449558.76999999955,212951.26999999955,POINT (449558.76999999955 212951.26999999955)
1847,ap_0297322,733,True,False,False,False,1,0.3324154030184413,449578.3200000003,212952.91000000015,POINT (449578.3200000003 212952.91000000015)
1848,ap_0297327,733,True,False,False,False,1,0.45603707247851116,449746.5599999996,213899.11999999918,POINT (449746.5599999996 213899.11999999918)
1849,ap_0297329,733,True,False,False,False,1,0.0,449759.0800000001,213939.6400000006,POINT (449759.0800000001 213939.6400000006)
1850,ap_0297332,733,True,False,False,False,1,0.0,449772.1900000004,213982.05000000075,POINT (449772.1900000004 213982.05000000075)
1851,ap_0297333,733,True,False,False,False,1,0.0,449780.3300000001,213918.83000000007,POINT (449780.3300000001 213918.83000000007)
1852,ap_0297334,733,True,False,False,False,1,0.4788803137184825,449781.58999999985,214007.27999999933,POINT (449781.58999999985 214007.27999999933)
1853,ap_0297336,733,True,False,False,False,1,0.2360084738053641,449852.13999999966,213845.81000000052,POINT (449852.13999999966 213845.81000000052)
1854,ap_0297337,733,True,False,False,False,1,0.349226945631503,449968.9199999999,214008.49000000022,POINT (449968.9199999999 214008.49000000022)
1855,ap_0297338,733,True,False,False,False,1,0.12679300892381395,449977.1699999999,213014.1400000006,POINT (449977.1699999999 213014.1400000006)
1856,ap_0297339,733,True,False,False,False,1,0.0,450103.38999999966,212961.88000000082,POINT (450103.38999999966 212961.88000000082)
1857,ap_0297341,733,True,False,False,False,1,0.0,450396.9500000002,213593.77999999933,POINT (450396.9500000002 213593.77999999933)
1858,ap_0297342,733,True,False,False,False,1,8.33000234328132e-10,450400.7599999998,213588.11999999918,POINT (450400.7599999998 213588.11999999918)
1859,ap_0297344,587,True,False,False,False,1,0.0,448689.3700000001,209409.43999999948,POINT (448689.3700000001 209409.43999999948)
1860,ap_0297345,530,True,True,True,True,3,0.0,448737.13999999966,209429.0399999991,POINT (448737.13999999966 209429.0399999991)
1861,ap_0297346,533,True,False,True,True,2,0.0,449059.9000000004,209472.5700000003,POINT (449059.9000000004 209472.5700000003)
1862,ap_0297348,533,True,False,True,True,2,0.0,449109.70999999996,209505.83999999985,POINT (449109.70999999996 209505.83999999985)
1863,ap_0297349,530,True,True,True,True,3,0.346482322939459,448975.9000000004,209550.3900000006,POINT (448975.9000000004 209550.3900000006)
1864,ap_0297350,530,True,True,True,True,3,0.0,449492.8799999999,209575.0700000003,POINT (449492.8799999999 209575.0700000003)
1865,ap_0297351,535,True,False,True,True,2,0.0,449553.76999999955,209627.5399999991,POINT (449553.76999999955 209627.5399999991)
1866,ap_0297352,594,True,False,False,False,1,0.0,448874.5499999998,209685.1099999994,POINT (448874.5499999998 209685.1099999994)
1867,ap_0297353,535,True,False,True,True,2,0.0,449537.45999999996,209718.94999999925,POINT (449537.45999999996 209718.94999999925)
1868,ap_0297354,530,True,True,True,True,3,0.0,449157.6799999997,209732.8900000006,POINT (449157.6799999997 209732.8900000006)
1869,ap_0297355,590,True,False,False,False,1,0.27054893296268184,449686.04000000004,209818.68999999948,POINT (449686.04000000004 209818.68999999948)
1870,ap_0297356,590,True,False,False,False,1,0.0,449658.0,209821.19999999925,POINT (449658 209821.19999999925)
1871,ap_0297357,590,True,False,False,False,1,0.26870057611331816,449707.1799999997,209839.80000000075,POINT (449707.1799999997 209839.80000000075)
1872,ap_0297358,590,True,False,False,False,1,0.0,449667.0999999996,209845.34999999963,POINT (449667.0999999996 209845.34999999963)
1873,ap_0297359,592,True,False,False,False,1,0.0,449441.54000000004,209944.75999999978,POINT (449441.54000000004 209944.75999999978)
1874,ap_0297360,595,True,False,False,False,1,0.0,448772.83999999985,209989.31000000052,POINT (448772.83999999985 209989.31000000052)
1875,ap_0297361,595,True,False,False,False,1,0.4964070907383933,448758.54000000004,209998.18999999948,POINT (448758.54000000004 209998.18999999948)
1876,ap_0297362,679,True,False,False,False,1,0.0,450026.95999999996,210411.16999999993,POINT (450026.95999999996 210411.16999999993)
1877,ap_0297363,679,True,False,False,False,1,0.0,450028.5099999998,210411.86999999918,POINT (450028.5099999998 210411.86999999918)
1878,ap_0297364,679,True,False,False,False,1,0.0,450085.0599999996,210438.13000000082,POINT (450085.0599999996 210438.13000000082)
1879,ap_0297365,679,True,False,False,False,1,0.0,450115.9500000002,210452.33999999985,POINT (450115.9500000002 210452.33999999985)
1880,ap_0297366,679,True,False,False,False,1,0.4822894280602231,450122.21999999974,210455.5700000003,POINT (450122.21999999974 210455.5700000003)
1881,ap_0297367,679,True,False,False,False,1,0.0,450074.38999999966,210523.47000000067,POINT (450074.38999999966 210523.47000000067)
1882,ap_0297368,679,True,False,False,False,1,0.0,450060.63999999966,210548.99000000022,POINT (450060.63999999966 210548.99000000022)
1883,ap_0297369,679,True,False,False,False,1,0.0,450305.76999999955,210551.94999999925,POINT (450305.76999999955 210551.94999999925)
1884,ap_0297370,679,True,False,False,False,1,16.78067670422256,450316.7999999998,210649.65000000037,POINT (450316.7999999998 210649.65000000037)
1885,ap_0297371,679,True,False,False,False,1,8.185199999660252,450103.23000000045,210708.00999999978,POINT (450103.23000000045 210708.00999999978)
1886,ap_0297376,774,True,False,False,False,1,0.0,448473.08999999985,214957.81000000052,POINT (448473.08999999985 214957.81000000052)
1887,ap_0297381,778,True,False,False,False,1,0.019414506433934973,449076.6699999999,214472.5399999991,POINT (449076.6699999999 214472.5399999991)
1888,ap_0297389,778,True,False,False,False,1,0.0,449648.6799999997,214774.1099999994,POINT (449648.6799999997 214774.1099999994)
1889,ap_0297390,778,True,False,False,False,1,0.4472135959164581,449695.78000000026,214767.6099999994,POINT (449695.78000000026 214767.6099999994)
1890,ap_0297391,778,True,False,False,False,1,0.0,449718.48000000045,214847.55000000075,POINT (449718.48000000045 214847.55000000075)
1891,ap_0297392,778,True,False,False,False,1,0.050700017493756515,449719.0099999998,214858.55000000075,POINT (449719.0099999998 214858.55000000075)
1892,ap_0297393,778,True,False,False,False,1,0.543360435420383,449833.58999999985,215500.5399999991,POINT (449833.58999999985 215500.5399999991)
1893,ap_0297394,778,True,False,False,False,1,0.0,449864.63999999966,215519.08999999985,POINT (449864.63999999966 215519.08999999985)
1894,ap_0297395,865,True,False,False,False,1,0.0,449932.3300000001,219235.00999999978,POINT (449932.3300000001 219235.00999999978)
1895,ap_0297396,865,True,False,False,False,1,0.09433981128502683,449943.0499999998,219228.91999999993,POINT (449943.0499999998 219228.91999999993)
1896,ap_0297397,864,True,False,False,False,1,0.3720215052013739,449976.78000000026,219481.69999999925,POINT (449976.78000000026 219481.69999999925)
1897,ap_0297398,864,True,False,False,False,1,0.0,450006.75,219517.68999999948,POINT (450006.75 219517.68999999948)
1898,ap_0297399,824,True,False,False,False,1,0.0,450045.8700000001,217850.52999999933,POINT (450045.8700000001 217850.52999999933)
1899,ap_0297400,864,True,False,False,False,1,0.0,450049.1799999997,219462.0700000003,POINT (450049.1799999997 219462.0700000003)
1900,ap_0297401,824,True,False,False,False,1,0.17677669529663687,450065.0700000003,217826.6799999997,POINT (450065.0700000003 217826.6799999997)
1901,ap_0297405,526,True,False,False,False,1,0.14644805943991823,447498.20999999996,208857.90000000037,POINT (447498.20999999996 208857.90000000037)
1902,ap_0297406,526,True,False,False,False,1,0.0,447515.0700000003,208787.99000000022,POINT (447515.0700000003 208787.99000000022)
1903,ap_0297407,228,True,False,False,False,1,0.3313440345179437,447566.2599999998,205694.22000000067,POINT (447566.2599999998 205694.22000000067)
1904,ap_0297408,334,True,False,False,False,1,0.0,447573.4199999999,206177.41000000015,POINT (447573.4199999999 206177.41000000015)
1905,ap_0297409,228,True,False,False,False,1,0.0637905221732817,447585.45999999996,205679.76999999955,POINT (447585.45999999996 205679.76999999955)
1906,ap_0297410,334,True,False,False,False,1,0.0,447586.88999999966,206177.40000000037,POINT (447586.88999999966 206177.40000000037)
1907,ap_0297412,333,True,False,False,False,1,0.08999999985098839,448100.63999999966,206253.08999999985,POINT (448100.63999999966 206253.08999999985)
1908,ap_0297413,333,True,False,False,False,1,0.4430795294432272,448104.58999999985,206237.76999999955,POINT (448104.58999999985 206237.76999999955)
1909,ap_0297415,332,True,False,False,False,1,0.0,448195.08999999985,206274.19999999925,POINT (448195.08999999985 206274.19999999925)
1910,ap_0297416,332,True,False,False,False,1,0.4973932043601923,448206.75,206305.4299999997,POINT (448206.75 206305.4299999997)
1911,ap_0297417,232,True,False,False,False,1,0.08538149697769147,448905.03000000026,206148.1799999997,POINT (448905.03000000026 206148.1799999997)
1912,ap_0297418,232,True,False,False,False,1,0.0,448962.16000000015,205680.8900000006,POINT (448962.16000000015 205680.8900000006)
1913,ap_0297419,232,True,False,False,False,1,0.0,448970.38999999966,206080.30000000075,POINT (448970.38999999966 206080.30000000075)
1914,ap_0297420,232,True,False,False,False,1,0.284968560729811,448987.3200000003,206152.97000000067,POINT (448987.3200000003 206152.97000000067)
1915,ap_0297424,232,True,False,False,False,1,0.3399999998509884,449579.33999999985,206059.75,POINT (449579.33999999985 206059.75)
1916,ap_0297425,232,True,False,False,False,1,0.28776726653342405,449652.1699999999,206094.3599999994,POINT (449652.1699999999 206094.3599999994)
1917,ap_0297426,232,True,False,False,False,1,0.15985444835800444,449657.3499999996,206113.7899999991,POINT (449657.3499999996 206113.7899999991)
1918,ap_0297427,232,True,False,False,False,1,0.4599999999627471,449701.45999999996,206024.7100000009,POINT (449701.45999999996 206024.7100000009)
1919,ap_0297428,232,True,False,False,False,1,0.0,449704.4299999997,205849.41999999993,POINT (449704.4299999997 205849.41999999993)
1920,ap_0297429,232,True,False,False,False,1,0.0,449719.2999999998,206028.69999999925,POINT (449719.2999999998 206028.69999999925)
1921,ap_0297430,232,True,False,False,False,1,0.0,449741.75,206018.80000000075,POINT (449741.75 206018.80000000075)
1922,ap_0297431,232,True,False,False,False,1,0.14123161980582957,449770.4500000002,206062.1099999994,POINT (449770.4500000002 206062.1099999994)
1923,ap_0297432,232,True,False,False,False,1,0.4852977491011753,449826.9500000002,206058.49000000022,POINT (449826.9500000002 206058.49000000022)
1924,ap_0297433,385,True,False,False,False,1,0.035003213087257665,449973.8499999996,206361.02999999933,POINT (449973.8499999996 206361.02999999933)
1925,ap_0297434,232,True,False,False,False,1,0.02971125448188358,450030.0800000001,206032.11999999918,POINT (450030.0800000001 206032.11999999918)
1926,ap_0297435,232,True,False,False,False,1,0.0,450033.83999999985,206041.99000000022,POINT (450033.83999999985 206041.99000000022)
1927,ap_0297436,729,True,False,False,False,1,0.0,447177.9900000002,214025.44999999925,POINT (447177.9900000002 214025.44999999925)
1928,ap_0297437,729,True,False,False,False,1,0.0,447179.1299999999,214073.4600000009,POINT (447179.1299999999 214073.4600000009)
1929,ap_0297438,729,True,False,False,False,1,0.0,447192.9500000002,214027.99000000022,POINT (447192.9500000002 214027.99000000022)
1930,ap_0297440,678,True,False,False,False,1,0.5687367919737927,447538.5099999998,212318.55000000075,POINT (447538.5099999998 212318.55000000075)
1931,ap_0297441,678,True,False,False,False,1,0.21282539854887345,447626.75,212195.91000000015,POINT (447626.75 212195.91000000015)
1932,ap_0297442,728,True,False,False,False,1,0.0,447639.6200000001,212334.31000000052,POINT (447639.6200000001 212334.31000000052)
1933,ap_0297443,727,True,False,False,False,1,0.0,447742.1200000001,212948.24000000022,POINT (447742.1200000001 212948.24000000022)
1934,ap_0297444,676,True,False,False,False,1,0.0,447785.58999999985,211675.75999999978,POINT (447785.58999999985 211675.75999999978)
1935,ap_0297445,676,True,False,False,False,1,0.38687414304745515,447789.3700000001,211654.15000000037,POINT (447789.3700000001 211654.15000000037)
1936,ap_0297446,675,True,False,False,False,1,0.21551091408555453,447810.4500000002,212036.08999999985,POINT (447810.4500000002 212036.08999999985)
1937,ap_0297447,725,True,False,False,False,1,0.3916335141196411,447850.3799999999,212983.68999999948,POINT (447850.3799999999 212983.68999999948)
1938,ap_0297448,661,True,False,False,False,1,0.2213594368597087,447981.28000000026,212050.8599999994,POINT (447981.28000000026 212050.8599999994)
1939,ap_0297449,660,True,False,False,False,1,0.5221862327314633,448075.5099999998,212033.2899999991,POINT (448075.5099999998 212033.2899999991)
1940,ap_0297450,660,True,False,False,False,1,0.0,448077.2000000002,212041.40000000037,POINT (448077.2000000002 212041.40000000037)
1941,ap_0297451,659,True,False,False,False,1,0.0,448115.3300000001,212141.83999999985,POINT (448115.3300000001 212141.83999999985)
1942,ap_0297452,659,True,False,False,False,1,0.09803060733563534,448126.04000000004,212138.81000000052,POINT (448126.04000000004 212138.81000000052)
1943,ap_0297454,733,True,False,False,False,1,0.0,448648.26999999955,213688.18999999948,POINT (448648.26999999955 213688.18999999948)
1944,ap_0297455,733,True,False,False,False,1,0.06640783055724551,448657.1500000004,213700.01999999955,POINT (448657.1500000004 213700.01999999955)
1945,ap_0297456,733,True,False,False,False,1,0.35778162580069767,448914.6500000004,214382.88000000082,POINT (448914.6500000004 214382.88000000082)
1946,ap_0297457,733,True,False,False,False,1,0.0,448953.2400000002,214352.16999999993,POINT (448953.2400000002 214352.16999999993)
1947,ap_0297458,733,True,False,False,False,1,0.0,448957.70999999996,213381.56000000052,POINT (448957.70999999996 213381.56000000052)
1948,ap_0297459,733,True,False,False,False,1,0.0,448976.4199999999,213812.76999999955,POINT (448976.4199999999 213812.76999999955)
1949,ap_0297460,733,True,False,False,False,1,0.0,448995.6500000004,213820.66999999993,POINT (448995.6500000004 213820.66999999993)
1950,ap_0297461,733,True,False,False,False,1,0.2545584408056886,449005.0099999998,213884.36999999918,POINT (449005.0099999998 213884.36999999918)
1951,ap_0297462,733,True,False,False,False,1,0.0,449022.03000000026,213777.27999999933,POINT (449022.03000000026 213777.27999999933)
1952,ap_0297463,733,True,False,False,False,1,0.0,449029.9199999999,214331.1799999997,POINT (449029.9199999999 214331.1799999997)
1953,ap_0297464,733,True,False,False,False,1,0.12085318014550268,449051.61000000034,213510.66999999993,POINT (449051.61000000034 213510.66999999993)
1954,ap_0297465,733,True,False,False,False,1,0.0,449073.0800000001,213854.6799999997,POINT (449073.0800000001 213854.6799999997)
1955,ap_0297466,733,True,False,False,False,1,0.11524099889304534,449101.20999999996,213815.8200000003,POINT (449101.20999999996 213815.8200000003)
1956,ap_0297684,858,True,False,False,False,1,0.10866236042049177,443902.4299999997,219852.83999999985,POINT (443902.4299999997 219852.83999999985)
1957,ap_0297685,858,True,False,False,False,1,48.99087466027873,443973.0700000003,219816.97000000067,POINT (443973.0700000003 219816.97000000067)
1958,ap_0297689,816,True,False,False,False,1,0.0,444181.86000000034,217475.41999999993,POINT (444181.86000000034 217475.41999999993)
1959,ap_0297690,815,True,False,False,False,1,0.0,444367.2400000002,216739.84999999963,POINT (444367.2400000002 216739.84999999963)
1960,ap_0297691,815,True,False,False,False,1,0.0,444397.0599999996,216639.47000000067,POINT (444397.0599999996 216639.47000000067)
1961,ap_0297692,819,True,False,False,False,1,0.0857261142289003,444765.88999999966,217391.69999999925,POINT (444765.88999999966 217391.69999999925)
1962,ap_0297693,819,True,False,False,False,1,0.2325510698765582,444858.86000000034,216853.66999999993,POINT (444858.86000000034 216853.66999999993)
1963,ap_0297694,819,True,False,False,False,1,0.15648696796962144,444890.4299999997,216874.05000000075,POINT (444890.4299999997 216874.05000000075)
1964,ap_0297695,771,True,False,False,False,1,0.22599999997764825,444893.61000000034,214803.00999999978,POINT (444893.61000000034 214803.00999999978)
1965,ap_0297696,819,True,False,False,False,1,0.0,444904.0,216668.76999999955,POINT (444904 216668.76999999955)
1966,ap_0297698,819,True,False,False,False,1,0.0,444924.1200000001,216677.86999999918,POINT (444924.1200000001 216677.86999999918)
1967,ap_0297699,771,True,False,False,False,1,0.0,444924.25,214903.74000000022,POINT (444924.25 214903.74000000022)
1968,ap_0297700,819,True,False,False,False,1,0.0,444928.83999999985,216727.58000000007,POINT (444928.83999999985 216727.58000000007)
1969,ap_0297701,819,True,False,False,False,1,0.0,444928.9500000002,216727.63000000082,POINT (444928.9500000002 216727.63000000082)
1970,ap_0297702,819,True,False,False,False,1,0.0,444946.6799999997,216671.25,POINT (444946.6799999997 216671.25)
1971,ap_0297703,771,True,False,False,False,1,4.598314908833959,444960.4199999999,214898.91000000015,POINT (444960.4199999999 214898.91000000015)
1972,ap_0297704,819,True,False,False,False,1,0.0,444962.7400000002,216664.26999999955,POINT (444962.7400000002 216664.26999999955)
1973,ap_0297705,819,True,False,False,False,1,0.0,444994.3499999996,216758.09999999963,POINT (444994.3499999996 216758.09999999963)
1974,ap_0297706,770,True,False,False,False,1,0.0,445020.0,214881.38000000082,POINT (445020 214881.38000000082)
1975,ap_0297707,770,True,False,False,False,1,0.0,445072.88999999966,214956.59999999963,POINT (445072.88999999966 214956.59999999963)
1976,ap_0297708,819,True,False,False,False,1,0.14512594095932846,445133.3099999996,216794.2100000009,POINT (445133.3099999996 216794.2100000009)
1977,ap_0297709,819,True,False,False,False,1,0.0,445545.08999999985,217079.5700000003,POINT (445545.08999999985 217079.5700000003)
1978,ap_0297712,822,True,False,False,False,1,0.0,448019.25,216554.7100000009,POINT (448019.25 216554.7100000009)
1979,ap_0297713,821,True,False,False,False,1,0.0,448210.01999999955,216793.88000000082,POINT (448210.01999999955 216793.88000000082)
1980,ap_0297808,858,True,False,False,False,1,0.3049436173036947,443936.3099999996,219871.25999999978,POINT (443936.3099999996 219871.25999999978)
1981,ap_0297809,866,True,False,False,False,1,20.357438443464844,449850.98000000045,219969.4299999997,POINT (449850.98000000045 219969.4299999997)
1982,ap_0297811,858,True,False,False,False,1,39.35798775301991,443982.7599999998,220006.43999999948,POINT (443982.7599999998 220006.43999999948)
1983,ap_0297813,857,True,False,False,False,1,0.44944410189717354,443828.7599999998,220116.61999999918,POINT (443828.7599999998 220116.61999999918)
1984,ap_0297814,860,True,False,False,False,1,0.009743911808958373,447497.61000000034,220158.91999999993,POINT (447497.61000000034 220158.91999999993)
1985,ap_0297815,860,True,False,False,False,1,0.0,447569.1200000001,220200.69999999925,POINT (447569.1200000001 220200.69999999925)
1986,ap_0297816,860,True,False,False,False,1,0.08437359211875482,447597.5999999996,220205.02999999933,POINT (447597.5999999996 220205.02999999933)
1987,ap_0297817,857,True,False,False,False,1,0.008219949487754653,443844.96999999974,220218.86999999918,POINT (443844.96999999974 220218.86999999918)
1988,ap_0297821,896,True,False,False,False,1,0.3848350937339831,448031.9000000004,220660.47000000067,POINT (448031.9000000004 220660.47000000067)
1989,ap_0297822,896,True,False,False,False,1,0.0,448006.33999999985,220671.58999999985,POINT (448006.33999999985 220671.58999999985)
1990,ap_0297823,896,True,False,False,False,1,0.0,447996.2599999998,220709.51999999955,POINT (447996.2599999998 220709.51999999955)
1991,ap_0297824,896,True,False,False,False,1,0.1600000001490116,447952.83999999985,220729.48000000045,POINT (447952.83999999985 220729.48000000045)
1992,ap_0297825,896,True,False,False,False,1,0.13999999966472387,447952.86000000034,220729.5,POINT (447952.86000000034 220729.5)
1993,ap_0297826,896,True,False,False,False,1,0.0,448009.6900000004,220742.05000000075,POINT (448009.6900000004 220742.05000000075)
1994,ap_0297827,896,True,False,False,False,1,0.1341640789831875,448347.01999999955,220972.33999999985,POINT (448347.01999999955 220972.33999999985)
1995,ap_0297828,894,True,False,False,False,1,0.000827606332564763,442760.5800000001,221603.81000000052,POINT (442760.5800000001 221603.81000000052)
1996,ap_0297829,892,True,False,False,False,1,0.0,442368.2599999998,221852.01999999955,POINT (442368.2599999998 221852.01999999955)
1997,ap_0297830,897,True,False,False,False,1,0.0,449417.2999999998,222144.81000000052,POINT (449417.2999999998 222144.81000000052)
1998,ap_0297831,903,True,False,False,False,1,0.0,447966.25,224123.1799999997,POINT (447966.25 224123.1799999997)
1999,ap_0297834,915,True,False,False,False,1,0.0,449281.5800000001,224802.69999999925,POINT (449281.5800000001 224802.69999999925)
2000,ap_0297835,914,True,False,False,False,1,0.0,448503.6699999999,224852.47000000067,POINT (448503.6699999999 224852.47000000067)
2001,ap_0297836,915,True,False,False,False,1,0.0,448945.7400000002,224885.8599999994,POINT (448945.7400000002 224885.8599999994)
2002,ap_0297837,913,True,False,False,False,1,0.2852620890671911,444795.5999999996,224891.08999999985,POINT (444795.5999999996 224891.08999999985)
2003,ap_0297838,915,True,False,False,False,1,0.0400000000372529,448947.95999999996,224904.3599999994,POINT (448947.95999999996 224904.3599999994)
2004,ap_0297901,911,True,False,False,False,1,0.15661890038766849,443118.1200000001,225705.1400000006,POINT (443118.1200000001 225705.1400000006)
2005,ap_0297902,915,True,False,False,False,1,0.33701748614593485,449505.2999999998,225849.30000000075,POINT (449505.2999999998 225849.30000000075)
2006,ap_0297903,915,True,False,False,False,1,0.11313708443667023,449544.38999999966,225890.23000000045,POINT (449544.38999999966 225890.23000000045)
2007,ap_0297905,910,True,False,False,False,1,0.16806520227407612,443593.1699999999,225936.0,POINT (443593.1699999999 225936)
2008,ap_0297906,915,True,False,False,False,1,0.0,449587.6200000001,225943.4299999997,POINT (449587.6200000001 225943.4299999997)
2009,ap_0297908,910,True,False,False,False,1,0.0,443510.1799999997,226005.30000000075,POINT (443510.1799999997 226005.30000000075)
2010,ap_0297909,910,True,False,False,False,1,34.400681679947624,443442.0499999998,226010.38000000082,POINT (443442.0499999998 226010.38000000082)
2011,ap_0297910,910,True,False,False,False,1,46.14825240505499,443438.0599999996,226023.24000000022,POINT (443438.0599999996 226023.24000000022)
2012,ap_0297911,910,True,False,False,False,1,17.728269087357674,443536.26999999955,226035.1400000006,POINT (443536.26999999955 226035.1400000006)
2013,ap_0297912,914,True,False,False,False,1,0.3681889559045619,447573.46999999974,226044.6400000006,POINT (447573.46999999974 226044.6400000006)
2014,ap_0297913,914,True,False,False,False,1,0.17175663362156293,447630.21999999974,226046.40000000037,POINT (447630.21999999974 226046.40000000037)
2015,ap_0297915,914,True,False,False,False,1,21.72850686277119,447648.8499999996,226085.72000000067,POINT (447648.8499999996 226085.72000000067)
2016,ap_0297916,914,True,False,False,False,1,0.0,447623.9199999999,226095.91000000015,POINT (447623.9199999999 226095.91000000015)
2017,ap_0297917,914,True,False,False,False,1,0.0,447618.6900000004,226120.9600000009,POINT (447618.6900000004 226120.9600000009)
2018,ap_0297918,915,True,False,False,False,1,2.058786050858723,449885.8099999996,226121.94999999925,POINT (449885.8099999996 226121.94999999925)
2019,ap_0297919,915,True,False,False,False,1,0.0,449887.16000000015,226131.73000000045,POINT (449887.16000000015 226131.73000000045)
2020,ap_0297920,914,True,False,False,False,1,0.0,447684.61000000034,226159.58000000007,POINT (447684.61000000034 226159.58000000007)
2021,ap_0297921,914,True,False,False,False,1,0.3267289340790917,447631.6299999999,226161.44999999925,POINT (447631.6299999999 226161.44999999925)
2022,ap_0297922,915,True,False,False,False,1,0.047407497347805964,449888.9500000002,226163.9600000009,POINT (449888.9500000002 226163.9600000009)
2023,ap_0297923,914,True,False,False,False,1,0.0,447671.2599999998,226174.50999999978,POINT (447671.2599999998 226174.50999999978)
2024,ap_0297924,914,True,False,False,False,1,0.0,447628.2599999998,226204.25,POINT (447628.2599999998 226204.25)
2025,ap_0297925,915,True,False,False,False,1,0.0,449882.45999999996,226226.00999999978,POINT (449882.45999999996 226226.00999999978)
2026,ap_0297926,914,True,False,False,False,1,0.37336309398803236,447017.6500000004,226359.86999999918,POINT (447017.6500000004 226359.86999999918)
2027,ap_0297932,717,True,False,False,False,1,0.5366563150997496,441580.4199999999,214113.6099999994,POINT (441580.4199999999 214113.6099999994)
2028,ap_0297933,716,True,False,False,False,1,0.45795064424460835,441597.6299999999,212866.30000000075,POINT (441597.6299999999 212866.30000000075)
2029,ap_0297934,716,True,False,False,False,1,0.0,441607.8799999999,212834.1799999997,POINT (441607.8799999999 212834.1799999997)
2030,ap_0297936,717,True,False,False,False,1,0.03162277648387977,441626.1699999999,214124.91000000015,POINT (441626.1699999999 214124.91000000015)
2031,ap_0297937,716,True,False,False,False,1,0.0,441633.8700000001,212782.41000000015,POINT (441633.8700000001 212782.41000000015)
2032,ap_0297938,716,True,False,False,False,1,0.0,441662.70999999996,212756.6799999997,POINT (441662.70999999996 212756.6799999997)
2033,ap_0297939,716,True,False,False,False,1,0.0,441671.5,212744.7899999991,POINT (441671.5 212744.7899999991)
2034,ap_0297940,715,True,False,False,False,1,0.336108561851427,441757.96999999974,214185.65000000037,POINT (441757.96999999974 214185.65000000037)
2035,ap_0297941,714,True,False,False,False,1,0.3763679460176724,441928.6799999997,214219.69999999925,POINT (441928.6799999997 214219.69999999925)
2036,ap_0297942,713,True,False,False,False,1,0.3368427454935899,442041.6799999997,213931.72000000067,POINT (442041.6799999997 213931.72000000067)
2037,ap_0297943,713,True,False,False,False,1,0.0,442075.25,213922.83000000007,POINT (442075.25 213922.83000000007)
2038,ap_0297944,713,True,False,False,False,1,0.33241540324257596,442096.7599999998,214028.23000000045,POINT (442096.7599999998 214028.23000000045)
2039,ap_0297945,713,True,False,False,False,1,0.0,442104.9400000004,214029.91000000015,POINT (442104.9400000004 214029.91000000015)
2040,ap_0297946,713,True,False,False,False,1,0.0,442122.83999999985,214033.61999999918,POINT (442122.83999999985 214033.61999999918)
2041,ap_0297947,713,True,False,False,False,1,0.0,442123.1299999999,213977.50999999978,POINT (442123.1299999999 213977.50999999978)
2042,ap_0297948,713,True,False,False,False,1,0.0,442138.13999999966,213978.72000000067,POINT (442138.13999999966 213978.72000000067)
2043,ap_0297949,713,True,False,False,False,1,0.0,442213.5,213913.69999999925,POINT (442213.5 213913.69999999925)
2044,ap_0297950,712,True,False,False,False,1,0.4142583739414934,442248.1299999999,213348.51999999955,POINT (442248.1299999999 213348.51999999955)
2045,ap_0297951,712,True,False,False,False,1,28.80017013815851,442272.96999999974,213325.33000000007,POINT (442272.96999999974 213325.33000000007)
2046,ap_0297953,723,True,False,False,False,1,0.0,442601.20999999996,212882.06000000052,POINT (442601.20999999996 212882.06000000052)
2047,ap_0297954,723,True,False,False,False,1,0.33223885897748384,443115.48000000045,214122.06000000052,POINT (443115.48000000045 214122.06000000052)
2048,ap_0297955,723,True,False,False,False,1,0.18439794236964951,443130.0800000001,214111.16999999993,POINT (443130.0800000001 214111.16999999993)
2049,ap_0297957,653,True,False,False,False,1,0.0,445256.33999999985,211020.88000000082,POINT (445256.33999999985 211020.88000000082)
2050,ap_0297958,653,True,False,False,False,1,0.0,445276.7599999998,211020.36999999918,POINT (445276.7599999998 211020.36999999918)
2051,ap_0297959,731,True,False,False,False,1,0.0,446842.76999999955,213924.08000000007,POINT (446842.76999999955 213924.08000000007)
2052,ap_0297960,730,True,False,False,False,1,0.39042630949682305,446967.4000000004,213618.76999999955,POINT (446967.4000000004 213618.76999999955)
2053,ap_0297961,729,True,False,False,False,1,0.16775186988616755,447145.66000000015,214023.8599999994,POINT (447145.66000000015 214023.8599999994)
2054,ap_0297962,729,True,False,False,False,1,0.1669214151061923,447145.6699999999,214023.8599999994,POINT (447145.6699999999 214023.8599999994)
2055,ap_0297963,220,True,False,False,False,1,0.0,441250.20999999996,206107.05000000075,POINT (441250.20999999996 206107.05000000075)
2056,ap_0297964,326,True,False,False,False,1,0.0,441527.20999999996,206251.01999999955,POINT (441527.20999999996 206251.01999999955)
2057,ap_0297965,326,True,False,False,False,1,0.08049844788971262,441534.5800000001,206254.88000000082,POINT (441534.5800000001 206254.88000000082)
2058,ap_0297966,218,True,False,False,False,1,0.1696705047391466,441598.1799999997,206007.99000000022,POINT (441598.1799999997 206007.99000000022)
2059,ap_0297967,218,True,False,False,False,1,0.0,441620.03000000026,206060.08999999985,POINT (441620.03000000026 206060.08999999985)
2060,ap_0297968,454,True,False,False,False,1,0.4900000002235175,442613.4900000002,209633.8599999994,POINT (442613.4900000002 209633.8599999994)
2061,ap_0297969,454,True,False,False,False,1,4.1650011716406605e-10,442654.5599999996,209716.22000000067,POINT (442654.5599999996 209716.22000000067)
2062,ap_0297970,454,True,False,False,False,1,0.0,443226.2599999998,209125.40000000037,POINT (443226.2599999998 209125.40000000037)
2063,ap_0297971,454,True,False,False,False,1,0.19287371619860688,443290.76999999955,209236.77999999933,POINT (443290.76999999955 209236.77999999933)
2064,ap_0297972,454,True,False,False,False,1,0.42188651864558047,443302.73000000045,209239.36999999918,POINT (443302.73000000045 209239.36999999918)
2065,ap_0297973,454,True,False,False,False,1,0.2800000002607703,443560.71999999974,209801.56000000052,POINT (443560.71999999974 209801.56000000052)
2066,ap_0297974,454,True,False,False,False,1,0.23717082451262844,443560.7599999998,209801.16999999993,POINT (443560.7599999998 209801.16999999993)
2067,ap_0297975,454,True,False,False,False,1,0.0,443594.54000000004,209222.61999999918,POINT (443594.54000000004 209222.61999999918)
2068,ap_0297976,454,True,False,False,False,1,0.0,443600.26999999955,209188.76999999955,POINT (443600.26999999955 209188.76999999955)
2069,ap_0297977,454,True,False,False,False,1,0.35732359761392085,443614.58999999985,209166.80000000075,POINT (443614.58999999985 209166.80000000075)
2070,ap_0297978,454,True,False,False,False,1,0.42359458790678617,443630.0999999996,209136.43999999948,POINT (443630.0999999996 209136.43999999948)
2071,ap_0297979,454,True,False,False,False,1,0.5251399896574148,443724.7400000002,209081.5399999991,POINT (443724.7400000002 209081.5399999991)
2072,ap_0297984,329,True,False,False,False,1,7.6610508419061505,444749.45999999996,207091.00999999978,POINT (444749.45999999996 207091.00999999978)
2073,ap_0297985,329,True,False,False,False,1,0.415908644181481,444819.5099999998,207059.36999999918,POINT (444819.5099999998 207059.36999999918)
2074,ap_0297986,328,True,False,False,False,1,0.04430759892121992,444908.23000000045,206932.86999999918,POINT (444908.23000000045 206932.86999999918)
2075,ap_0297988,651,True,False,False,False,1,0.6575797285693294,445422.51999999955,210613.5399999991,POINT (445422.51999999955 210613.5399999991)
2076,ap_0297989,652,True,False,False,False,1,0.028731127644609444,445447.0599999996,210579.0,POINT (445447.0599999996 210579)
2077,ap_0297990,651,True,False,False,False,1,0.0,445451.3799999999,210584.0700000003,POINT (445451.3799999999 210584.0700000003)
2078,ap_0297991,651,True,False,False,False,1,0.2791996961852312,445458.33999999985,210629.43999999948,POINT (445458.33999999985 210629.43999999948)
2079,ap_0297993,527,True,False,False,False,1,0.26999999955296516,447477.5499999998,208574.26999999955,POINT (447477.5499999998 208574.26999999955)
2080,ap_0298025,649,True,False,False,False,1,0.0,437045.38999999966,211025.36999999918,POINT (437045.38999999966 211025.36999999918)
2081,ap_0298026,649,True,False,False,False,1,0.18190171832549193,437081.3099999996,211030.49000000022,POINT (437081.3099999996 211030.49000000022)
2082,ap_0298027,757,True,False,False,False,1,0.2210738319798574,437104.29000000004,215314.31000000052,POINT (437104.29000000004 215314.31000000052)
2083,ap_0298028,711,True,False,False,False,1,0.0,438765.78000000026,213674.72000000067,POINT (438765.78000000026 213674.72000000067)
2084,ap_0298029,711,True,False,False,False,1,0.31061197770354365,438771.3200000003,213649.1799999997,POINT (438771.3200000003 213649.1799999997)
2085,ap_0298030,711,True,False,False,False,1,0.1299999998882413,438791.8700000001,213668.3900000006,POINT (438791.8700000001 213668.3900000006)
2086,ap_0298031,711,True,False,False,False,1,0.0400000000372529,438791.95999999996,213668.56000000052,POINT (438791.95999999996 213668.56000000052)
2087,ap_0298032,711,True,False,False,False,1,0.025749053006646237,438891.7000000002,212693.8599999994,POINT (438891.7000000002 212693.8599999994)
2088,ap_0298034,711,True,False,False,False,1,0.14084056740151354,438903.2999999998,212713.8599999994,POINT (438903.2999999998 212713.8599999994)
2089,ap_0298035,711,True,False,False,False,1,0.3834227716397068,439005.0499999998,212763.41000000015,POINT (439005.0499999998 212763.41000000015)
2090,ap_0298036,711,True,False,False,False,1,0.3123511512900999,439069.41000000015,212780.43999999948,POINT (439069.41000000015 212780.43999999948)
2091,ap_0298037,711,True,False,False,False,1,0.3357735884095786,439085.25,212699.76999999955,POINT (439085.25 212699.76999999955)
2092,ap_0298038,711,True,False,False,False,1,0.012126781658398674,439140.1900000004,212800.06000000052,POINT (439140.1900000004 212800.06000000052)
2093,ap_0298039,711,True,False,False,False,1,0.2209072200435732,439175.21999999974,212763.98000000045,POINT (439175.21999999974 212763.98000000045)
2094,ap_0298040,711,True,False,False,False,1,0.11627553431352892,439669.4400000004,213062.34999999963,POINT (439669.4400000004 213062.34999999963)
2095,ap_0298041,766,True,False,False,False,1,0.0,441057.6500000004,215541.25999999978,POINT (441057.6500000004 215541.25999999978)
2096,ap_0298044,721,True,False,False,False,1,0.3811691657114939,441318.41000000015,213866.86999999918,POINT (441318.41000000015 213866.86999999918)
2097,ap_0298045,720,True,False,False,False,1,0.0,441328.6299999999,213855.15000000037,POINT (441328.6299999999 213855.15000000037)
2098,ap_0298046,766,True,False,False,False,1,0.05692099837780772,441373.0,215901.06000000052,POINT (441373 215901.06000000052)
2099,ap_0298047,766,True,False,False,False,1,0.0,441408.08999999985,216044.97000000067,POINT (441408.08999999985 216044.97000000067)
2100,ap_0298048,719,True,False,False,False,1,0.2840879586515141,441428.45999999996,212725.75999999978,POINT (441428.45999999996 212725.75999999978)
2101,ap_0298049,766,True,False,False,False,1,0.0,441440.53000000026,215877.7100000009,POINT (441440.53000000026 215877.7100000009)
2102,ap_0298050,716,True,False,False,False,1,0.3492849844434024,441459.6799999997,212785.1400000006,POINT (441459.6799999997 212785.1400000006)
2103,ap_0298051,766,True,False,False,False,1,0.2526732372073587,441481.23000000045,216088.2899999991,POINT (441481.23000000045 216088.2899999991)
2104,ap_0298052,766,True,False,False,False,1,0.4242536947855215,441500.54000000004,216091.3599999994,POINT (441500.54000000004 216091.3599999994)
2105,ap_0298053,766,True,False,False,False,1,0.0,441506.0499999998,215852.13000000082,POINT (441506.0499999998 215852.13000000082)
2106,ap_0298054,717,True,False,False,False,1,0.33053770200357613,441576.5599999996,214166.7899999991,POINT (441576.5599999996 214166.7899999991)
2107,ap_0298055,716,True,False,False,False,1,0.4904079937855864,441577.6900000004,212852.38000000082,POINT (441577.6900000004 212852.38000000082)
2108,ap_0300970,236,True,False,False,False,1,0.37482969094597646,452516.4199999999,205495.75999999978,POINT (452516.4199999999 205495.75999999978)
2109,ap_0300971,236,True,False,False,False,1,0.3830496404337312,452516.4199999999,205495.81000000052,POINT (452516.4199999999 205495.81000000052)
2110,ap_0300973,235,True,False,False,False,1,0.27254009292622505,452534.88999999966,205320.25,POINT (452534.88999999966 205320.25)
2111,ap_0300974,235,True,False,False,False,1,0.0,452558.8799999999,205316.77999999933,POINT (452558.8799999999 205316.77999999933)
2112,ap_0300975,235,True,False,False,False,1,0.21014433948336794,452572.1200000001,205295.2100000009,POINT (452572.1200000001 205295.2100000009)
2113,ap_0300976,235,True,False,False,False,1,0.5155376666786666,452588.3799999999,205268.36999999918,POINT (452588.3799999999 205268.36999999918)
2114,ap_0300977,234,True,False,False,False,1,0.13892443933674134,452599.9299999997,205560.88000000082,POINT (452599.9299999997 205560.88000000082)
2115,ap_0300979,273,True,False,False,False,1,0.11111957920912614,453019.9500000002,205613.90000000037,POINT (453019.9500000002 205613.90000000037)
2116,ap_0300980,273,True,False,False,False,1,0.0,453069.7000000002,205612.2899999991,POINT (453069.7000000002 205612.2899999991)
2117,ap_0300981,272,True,False,False,False,1,0.0,453080.21999999974,205606.00999999978,POINT (453080.21999999974 205606.00999999978)
2118,ap_0300982,270,True,False,False,False,1,0.0,453080.4199999999,205448.02999999933,POINT (453080.4199999999 205448.02999999933)
2119,ap_0300983,272,True,False,False,False,1,0.0,453096.0999999996,205592.44999999925,POINT (453096.0999999996 205592.44999999925)
2120,ap_0300984,272,True,False,False,False,1,0.21078607398698967,453103.16000000015,205558.6400000006,POINT (453103.16000000015 205558.6400000006)
2121,ap_0300985,272,True,False,False,False,1,0.0,453110.63999999966,205576.01999999955,POINT (453110.63999999966 205576.01999999955)
2122,ap_0300986,271,True,False,False,False,1,0.3432902377872556,453130.11000000034,204565.44999999925,POINT (453130.11000000034 204565.44999999925)
2123,ap_0300987,270,True,False,False,False,1,0.1786100179748037,453161.7999999998,205495.3200000003,POINT (453161.7999999998 205495.3200000003)
2124,ap_0300988,270,True,False,False,False,1,0.12189975702997935,453186.1500000004,205479.05000000075,POINT (453186.1500000004 205479.05000000075)
2125,ap_0300989,270,True,False,False,False,1,0.0,453218.36000000034,205458.6799999997,POINT (453218.36000000034 205458.6799999997)
2126,ap_0300990,270,True,False,False,False,1,0.0,453235.0700000003,205388.43999999948,POINT (453235.0700000003 205388.43999999948)
2127,ap_0300991,265,True,False,False,False,1,0.23086792834165218,453326.9299999997,204497.22000000067,POINT (453326.9299999997 204497.22000000067)
2128,ap_0300996,269,True,False,False,False,1,0.3533404661738193,453449.5599999996,205479.88000000082,POINT (453449.5599999996 205479.88000000082)
2129,ap_0300997,269,True,False,False,False,1,23.126339960892444,453460.0999999996,205525.75999999978,POINT (453460.0999999996 205525.75999999978)
2130,ap_0300998,265,True,False,False,False,1,0.0,453517.2599999998,204410.31000000052,POINT (453517.2599999998 204410.31000000052)
2131,ap_0300999,268,True,False,False,False,1,0.0,453533.2599999998,204929.97000000067,POINT (453533.2599999998 204929.97000000067)
2132,ap_0301000,268,True,False,False,False,1,0.0,453548.8799999999,204897.74000000022,POINT (453548.8799999999 204897.74000000022)
2133,ap_0301001,242,True,False,False,False,1,0.25880481576684533,452067.0,204303.26999999955,POINT (452067 204303.26999999955)
2134,ap_0301003,239,True,False,False,False,1,0.0,452265.6799999997,204322.41999999993,POINT (452265.6799999997 204322.41999999993)
2135,ap_0301004,239,True,False,False,False,1,0.29409182200690603,452392.61000000034,204364.56000000052,POINT (452392.61000000034 204364.56000000052)
2136,ap_0301005,239,True,False,False,False,1,0.129986736931467,452402.75,204368.75999999978,POINT (452402.75 204368.75999999978)
2137,ap_0301009,239,True,False,False,False,1,0.1699999999254942,452149.8300000001,204712.66999999993,POINT (452149.8300000001 204712.66999999993)
2138,ap_0301010,245,True,False,False,False,1,0.013706257000962696,451382.9000000004,204739.13000000082,POINT (451382.9000000004 204739.13000000082)
2139,ap_0301011,245,True,False,False,False,1,0.0,451395.66000000015,204753.49000000022,POINT (451395.66000000015 204753.49000000022)
2140,ap_0301012,245,True,False,False,False,1,0.165516874456791,451408.46999999974,204764.1799999997,POINT (451408.46999999974 204764.1799999997)
2141,ap_0301013,245,True,False,False,False,1,0.0,451439.73000000045,204790.77999999933,POINT (451439.73000000045 204790.77999999933)
2142,ap_0301014,245,True,False,False,False,1,0.0,451419.78000000026,204860.34999999963,POINT (451419.78000000026 204860.34999999963)
2143,ap_0301015,245,True,False,False,False,1,0.0,451246.9000000004,204932.5700000003,POINT (451246.9000000004 204932.5700000003)
2144,ap_0301016,245,True,False,False,False,1,0.0,451547.1200000001,204935.33000000007,POINT (451547.1200000001 204935.33000000007)
2145,ap_0301017,245,True,False,False,False,1,0.0,451341.2400000002,204939.05000000075,POINT (451341.2400000002 204939.05000000075)
2146,ap_0301018,245,True,False,False,False,1,0.08432993786832459,451565.1299999999,204961.77999999933,POINT (451565.1299999999 204961.77999999933)
2147,ap_0301019,237,True,False,False,False,1,0.06329452070514441,452485.0499999998,205040.08999999985,POINT (452485.0499999998 205040.08999999985)
2148,ap_0301020,237,True,False,False,False,1,0.06051573720987943,452485.03000000026,205040.19999999925,POINT (452485.03000000026 205040.19999999925)
2149,ap_0301021,237,True,False,False,False,1,0.0,452413.1799999997,205057.26999999955,POINT (452413.1799999997 205057.26999999955)
2150,ap_0301022,237,True,False,False,False,1,0.0,452467.23000000045,205067.61999999918,POINT (452467.23000000045 205067.61999999918)
2151,ap_0301024,237,True,False,False,False,1,0.0,452480.7000000002,205074.72000000067,POINT (452480.7000000002 205074.72000000067)
2152,ap_0301027,247,True,False,False,False,1,0.0,451103.9299999997,205157.83000000007,POINT (451103.9299999997 205157.83000000007)
2153,ap_0301031,249,True,False,False,False,1,0.0,451209.0,205211.9600000009,POINT (451209 205211.9600000009)
2154,ap_0301032,178,True,False,False,False,1,0.0,450952.9400000004,203898.36999999918,POINT (450952.9400000004 203898.36999999918)
2155,ap_0301034,177,True,False,False,False,1,0.23400854662863244,451514.04000000004,203604.74000000022,POINT (451514.04000000004 203604.74000000022)
2156,ap_0301035,176,True,False,False,False,1,0.0,451764.3200000003,202895.8900000006,POINT (451764.3200000003 202895.8900000006)
2157,ap_0301036,176,True,False,False,False,1,0.0,451780.61000000034,202904.77999999933,POINT (451780.61000000034 202904.77999999933)
2158,ap_0301037,175,True,False,False,False,1,0.0,451834.4500000002,204069.66999999993,POINT (451834.4500000002 204069.66999999993)
2159,ap_0301038,175,True,False,False,False,1,0.0,451846.36000000034,204053.3200000003,POINT (451846.36000000034 204053.3200000003)
2160,ap_0301039,175,True,False,False,False,1,0.019391230236379307,451875.4500000002,204019.2899999991,POINT (451875.4500000002 204019.2899999991)
2161,ap_0301040,175,True,False,False,False,1,0.29963310895165185,451895.26999999955,204068.13000000082,POINT (451895.26999999955 204068.13000000082)
2162,ap_0301041,171,True,False,False,False,1,0.24719448714321315,452608.6699999999,203149.93999999948,POINT (452608.6699999999 203149.93999999948)
2163,ap_0301042,171,True,False,False,False,1,0.0,452667.73000000045,203395.22000000067,POINT (452667.73000000045 203395.22000000067)
2164,ap_0301043,171,True,False,False,False,1,0.0,452698.0,203222.44999999925,POINT (452698 203222.44999999925)
2165,ap_0301044,204,True,False,False,False,1,0.19382982250863331,452739.1500000004,203483.16000000015,POINT (452739.1500000004 203483.16000000015)
2166,ap_0301045,203,True,False,False,False,1,0.3873245199670529,452756.6500000004,203457.69999999925,POINT (452756.6500000004 203457.69999999925)
2167,ap_0301047,202,True,False,False,False,1,0.0,452959.01999999955,203019.01999999955,POINT (452959.01999999955 203019.01999999955)
2168,ap_0301048,202,True,False,False,False,1,0.10539303673519243,452976.21999999974,203046.1400000006,POINT (452976.21999999974 203046.1400000006)
2169,ap_0301049,200,True,False,False,False,1,0.19999999925494194,453246.7999999998,203376.80000000075,POINT (453246.7999999998 203376.80000000075)
2170,ap_0301050,200,True,False,False,False,1,0.02414039411520593,453246.8300000001,203367.6400000006,POINT (453246.8300000001 203367.6400000006)
2171,ap_0301052,200,True,False,False,False,1,0.40000000037252903,453405.7599999998,203492.6799999997,POINT (453405.7599999998 203492.6799999997)
2172,ap_0301053,199,True,False,False,False,1,0.19950191705700604,453494.26999999955,203913.02999999933,POINT (453494.26999999955 203913.02999999933)
2173,ap_0301054,199,True,False,False,False,1,0.22501083466796368,453520.04000000004,203881.38000000082,POINT (453520.04000000004 203881.38000000082)
2174,ap_0301055,197,True,False,False,False,1,0.09084455165721683,453525.38999999966,202841.47000000067,POINT (453525.38999999966 202841.47000000067)
2175,ap_0301056,195,True,False,False,False,1,0.38996512131587985,453588.61000000034,203993.06000000052,POINT (453588.61000000034 203993.06000000052)
2176,ap_0301058,197,True,False,False,False,1,0.0,453644.1699999999,202956.08999999985,POINT (453644.1699999999 202956.08999999985)
2177,ap_0301059,197,True,False,False,False,1,0.0,453664.98000000045,202932.73000000045,POINT (453664.98000000045 202932.73000000045)
2178,ap_0301060,197,True,False,False,False,1,0.0,453688.7000000002,202908.24000000022,POINT (453688.7000000002 202908.24000000022)
2179,ap_0301061,196,True,False,False,False,1,0.24748737381041833,453705.0599999996,202773.41000000015,POINT (453705.0599999996 202773.41000000015)
2180,ap_0301062,196,True,False,False,False,1,0.0,453709.3099999996,202778.6799999997,POINT (453709.3099999996 202778.6799999997)
2181,ap_0301096,217,True,False,False,False,1,0.0,441607.25,205340.02999999933,POINT (441607.25 205340.02999999933)
2182,ap_0301097,158,True,False,False,False,1,0.0,441623.4400000004,203981.2899999991,POINT (441623.4400000004 203981.2899999991)
2183,ap_0301098,216,True,False,False,False,1,0.0,441635.23000000045,205678.75,POINT (441635.23000000045 205678.75)
2184,ap_0301100,158,True,False,False,False,1,0.3428333497090577,441681.8799999999,204046.44999999925,POINT (441681.8799999999 204046.44999999925)
2185,ap_0301101,158,True,False,False,False,1,0.0,441682.11000000034,204041.83999999985,POINT (441682.11000000034 204041.83999999985)
2186,ap_0301102,158,True,False,False,False,1,0.4131123158528338,441910.8099999996,203818.63000000082,POINT (441910.8099999996 203818.63000000082)
2187,ap_0301103,158,True,False,False,False,1,0.16127616030339487,442082.7000000002,203031.6099999994,POINT (442082.7000000002 203031.6099999994)
2188,ap_0301105,129,True,False,False,False,1,0.1810073992145552,443965.53000000026,201575.47000000067,POINT (443965.53000000026 201575.47000000067)
2189,ap_0301107,128,True,False,False,False,1,0.0,444349.2599999998,201584.19999999925,POINT (444349.2599999998 201584.19999999925)
2190,ap_0301108,128,True,False,False,False,1,0.0,444372.4199999999,201534.3900000006,POINT (444372.4199999999 201534.3900000006)
2191,ap_0301109,128,True,False,False,False,1,0.06994630432630548,444427.01999999955,201538.33000000007,POINT (444427.01999999955 201538.33000000007)
2192,ap_0301112,223,True,False,False,False,1,0.0,445593.9900000002,204147.73000000045,POINT (445593.9900000002 204147.73000000045)
2193,ap_0301113,164,True,False,False,False,1,0.0,445656.4900000002,203950.49000000022,POINT (445656.4900000002 203950.49000000022)
2194,ap_0301114,223,True,False,False,False,1,0.2235723943570715,445729.28000000026,204175.74000000022,POINT (445729.28000000026 204175.74000000022)
2195,ap_0301115,223,True,False,False,False,1,0.0,445771.66000000015,204466.77999999933,POINT (445771.66000000015 204466.77999999933)
2196,ap_0301116,223,True,False,False,False,1,0.18309984210796817,445779.7999999998,204447.6099999994,POINT (445779.7999999998 204447.6099999994)
2197,ap_0301117,163,True,False,False,False,1,0.0,445913.95999999996,203966.0,POINT (445913.95999999996 203966)
2198,ap_0301119,223,True,False,False,False,1,0.44999999925494194,446083.98000000045,204139.44999999925,POINT (446083.98000000045 204139.44999999925)
2199,ap_0301120,223,True,False,False,False,1,0.14604091106737427,446143.8099999996,204176.6799999997,POINT (446143.8099999996 204176.6799999997)
2200,ap_0301121,223,True,False,False,False,1,0.24770754129801553,446186.7999999998,204155.44999999925,POINT (446186.7999999998 204155.44999999925)
2201,ap_0301122,160,True,False,False,False,1,0.22742708053500071,446337.3200000003,204095.0700000003,POINT (446337.3200000003 204095.0700000003)
2202,ap_0301123,223,True,False,False,False,1,0.3751044659733774,446372.25,204146.69999999925,POINT (446372.25 204146.69999999925)
2203,ap_0301124,229,True,False,False,False,1,0.0,447462.26999999955,204269.33999999985,POINT (447462.26999999955 204269.33999999985)
2204,ap_0301125,229,True,False,False,False,1,0.42430388167477406,447483.4000000004,204280.16999999993,POINT (447483.4000000004 204280.16999999993)
2205,ap_0301126,228,True,False,False,False,1,0.026197221889547213,447541.41000000015,205651.6099999994,POINT (447541.41000000015 205651.6099999994)
2206,ap_0301127,137,True,False,False,False,1,42.343229267738316,447688.1699999999,201399.16000000015,POINT (447688.1699999999 201399.16000000015)
2207,ap_0301128,224,True,False,False,False,1,0.19415497364799014,448386.6900000004,205183.25999999978,POINT (448386.6900000004 205183.25999999978)
2208,ap_0301129,224,True,False,False,False,1,0.20003845757062957,448386.71999999974,205183.25999999978,POINT (448386.71999999974 205183.25999999978)
2209,ap_0301130,224,True,False,False,False,1,0.3945883928160966,448405.3200000003,205183.34999999963,POINT (448405.3200000003 205183.34999999963)
2210,ap_0301131,224,True,False,False,False,1,0.0904740240249858,448430.8799999999,205179.1099999994,POINT (448430.8799999999 205179.1099999994)
2211,ap_0301132,225,True,False,False,False,1,0.20080147052312738,448431.7999999998,205193.81000000052,POINT (448431.7999999998 205193.81000000052)
2212,ap_0301133,166,True,False,False,False,1,0.1413831294439433,448440.5599999996,203146.9299999997,POINT (448440.5599999996 203146.9299999997)
2213,ap_0301134,225,True,False,False,False,1,0.009698464387296662,448466.8300000001,205192.0,POINT (448466.8300000001 205192)
2214,ap_0301135,225,True,False,False,False,1,0.0,448467.13999999966,205265.18999999948,POINT (448467.13999999966 205265.18999999948)
2215,ap_0301136,224,True,False,False,False,1,0.0,448521.73000000045,205177.8200000003,POINT (448521.73000000045 205177.8200000003)
2216,ap_0301137,166,True,False,False,False,1,0.0,448568.0999999996,203408.80000000075,POINT (448568.0999999996 203408.80000000075)
2217,ap_0301138,167,True,False,False,False,1,0.028284270615259174,448586.66000000015,202217.30000000075,POINT (448586.66000000015 202217.30000000075)
2218,ap_0301139,224,True,False,False,False,1,1.0274293651887152,448597.4000000004,205090.19999999925,POINT (448597.4000000004 205090.19999999925)
2219,ap_0301142,232,True,False,False,False,1,0.30816488527553154,448948.5099999998,205659.74000000022,POINT (448948.5099999998 205659.74000000022)
2220,ap_0301145,232,True,False,False,False,1,0.3673501571564271,449512.9900000002,205464.61999999918,POINT (449512.9900000002 205464.61999999918)
2221,ap_0301188,144,True,False,False,False,1,0.0,451903.1500000004,201224.8599999994,POINT (451903.1500000004 201224.8599999994)
2222,ap_0301189,144,True,False,False,False,1,21.27537800056324,452045.38999999966,201423.73000000045,POINT (452045.38999999966 201423.73000000045)
2223,ap_0301190,174,True,False,False,False,1,0.0,452047.8200000003,202377.4299999997,POINT (452047.8200000003 202377.4299999997)
2224,ap_0301192,118,True,False,False,False,1,0.0,452165.20999999996,199374.68999999948,POINT (452165.20999999996 199374.68999999948)
2225,ap_0301193,118,True,False,False,False,1,0.06893741560633289,452190.66000000015,199358.08000000007,POINT (452190.66000000015 199358.08000000007)
2226,ap_0301194,118,True,False,False,False,1,0.0,452225.01999999955,199376.84999999963,POINT (452225.01999999955 199376.84999999963)
2227,ap_0301195,118,True,False,False,False,1,0.17967768534961617,452257.6699999999,199314.05000000075,POINT (452257.6699999999 199314.05000000075)
2228,ap_0301196,172,True,False,False,False,1,0.0,452259.46999999974,202237.0399999991,POINT (452259.46999999974 202237.0399999991)
2229,ap_0301197,118,True,False,False,False,1,0.0070710676538147926,452277.08999999985,199295.90000000037,POINT (452277.08999999985 199295.90000000037)
2230,ap_0301198,173,True,False,False,False,1,0.3300000000745058,452299.6699999999,202424.05000000075,POINT (452299.6699999999 202424.05000000075)
2231,ap_0301199,118,True,False,False,False,1,0.131817724652609,452317.96999999974,199244.2100000009,POINT (452317.96999999974 199244.2100000009)
2232,ap_0301200,144,True,False,False,False,1,0.4924428906004372,452392.11000000034,201275.48000000045,POINT (452392.11000000034 201275.48000000045)
2233,ap_0301202,143,True,False,False,False,1,0.30865293551708084,452622.76999999955,201039.7899999991,POINT (452622.76999999955 201039.7899999991)
2234,ap_0301204,147,True,False,False,False,1,0.0,453370.58999999985,201718.26999999955,POINT (453370.58999999985 201718.26999999955)
2235,ap_0301205,147,True,False,False,False,1,0.0033988740354854146,453386.03000000026,201764.00999999978,POINT (453386.03000000026 201764.00999999978)
2236,ap_0301206,147,True,False,False,False,1,0.0012745776396567035,453386.04000000004,201764.00999999978,POINT (453386.04000000004 201764.00999999978)
2237,ap_0301207,147,True,False,False,False,1,0.0,453395.38999999966,201722.08000000007,POINT (453395.38999999966 201722.08000000007)
2238,ap_0301208,147,True,False,False,False,1,0.0,453395.4500000002,201722.08000000007,POINT (453395.4500000002 201722.08000000007)
2239,ap_0301209,147,True,False,False,False,1,0.0,453487.54000000004,201778.8200000003,POINT (453487.54000000004 201778.8200000003)
2240,ap_0301210,198,True,False,False,False,1,0.490407993652651,453490.3799999999,202288.68999999948,POINT (453490.3799999999 202288.68999999948)
2241,ap_0301211,198,True,False,False,False,1,0.0,453589.9900000002,202275.0700000003,POINT (453589.9900000002 202275.0700000003)
2242,ap_0301212,147,True,False,False,False,1,0.04216691622190112,453958.21999999974,201768.23000000045,POINT (453958.21999999974 201768.23000000045)
2243,ap_0301213,207,True,False,False,False,1,0.408937046649853,454853.4900000002,202466.86999999918,POINT (454853.4900000002 202466.86999999918)
2244,ap_0301214,207,True,False,False,False,1,0.4039107809661414,454889.53000000026,202356.09999999963,POINT (454889.53000000026 202356.09999999963)
2245,ap_0301215,207,True,False,False,False,1,0.06738300254478152,454906.23000000045,202468.22000000067,POINT (454906.23000000045 202468.22000000067)
2246,ap_0301216,207,True,False,False,False,1,0.42987605180824434,454936.51999999955,202487.2100000009,POINT (454936.51999999955 202487.2100000009)
2247,ap_0301217,207,True,False,False,False,1,0.0,454999.04000000004,202354.80000000075,POINT (454999.04000000004 202354.80000000075)
2248,ap_0301218,110,True,False,False,False,1,0.4417317106018504,448294.3799999999,198906.47000000067,POINT (448294.3799999999 198906.47000000067)
2249,ap_0301219,111,True,False,False,False,1,0.118067196662517,448312.0999999996,199045.50999999978,POINT (448312.0999999996 199045.50999999978)
2250,ap_0301220,102,True,False,False,False,1,0.12705882331904242,443579.26999999955,199235.0,POINT (443579.26999999955 199235)
2251,ap_0301221,112,True,False,False,False,1,0.20713061797472515,448296.79000000004,199300.6799999997,POINT (448296.79000000004 199300.6799999997)
2252,ap_0301222,112,True,False,False,False,1,0.1419418348847519,448271.3099999996,199322.25,POINT (448271.3099999996 199322.25)
2253,ap_0301225,141,True,False,False,False,1,0.1498322204210336,446766.20999999996,200388.15000000037,POINT (446766.20999999996 200388.15000000037)
2254,ap_0301226,141,True,False,False,False,1,0.0,446776.8499999996,200420.27999999933,POINT (446776.8499999996 200420.27999999933)
2255,ap_0301227,138,True,False,False,False,1,0.022938493490708596,447431.54000000004,200796.65000000037,POINT (447431.54000000004 200796.65000000037)
2256,ap_0301228,138,True,False,False,False,1,0.0,447276.4299999997,200896.94999999925,POINT (447276.4299999997 200896.94999999925)
2257,ap_0301229,138,True,False,False,False,1,0.025987880479794317,447280.03000000026,200903.08000000007,POINT (447280.03000000026 200903.08000000007)
2258,ap_0301230,138,True,False,False,False,1,0.0,447542.83999999985,200963.63000000082,POINT (447542.83999999985 200963.63000000082)
2259,ap_0301231,135,True,False,False,False,1,0.0,445644.79000000004,201030.9600000009,POINT (445644.79000000004 201030.9600000009)
2260,ap_0301232,138,True,False,False,False,1,0.0,447420.08999999985,201032.59999999963,POINT (447420.08999999985 201032.59999999963)
2261,ap_0301233,138,True,False,False,False,1,0.2826596722281629,447391.63999999966,201045.0,POINT (447391.63999999966 201045)
2262,ap_0301234,139,True,False,False,False,1,0.0,447006.0800000001,201045.36999999918,POINT (447006.0800000001 201045.36999999918)
2263,ap_0301235,138,True,False,False,False,1,0.0,447471.78000000026,201058.6099999994,POINT (447471.78000000026 201058.6099999994)
2264,ap_0301236,138,True,False,False,False,1,0.0,447471.7599999998,201058.63000000082,POINT (447471.7599999998 201058.63000000082)
2265,ap_0301237,139,True,False,False,False,1,0.0,446995.96999999974,201068.77999999933,POINT (446995.96999999974 201068.77999999933)
2266,ap_0301238,139,True,False,False,False,1,0.3931273527629719,447095.9400000004,201088.6099999994,POINT (447095.9400000004 201088.6099999994)
2267,ap_0301239,138,True,False,False,False,1,0.0,447442.83999999985,201089.5399999991,POINT (447442.83999999985 201089.5399999991)
2268,ap_0301240,138,True,False,False,False,1,0.0,447442.63999999966,201089.6400000006,POINT (447442.63999999966 201089.6400000006)
2269,ap_0301241,138,True,False,False,False,1,0.0,447435.7400000002,201092.77999999933,POINT (447435.7400000002 201092.77999999933)
2270,ap_0301243,140,True,False,False,False,1,0.0,447036.4900000002,201331.36999999918,POINT (447036.4900000002 201331.36999999918)
2271,ap_0301244,140,True,False,False,False,1,0.0,447046.91000000015,201344.65000000037,POINT (447046.91000000015 201344.65000000037)
2272,ap_0301246,137,True,False,False,False,1,9.263272363108612,447650.4500000002,201356.83000000007,POINT (447650.4500000002 201356.83000000007)
2273,ap_0301247,137,True,False,False,False,1,0.15114277320387196,447644.1699999999,201379.22000000067,POINT (447644.1699999999 201379.22000000067)
2274,ap_0301248,137,True,False,False,False,1,42.39388701024491,447688.21999999974,201399.15000000037,POINT (447688.21999999974 201399.15000000037)
2275,ap_0301249,117,True,False,False,False,1,0.34091583428585215,449232.21999999974,198608.72000000067,POINT (449232.21999999974 198608.72000000067)
2276,ap_0301250,117,True,False,False,False,1,0.0,449764.88999999966,198614.3900000006,POINT (449764.88999999966 198614.3900000006)
2277,ap_0301251,117,True,False,False,False,1,0.1261185249104713,449844.75,198649.51999999955,POINT (449844.75 198649.51999999955)
2278,ap_0301252,117,True,False,False,False,1,0.0,449747.7999999998,198782.8900000006,POINT (449747.7999999998 198782.8900000006)
2279,ap_0301253,117,True,False,False,False,1,0.0,449582.0099999998,198824.74000000022,POINT (449582.0099999998 198824.74000000022)
2280,ap_0301254,117,True,False,False,False,1,0.0,449677.16000000015,198826.00999999978,POINT (449677.16000000015 198826.00999999978)
2281,ap_0301255,117,True,False,False,False,1,0.3541750973851796,449657.28000000026,198826.27999999933,POINT (449657.28000000026 198826.27999999933)
2282,ap_0301256,117,True,False,False,False,1,0.0,449504.7400000002,198837.51999999955,POINT (449504.7400000002 198837.51999999955)
2283,ap_0301257,117,True,False,False,False,1,0.0,450052.7599999998,198987.84999999963,POINT (450052.7599999998 198987.84999999963)
2284,ap_0301258,117,True,False,False,False,1,0.0,449894.36000000034,199003.8900000006,POINT (449894.36000000034 199003.8900000006)
2285,ap_0301259,117,True,False,False,False,1,0.0,449436.1799999997,199007.3900000006,POINT (449436.1799999997 199007.3900000006)
2286,ap_0301260,117,True,False,False,False,1,0.2988963308168718,449800.21999999974,199007.76999999955,POINT (449800.21999999974 199007.76999999955)
2287,ap_0301261,117,True,False,False,False,1,0.06889986283222137,449476.1500000004,199025.8900000006,POINT (449476.1500000004 199025.8900000006)
2288,ap_0301262,117,True,False,False,False,1,0.1436985692476604,450019.1500000004,199031.05000000075,POINT (450019.1500000004 199031.05000000075)
2289,ap_0301263,117,True,False,False,False,1,0.0,449951.9400000004,199035.3900000006,POINT (449951.9400000004 199035.3900000006)
2290,ap_0301264,117,True,False,False,False,1,0.0,449981.7599999998,199037.55000000075,POINT (449981.7599999998 199037.55000000075)
2291,ap_0301266,117,True,False,False,False,1,0.050745309626092486,449974.5499999998,199072.81000000052,POINT (449974.5499999998 199072.81000000052)
2292,ap_0301267,117,True,False,False,False,1,0.0,449458.9299999997,199073.00999999978,POINT (449458.9299999997 199073.00999999978)
2293,ap_0301268,117,True,False,False,False,1,0.26970277135043397,449920.8300000001,199079.25999999978,POINT (449920.8300000001 199079.25999999978)
2294,ap_0301269,117,True,False,False,False,1,0.0,449992.61000000034,199080.83000000007,POINT (449992.61000000034 199080.83000000007)
2295,ap_0301270,117,True,False,False,False,1,0.5099019518341616,449980.2000000002,199088.51999999955,POINT (449980.2000000002 199088.51999999955)
2296,ap_0301271,117,True,False,False,False,1,0.494212660460553,449990.01999999955,199090.5,POINT (449990.01999999955 199090.5)
2297,ap_0301274,117,True,False,False,False,1,0.0,449936.3099999996,199298.22000000067,POINT (449936.3099999996 199298.22000000067)
2298,ap_0301275,117,True,False,False,False,1,0.11766702919116988,449966.1500000004,199308.63000000082,POINT (449966.1500000004 199308.63000000082)
2299,ap_0301276,117,True,False,False,False,1,0.0,449947.41000000015,199433.00999999978,POINT (449947.41000000015 199433.00999999978)
2300,ap_0301278,142,True,False,False,False,1,0.0,449543.2400000002,200539.7100000009,POINT (449543.2400000002 200539.7100000009)
2301,ap_0301279,142,True,False,False,False,1,0.3635931799127595,449589.1900000004,200565.31000000052,POINT (449589.1900000004 200565.31000000052)
2302,ap_0301281,101,True,False,False,False,1,0.17599721648948174,440752.16000000015,198112.15000000037,POINT (440752.16000000015 198112.15000000037)
2303,ap_0301284,100,True,False,False,False,1,0.44999999925494194,440268.53000000026,198267.44999999925,POINT (440268.53000000026 198267.44999999925)
2304,ap_0301285,100,True,False,False,False,1,0.2517156513058721,439557.5099999998,198281.77999999933,POINT (439557.5099999998 198281.77999999933)
2305,ap_0301286,100,True,False,False,False,1,0.21541788342990822,440372.20999999996,198298.2899999991,POINT (440372.20999999996 198298.2899999991)
2306,ap_0301287,101,True,False,False,False,1,0.0,440517.5800000001,198394.7899999991,POINT (440517.5800000001 198394.7899999991)
2307,ap_0301288,101,True,False,False,False,1,0.5215361921162094,440903.71999999974,198507.56000000052,POINT (440903.71999999974 198507.56000000052)
2308,ap_0301289,101,True,False,False,False,1,0.009138116038441616,440910.08999999985,198517.97000000067,POINT (440910.08999999985 198517.97000000067)
2309,ap_0301291,99,True,False,False,False,1,0.28289710072578894,437543.36000000034,199103.97000000067,POINT (437543.36000000034 199103.97000000067)
2310,ap_0301292,99,True,False,False,False,1,0.0,437513.9900000002,199267.48000000045,POINT (437513.9900000002 199267.48000000045)
2311,ap_0301293,100,True,False,False,False,1,0.19999999925494194,439194.0,199310.80000000075,POINT (439194 199310.80000000075)
2312,ap_0301294,100,True,False,False,False,1,0.0,439223.6699999999,199365.93999999948,POINT (439223.6699999999 199365.93999999948)
2313,ap_0301295,100,True,False,False,False,1,0.18999999947845936,438463.63999999966,199436.81000000052,POINT (438463.63999999966 199436.81000000052)
2314,ap_0301298,125,True,False,False,False,1,0.10085895598144053,437133.4000000004,201983.3599999994,POINT (437133.4000000004 201983.3599999994)
2315,ap_0301302,157,True,False,False,False,1,0.20880613050648367,440274.2000000002,203039.06000000052,POINT (440274.2000000002 203039.06000000052)
2316,ap_0301303,155,True,False,False,False,1,0.0,434231.58999999985,203045.3200000003,POINT (434231.58999999985 203045.3200000003)
2317,ap_0301304,155,True,False,False,False,1,0.0,434197.96999999974,203049.4299999997,POINT (434197.96999999974 203049.4299999997)
2318,ap_0301305,155,True,False,False,False,1,36.32795617729448,434287.48000000045,203070.09999999963,POINT (434287.48000000045 203070.09999999963)
2319,ap_0301306,156,True,False,False,False,1,0.0,434675.36000000034,203098.0700000003,POINT (434675.36000000034 203098.0700000003)
2320,ap_0301307,156,True,False,False,False,1,0.1800033875925056,435138.16000000015,203102.18999999948,POINT (435138.16000000015 203102.18999999948)
2321,ap_0301309,156,True,False,False,False,1,46.56034793665178,435142.28000000026,203157.25999999978,POINT (435142.28000000026 203157.25999999978)
2322,ap_0301310,156,True,False,False,False,1,0.11399174415558821,434624.4500000002,203165.23000000045,POINT (434624.4500000002 203165.23000000045)
2323,ap_0301311,82,True,False,False,False,1,0.0,450506.95999999996,197217.9299999997,POINT (450506.95999999996 197217.9299999997)
2324,ap_0301312,82,True,False,False,False,1,0.0,450506.91000000015,197217.9600000009,POINT (450506.91000000015 197217.9600000009)
2325,ap_0301313,82,True,False,False,False,1,0.3140931674550625,449249.2400000002,197242.49000000022,POINT (449249.2400000002 197242.49000000022)
2326,ap_0301314,82,True,False,False,False,1,0.0,450226.28000000026,197244.7899999991,POINT (450226.28000000026 197244.7899999991)
2327,ap_0301315,82,True,False,False,False,1,0.0,450226.29000000004,197244.81000000052,POINT (450226.29000000004 197244.81000000052)
2328,ap_0301316,82,True,False,False,False,1,0.0,449189.88999999966,197306.7100000009,POINT (449189.88999999966 197306.7100000009)
2329,ap_0301317,82,True,False,False,False,1,0.0,449222.70999999996,197381.1799999997,POINT (449222.70999999996 197381.1799999997)
2330,ap_0301318,82,True,False,False,False,1,0.0,450449.63999999966,197433.47000000067,POINT (450449.63999999966 197433.47000000067)
2331,ap_0301319,82,True,False,False,False,1,0.14055638575792473,449583.0999999996,197451.65000000037,POINT (449583.0999999996 197451.65000000037)
2332,ap_0301320,82,True,False,False,False,1,0.0,449631.4000000004,197545.75,POINT (449631.4000000004 197545.75)
2333,ap_0301321,82,True,False,False,False,1,0.3403027186737224,450035.9199999999,197547.65000000037,POINT (450035.9199999999 197547.65000000037)
2334,ap_0301322,82,True,False,False,False,1,0.18478255412214167,450057.1699999999,197557.08999999985,POINT (450057.1699999999 197557.08999999985)
2335,ap_0301323,82,True,False,False,False,1,0.0,450042.66000000015,197611.0700000003,POINT (450042.66000000015 197611.0700000003)
2336,ap_0301324,82,True,False,False,False,1,0.0,450042.63999999966,197611.08000000007,POINT (450042.63999999966 197611.08000000007)
2337,ap_0301325,82,True,False,False,False,1,0.41057838524776713,449713.5999999996,197748.09999999963,POINT (449713.5999999996 197748.09999999963)
2338,ap_0301326,82,True,False,False,False,1,0.14317410259670268,449763.9400000004,197790.24000000022,POINT (449763.9400000004 197790.24000000022)
2339,ap_0301327,82,True,False,False,False,1,0.0,449792.78000000026,197800.90000000037,POINT (449792.78000000026 197800.90000000037)
2340,ap_0301328,82,True,False,False,False,1,0.22393359217326186,449867.3099999996,197811.26999999955,POINT (449867.3099999996 197811.26999999955)
2341,ap_0301329,82,True,False,False,False,1,0.0,449965.8799999999,197824.75999999978,POINT (449965.8799999999 197824.75999999978)
2342,ap_0301330,117,True,False,False,False,1,0.04711731118255586,449608.8499999996,198026.34999999963,POINT (449608.8499999996 198026.34999999963)
2343,ap_0301331,117,True,False,False,False,1,0.4616925386673131,449734.4900000002,198150.99000000022,POINT (449734.4900000002 198150.99000000022)
2344,ap_0301332,117,True,False,False,False,1,0.09217458309851045,449192.13999999966,198230.76999999955,POINT (449192.13999999966 198230.76999999955)
2345,ap_0301333,117,True,False,False,False,1,0.07553698552149261,450181.7400000002,198331.01999999955,POINT (450181.7400000002 198331.01999999955)
2346,ap_0301335,117,True,False,False,False,1,0.10428363698746479,450421.5599999996,198366.91999999993,POINT (450421.5599999996 198366.91999999993)
2347,ap_0301336,117,True,False,False,False,1,0.2273872888363322,450176.4299999997,198377.34999999963,POINT (450176.4299999997 198377.34999999963)
2348,ap_0301337,117,True,False,False,False,1,0.24909231181761152,450427.29000000004,198380.2100000009,POINT (450427.29000000004 198380.2100000009)
2349,ap_0301338,117,True,False,False,False,1,0.45839233168911075,450194.70999999996,198387.40000000037,POINT (450194.70999999996 198387.40000000037)
2350,ap_0301339,117,True,False,False,False,1,0.16451678254279953,450430.0999999996,198396.61999999918,POINT (450430.0999999996 198396.61999999918)
2351,ap_0301340,117,True,False,False,False,1,0.0,450423.6299999999,198416.6400000006,POINT (450423.6299999999 198416.6400000006)
2352,ap_0301341,117,True,False,False,False,1,0.0,449763.3200000003,198598.33000000007,POINT (449763.3200000003 198598.33000000007)
2353,ap_0301342,75,True,False,False,False,1,0.06584880862740791,445682.6299999999,196708.08999999985,POINT (445682.6299999999 196708.08999999985)
2354,ap_0301343,75,True,False,False,False,1,0.09391485503833118,445801.53000000026,196746.33999999985,POINT (445801.53000000026 196746.33999999985)
2355,ap_0301344,82,True,False,False,False,1,0.12649110623002915,448967.86000000034,196753.01999999955,POINT (448967.86000000034 196753.01999999955)
2356,ap_0301345,75,True,False,False,False,1,0.0,445612.0700000003,196753.36999999918,POINT (445612.0700000003 196753.36999999918)
2357,ap_0301346,82,True,False,False,False,1,0.0,449102.2599999998,196773.13000000082,POINT (449102.2599999998 196773.13000000082)
2358,ap_0301347,79,True,False,False,False,1,0.0,448424.4299999997,196776.36999999918,POINT (448424.4299999997 196776.36999999918)
2359,ap_0301348,75,True,False,False,False,1,0.0,445803.4000000004,196790.1400000006,POINT (445803.4000000004 196790.1400000006)
2360,ap_0301349,82,True,False,False,False,1,0.0,448818.29000000004,196802.09999999963,POINT (448818.29000000004 196802.09999999963)
2361,ap_0301350,75,True,False,False,False,1,0.32751394530086075,445813.3499999996,196803.08000000007,POINT (445813.3499999996 196803.08000000007)
2362,ap_0301351,75,True,False,False,False,1,0.0,445653.70999999996,196834.6799999997,POINT (445653.70999999996 196834.6799999997)
2363,ap_0301352,82,True,False,False,False,1,0.0,448924.53000000026,196852.50999999978,POINT (448924.53000000026 196852.50999999978)
2364,ap_0301353,82,True,False,False,False,1,0.4197618373499042,448914.91000000015,196906.41000000015,POINT (448914.91000000015 196906.41000000015)
2365,ap_0301354,82,True,False,False,False,1,0.0,448815.8499999996,196948.94999999925,POINT (448815.8499999996 196948.94999999925)
2366,ap_0301355,82,True,False,False,False,1,0.08062257776022473,448960.95999999996,197195.9299999997,POINT (448960.95999999996 197195.9299999997)
2367,ap_0301356,82,True,False,False,False,1,0.0,449105.3200000003,197217.41999999993,POINT (449105.3200000003 197217.41999999993)
2368,ap_0301357,82,True,False,False,False,1,0.17641057147573,448843.1699999999,197285.94999999925,POINT (448843.1699999999 197285.94999999925)
2369,ap_0301358,82,True,False,False,False,1,0.31193060588492494,448939.78000000026,197337.30000000075,POINT (448939.78000000026 197337.30000000075)
2370,ap_0301359,82,True,False,False,False,1,0.3212499621055019,448693.5700000003,197382.26999999955,POINT (448693.5700000003 197382.26999999955)
2371,ap_0301360,82,True,False,False,False,1,0.0,448693.95999999996,197398.01999999955,POINT (448693.95999999996 197398.01999999955)
2372,ap_0301361,82,True,False,False,False,1,0.0,448761.5700000003,197408.40000000037,POINT (448761.5700000003 197408.40000000037)
2373,ap_0301362,82,True,False,False,False,1,0.0,449071.26999999955,197428.00999999978,POINT (449071.26999999955 197428.00999999978)
2374,ap_0301364,114,True,False,False,False,1,0.0,448063.73000000045,198029.59999999963,POINT (448063.73000000045 198029.59999999963)
2375,ap_0301365,117,True,False,False,False,1,0.12369316803668216,449012.03000000026,198398.11999999918,POINT (449012.03000000026 198398.11999999918)
2376,ap_0301367,113,True,False,False,False,1,0.20171159501928404,448258.29000000004,198508.75,POINT (448258.29000000004 198508.75)
2377,ap_0301369,117,True,False,False,False,1,0.0,449146.9000000004,198578.15000000037,POINT (449146.9000000004 198578.15000000037)
2378,ap_0301372,110,True,False,False,False,1,0.3177216689240884,448337.3200000003,198880.02999999933,POINT (448337.3200000003 198880.02999999933)
2379,ap_0301373,49,True,False,False,False,1,0.09432223598892292,449525.8700000001,195850.11999999918,POINT (449525.8700000001 195850.11999999918)
2380,ap_0301374,49,True,False,False,False,1,0.0,449276.29000000004,195858.8200000003,POINT (449276.29000000004 195858.8200000003)
2381,ap_0301375,49,True,False,False,False,1,0.1475804857153059,449299.76999999955,195862.27999999933,POINT (449299.76999999955 195862.27999999933)
2382,ap_0301376,49,True,False,False,False,1,0.017888543420158207,449292.48000000045,195865.77999999933,POINT (449292.48000000045 195865.77999999933)
2383,ap_0301377,82,True,False,False,False,1,0.5021452035956787,449493.5,196100.94999999925,POINT (449493.5 196100.94999999925)
2384,ap_0301378,82,True,False,False,False,1,0.3404588005506319,449527.2999999998,196120.80000000075,POINT (449527.2999999998 196120.80000000075)
2385,ap_0301379,82,True,False,False,False,1,0.24999999962747096,449527.1500000004,196121.19999999925,POINT (449527.1500000004 196121.19999999925)
2386,ap_0301380,82,True,False,False,False,1,0.0,449223.66000000015,196447.97000000067,POINT (449223.66000000015 196447.97000000067)
2387,ap_0301381,82,True,False,False,False,1,0.0,449261.9900000002,196452.58000000007,POINT (449261.9900000002 196452.58000000007)
2388,ap_0301382,82,True,False,False,False,1,0.0,449288.8799999999,196458.16000000015,POINT (449288.8799999999 196458.16000000015)
2389,ap_0301383,82,True,False,False,False,1,0.0,449496.8099999996,196497.16999999993,POINT (449496.8099999996 196497.16999999993)
2390,ap_0301384,82,True,False,False,False,1,0.0,449993.5,196587.0700000003,POINT (449993.5 196587.0700000003)
2391,ap_0301385,82,True,False,False,False,1,11.766290834651265,450002.7000000002,196598.66000000015,POINT (450002.7000000002 196598.66000000015)
2392,ap_0301386,82,True,False,False,False,1,0.0,449472.2000000002,196602.83000000007,POINT (449472.2000000002 196602.83000000007)
2393,ap_0301387,82,True,False,False,False,1,0.0,449445.98000000045,196603.5,POINT (449445.98000000045 196603.5)
2394,ap_0301388,82,True,False,False,False,1,0.324786525915774,449561.1299999999,196789.31000000052,POINT (449561.1299999999 196789.31000000052)
2395,ap_0301389,82,True,False,False,False,1,0.4327608665284376,449509.4000000004,196874.38000000082,POINT (449509.4000000004 196874.38000000082)
2396,ap_0301390,82,True,False,False,False,1,0.0,450075.41000000015,197052.19999999925,POINT (450075.41000000015 197052.19999999925)
2397,ap_0301391,82,True,False,False,False,1,0.0,450092.58999999985,197055.59999999963,POINT (450092.58999999985 197055.59999999963)
2398,ap_0301392,82,True,False,False,False,1,0.0,450163.6500000004,197059.40000000037,POINT (450163.6500000004 197059.40000000037)
2399,ap_0301393,82,True,False,False,False,1,0.39000000045276606,449899.63999999966,197085.15000000037,POINT (449899.63999999966 197085.15000000037)
2400,ap_0301394,82,True,False,False,False,1,0.0,450184.63999999966,197102.24000000022,POINT (450184.63999999966 197102.24000000022)
2401,ap_0301395,82,True,False,False,False,1,0.0,450094.29000000004,197107.11999999918,POINT (450094.29000000004 197107.11999999918)
2402,ap_0301396,82,True,False,False,False,1,0.1754524482387976,449934.6299999999,197116.6099999994,POINT (449934.6299999999 197116.6099999994)
2403,ap_0301397,82,True,False,False,False,1,0.0,449950.95999999996,197149.81000000052,POINT (449950.95999999996 197149.81000000052)
2404,ap_0301398,82,True,False,False,False,1,0.0,449277.25,197167.19999999925,POINT (449277.25 197167.19999999925)
2405,ap_0301399,82,True,False,False,False,1,0.0,450317.25,197168.69999999925,POINT (450317.25 197168.69999999925)
2406,ap_0301400,82,True,False,False,False,1,0.0,450195.9400000004,197169.88000000082,POINT (450195.9400000004 197169.88000000082)
2407,ap_0301401,82,True,False,False,False,1,0.0,450182.38999999966,197180.26999999955,POINT (450182.38999999966 197180.26999999955)
2408,ap_0301402,82,True,False,False,False,1,0.08597853004295504,450560.41000000015,197183.4600000009,POINT (450560.41000000015 197183.4600000009)
2409,ap_0301403,82,True,False,False,False,1,0.20615528164228927,449273.6799999997,197187.4299999997,POINT (449273.6799999997 197187.4299999997)
2410,ap_0301435,117,True,False,False,False,1,0.11451966712941052,450649.7999999998,198600.34999999963,POINT (450649.7999999998 198600.34999999963)
2411,ap_0301436,118,True,False,False,False,1,0.0,450691.3200000003,198276.33000000007,POINT (450691.3200000003 198276.33000000007)
2412,ap_0301437,118,True,False,False,False,1,0.45343136233139736,450695.33999999985,198565.69999999925,POINT (450695.33999999985 198565.69999999925)
2413,ap_0301438,118,True,False,False,False,1,0.0,450712.11000000034,198279.4299999997,POINT (450712.11000000034 198279.4299999997)
2414,ap_0301439,118,True,False,False,False,1,0.0,450712.45999999996,198528.05000000075,POINT (450712.45999999996 198528.05000000075)
2415,ap_0301440,118,True,False,False,False,1,0.0,450725.7599999998,198547.81000000052,POINT (450725.7599999998 198547.81000000052)
2416,ap_0301441,118,True,False,False,False,1,0.0,450732.16000000015,198556.50999999978,POINT (450732.16000000015 198556.50999999978)
2417,ap_0301442,118,True,False,False,False,1,0.15264919436132574,450765.20999999996,198576.01999999955,POINT (450765.20999999996 198576.01999999955)
2418,ap_0301443,118,True,False,False,False,1,0.553172667599199,450767.36000000034,198316.58000000007,POINT (450767.36000000034 198316.58000000007)
2419,ap_0301444,118,True,False,False,False,1,0.0,450769.7400000002,198522.40000000037,POINT (450769.7400000002 198522.40000000037)
2420,ap_0301445,50,True,False,False,False,1,0.0,450775.4000000004,195244.01999999955,POINT (450775.4000000004 195244.01999999955)
2421,ap_0301446,118,True,False,False,False,1,0.30081963523184385,450776.33999999985,198231.58999999985,POINT (450776.33999999985 198231.58999999985)
2422,ap_0301447,50,True,False,False,False,1,0.0,450853.9500000002,195278.15000000037,POINT (450853.9500000002 195278.15000000037)
2423,ap_0301448,86,True,False,False,False,1,0.2778010018505885,450884.3799999999,197845.0,POINT (450884.3799999999 197845)
2424,ap_0301449,86,True,False,False,False,1,0.0,450901.9299999997,197809.1400000006,POINT (450901.9299999997 197809.1400000006)
2425,ap_0301450,85,True,False,False,False,1,0.43382023873984854,450970.61000000034,197694.18999999948,POINT (450970.61000000034 197694.18999999948)
2426,ap_0301452,118,True,False,False,False,1,0.0,451076.25,198826.80000000075,POINT (451076.25 198826.80000000075)
2427,ap_0301453,118,True,False,False,False,1,0.0,451080.16000000015,198800.1099999994,POINT (451080.16000000015 198800.1099999994)
2428,ap_0301454,118,True,False,False,False,1,0.0,451095.20999999996,198843.23000000045,POINT (451095.20999999996 198843.23000000045)
2429,ap_0301455,118,True,False,False,False,1,0.23000000044703484,451109.23000000045,198883.0,POINT (451109.23000000045 198883)
2430,ap_0301456,84,True,False,False,False,1,0.21230769214721829,451146.0800000001,197462.6400000006,POINT (451146.0800000001 197462.6400000006)
2431,ap_0301461,118,True,False,False,False,1,0.0,451520.1799999997,198335.2100000009,POINT (451520.1799999997 198335.2100000009)
2432,ap_0301462,118,True,False,False,False,1,0.0,451596.04000000004,198508.88000000082,POINT (451596.04000000004 198508.88000000082)
2433,ap_0301463,118,True,False,False,False,1,0.0,451601.61000000034,198486.43999999948,POINT (451601.61000000034 198486.43999999948)
2434,ap_0301464,118,True,False,False,False,1,0.24207436929067036,451680.1900000004,198515.15000000037,POINT (451680.1900000004 198515.15000000037)
2435,ap_0301465,118,True,False,False,False,1,0.0,452030.4199999999,198489.66999999993,POINT (452030.4199999999 198489.66999999993)
2436,ap_0301528,35,True,False,False,False,1,0.14035668905478876,449707.9900000002,193028.8599999994,POINT (449707.9900000002 193028.8599999994)
2437,ap_0301529,35,True,False,False,False,1,0.0,449732.9299999997,193033.02999999933,POINT (449732.9299999997 193033.02999999933)
2438,ap_0301531,35,True,False,False,False,1,0.0,450066.9500000002,193564.55000000075,POINT (450066.9500000002 193564.55000000075)
2439,ap_0301532,35,True,False,False,False,1,0.0,450471.96999999974,193599.69999999925,POINT (450471.96999999974 193599.69999999925)
2440,ap_0301533,35,True,False,False,False,1,0.0,450378.4299999997,193620.27999999933,POINT (450378.4299999997 193620.27999999933)
2441,ap_0301534,35,True,False,False,False,1,0.0,450330.9400000004,193649.59999999963,POINT (450330.9400000004 193649.59999999963)
2442,ap_0301535,49,True,False,False,False,1,0.0,450384.98000000045,194147.31000000052,POINT (450384.98000000045 194147.31000000052)
2443,ap_0301536,49,True,False,False,False,1,0.19770979008269374,450501.41000000015,194155.66000000015,POINT (450501.41000000015 194155.66000000015)
2444,ap_0301537,49,True,False,False,False,1,0.0,450431.9199999999,194181.19999999925,POINT (450431.9199999999 194181.19999999925)
2445,ap_0301538,49,True,False,False,False,1,0.34882660419008715,450440.5700000003,194185.91999999993,POINT (450440.5700000003 194185.91999999993)
2446,ap_0301539,49,True,False,False,False,1,0.0,450452.3799999999,194213.47000000067,POINT (450452.3799999999 194213.47000000067)
2447,ap_0301540,49,True,False,False,False,1,0.0,450181.03000000026,194957.19999999925,POINT (450181.03000000026 194957.19999999925)
2448,ap_0301541,49,True,False,False,False,1,0.17460757472295124,450193.9400000004,194962.77999999933,POINT (450193.9400000004 194962.77999999933)
2449,ap_0301542,49,True,False,False,False,1,0.18077419710972453,450217.3499999996,195041.18999999948,POINT (450217.3499999996 195041.18999999948)
2450,ap_0301543,49,True,False,False,False,1,0.48600411440637437,450325.38999999966,195063.2899999991,POINT (450325.38999999966 195063.2899999991)
2451,ap_0301544,49,True,False,False,False,1,0.0,450277.4900000002,195069.0700000003,POINT (450277.4900000002 195069.0700000003)
2452,ap_0301546,49,True,False,False,False,1,0.13601470588163192,449875.95999999996,195571.86999999918,POINT (449875.95999999996 195571.86999999918)
2453,ap_0301547,49,True,False,False,False,1,0.044769503438944244,449354.8300000001,195639.08000000007,POINT (449354.8300000001 195639.08000000007)
2454,ap_0301548,49,True,False,False,False,1,0.0,449386.48000000045,195639.90000000037,POINT (449386.48000000045 195639.90000000037)
2455,ap_0301549,49,True,False,False,False,1,0.2569230767683341,449433.2599999998,195649.16999999993,POINT (449433.2599999998 195649.16999999993)
2456,ap_0301550,49,True,False,False,False,1,0.0,449480.9500000002,195658.41000000015,POINT (449480.9500000002 195658.41000000015)
2457,ap_0301551,49,True,False,False,False,1,0.0,449392.3099999996,195658.72000000067,POINT (449392.3099999996 195658.72000000067)
2458,ap_0301552,49,True,False,False,False,1,1.3685692512515828,449207.9500000002,195660.36999999918,POINT (449207.9500000002 195660.36999999918)
2459,ap_0301553,49,True,False,False,False,1,0.34817338388575747,449379.7000000002,195681.7100000009,POINT (449379.7000000002 195681.7100000009)
2460,ap_0301554,49,True,False,False,False,1,0.0,449345.4000000004,195730.5399999991,POINT (449345.4000000004 195730.5399999991)
2461,ap_0301555,49,True,False,False,False,1,0.0,449351.5599999996,195742.41000000015,POINT (449351.5599999996 195742.41000000015)
2462,ap_0301556,49,True,False,False,False,1,0.0,449278.3300000001,195785.08000000007,POINT (449278.3300000001 195785.08000000007)
2463,ap_0301557,49,True,False,False,False,1,0.0,449358.1200000001,195791.6099999994,POINT (449358.1200000001 195791.6099999994)
2464,ap_0301558,49,True,False,False,False,1,0.0,449306.33999999985,195835.94999999925,POINT (449306.33999999985 195835.94999999925)
2465,ap_0301559,33,True,False,False,False,1,0.0,440706.96999999974,192751.83999999985,POINT (440706.96999999974 192751.83999999985)
2466,ap_0301560,33,True,False,False,False,1,0.0,440614.3300000001,192828.0,POINT (440614.3300000001 192828)
2467,ap_0301561,33,True,False,False,False,1,0.0,440656.53000000026,192937.8900000006,POINT (440656.53000000026 192937.8900000006)
2468,ap_0301580,47,True,False,False,False,1,0.25298221246005825,439016.9900000002,194261.26999999955,POINT (439016.9900000002 194261.26999999955)
2469,ap_0301581,46,True,False,False,False,1,0.38054867870863424,438098.83999999985,194415.6400000006,POINT (438098.83999999985 194415.6400000006)
2470,ap_0301585,66,True,False,False,False,1,28.9045066899015,436034.3499999996,196513.9299999997,POINT (436034.3499999996 196513.9299999997)
2471,ap_0301590,101,True,False,False,False,1,10.488736853369787,441037.73000000045,198259.40000000037,POINT (441037.73000000045 198259.40000000037)
2472,ap_0301591,33,True,False,False,False,1,0.0,441295.08999999985,192874.99000000022,POINT (441295.08999999985 192874.99000000022)
2473,ap_0301592,33,True,False,False,False,1,0.0,441313.53000000026,192914.2899999991,POINT (441313.53000000026 192914.2899999991)
2474,ap_0301593,33,True,False,False,False,1,0.15019194880143938,441353.1500000004,192882.8900000006,POINT (441353.1500000004 192882.8900000006)
2475,ap_0301594,33,True,False,False,False,1,0.0,441629.9900000002,192671.55000000075,POINT (441629.9900000002 192671.55000000075)
2476,ap_0301597,101,True,False,False,False,1,0.048238191699009274,442340.1299999999,198864.0399999991,POINT (442340.1299999999 198864.0399999991)
2477,ap_0301598,33,True,False,False,False,1,0.07747079512309284,442389.1500000004,193163.98000000045,POINT (442389.1500000004 193163.98000000045)
2478,ap_0301599,68,True,False,False,False,1,0.0,442440.0599999996,196054.58999999985,POINT (442440.0599999996 196054.58999999985)
2479,ap_0301600,33,True,False,False,False,1,0.0,442443.4500000002,193220.5399999991,POINT (442443.4500000002 193220.5399999991)
2480,ap_0301601,68,True,False,False,False,1,0.0,442454.54000000004,196029.30000000075,POINT (442454.54000000004 196029.30000000075)
2481,ap_0301602,68,True,False,False,False,1,0.12225144142883537,442514.5999999996,196074.0700000003,POINT (442514.5999999996 196074.0700000003)
2482,ap_0301603,70,True,False,False,False,1,0.0,442915.1900000004,196286.01999999955,POINT (442915.1900000004 196286.01999999955)
2483,ap_0301605,69,True,False,False,False,1,0.14600600238575137,444042.6500000004,197111.1799999997,POINT (444042.6500000004 197111.1799999997)
2484,ap_0301606,69,True,False,False,False,1,0.0,444053.9299999997,196840.51999999955,POINT (444053.9299999997 196840.51999999955)
2485,ap_0301611,75,True,False,False,False,1,0.16544610610763302,445059.0700000003,196787.2100000009,POINT (445059.0700000003 196787.2100000009)
2486,ap_0301612,75,True,False,False,False,1,0.4253087761944096,445065.0,196718.5700000003,POINT (445065 196718.5700000003)
2487,ap_0301613,75,True,False,False,False,1,0.506951674651671,445174.5099999998,196831.13000000082,POINT (445174.5099999998 196831.13000000082)
2488,ap_0301614,75,True,False,False,False,1,0.4358109601146011,445221.4500000002,196769.6799999997,POINT (445221.4500000002 196769.6799999997)
2489,ap_0301615,75,True,False,False,False,1,0.0,445281.66000000015,196818.11999999918,POINT (445281.66000000015 196818.11999999918)
2490,ap_0301616,75,True,False,False,False,1,49.015776573197094,445329.9900000002,196786.41000000015,POINT (445329.9900000002 196786.41000000015)
2491,ap_0301652,34,True,False,False,False,1,0.0,446853.1699999999,192261.52999999933,POINT (446853.1699999999 192261.52999999933)
2492,ap_0301653,34,True,False,False,False,1,0.0,448553.5999999996,192395.49000000022,POINT (448553.5999999996 192395.49000000022)
2493,ap_0301654,34,True,False,False,False,1,0.12112753981381559,448514.9000000004,192407.08999999985,POINT (448514.9000000004 192407.08999999985)
2494,ap_0301655,35,True,False,False,False,1,0.0,448763.48000000045,192440.22000000067,POINT (448763.48000000045 192440.22000000067)
2495,ap_0301662,34,True,False,False,False,1,0.3502338586596936,447960.4000000004,193829.65000000037,POINT (447960.4000000004 193829.65000000037)
2496,ap_0301663,34,True,False,False,False,1,0.3763110416896216,447960.28000000026,193830.34999999963,POINT (447960.28000000026 193830.34999999963)
2497,ap_0301664,48,True,False,False,False,1,0.0,447457.45999999996,193858.7100000009,POINT (447457.45999999996 193858.7100000009)
2498,ap_0301665,48,True,False,False,False,1,0.0,447453.11000000034,193867.94999999925,POINT (447453.11000000034 193867.94999999925)
2499,ap_0301666,48,True,False,False,False,1,0.2599999997764826,447452.13999999966,193868.25999999978,POINT (447452.13999999966 193868.25999999978)
2500,ap_0301667,48,True,False,False,False,1,0.0,448033.48000000045,194128.25999999978,POINT (448033.48000000045 194128.25999999978)
2501,ap_0301668,48,True,False,False,False,1,0.42908135707521006,448026.4900000002,194133.66999999993,POINT (448026.4900000002 194133.66999999993)
2502,ap_0301669,48,True,False,False,False,1,0.19234681482880236,448029.78000000026,194150.15000000037,POINT (448029.78000000026 194150.15000000037)
2503,ap_0301670,48,True,False,False,False,1,0.3399999998509884,448072.66000000015,194164.33999999985,POINT (448072.66000000015 194164.33999999985)
2504,ap_0301671,48,True,False,False,False,1,0.01611634428752156,448186.9900000002,194175.98000000045,POINT (448186.9900000002 194175.98000000045)
2505,ap_0301673,48,True,False,False,False,1,0.17365748786199933,447768.4299999997,194378.26999999955,POINT (447768.4299999997 194378.26999999955)
2506,ap_0301674,48,True,False,False,False,1,0.10521127150868315,447685.3700000001,195063.81000000052,POINT (447685.3700000001 195063.81000000052)
2507,ap_0301675,48,True,False,False,False,1,0.046933487997245504,448463.8700000001,195695.26999999955,POINT (448463.8700000001 195695.26999999955)
2508,ap_0301676,48,True,False,False,False,1,0.05528656076678264,448501.6900000004,195698.58000000007,POINT (448501.6900000004 195698.58000000007)
2509,ap_0301677,48,True,False,False,False,1,0.0,448489.79000000004,195732.5,POINT (448489.79000000004 195732.5)
2510,ap_0301678,77,True,False,False,False,1,0.0,448348.3300000001,196047.76999999955,POINT (448348.3300000001 196047.76999999955)
2511,ap_0301679,82,True,False,False,False,1,0.44315665183517466,449096.21999999974,196110.5399999991,POINT (449096.21999999974 196110.5399999991)
2512,ap_0301680,77,True,False,False,False,1,0.5078165931003548,448404.48000000045,196134.26999999955,POINT (448404.48000000045 196134.26999999955)
2513,ap_0301681,82,True,False,False,False,1,0.33847550225701356,449106.9400000004,196137.33999999985,POINT (449106.9400000004 196137.33999999985)
2514,ap_0301683,18,True,False,False,False,1,0.12589193958545264,453051.6699999999,190872.91000000015,POINT (453051.6699999999 190872.91000000015)
2515,ap_0301684,18,True,False,False,False,1,0.0,452944.7999999998,190874.16000000015,POINT (452944.7999999998 190874.16000000015)
2516,ap_0301685,18,True,False,False,False,1,0.0,452950.5,190883.8200000003,POINT (452950.5 190883.8200000003)
2517,ap_0301686,18,True,False,False,False,1,0.0,452811.3200000003,190893.99000000022,POINT (452811.3200000003 190893.99000000022)
2518,ap_0301687,18,True,False,False,False,1,0.0,453063.88999999966,190898.31000000052,POINT (453063.88999999966 190898.31000000052)
2519,ap_0301688,18,True,False,False,False,1,9.700957313665056,452809.3499999996,190904.16000000015,POINT (452809.3499999996 190904.16000000015)
2520,ap_0301689,18,True,False,False,False,1,0.1780000001192093,453224.0499999998,190906.76999999955,POINT (453224.0499999998 190906.76999999955)
2521,ap_0301690,18,True,False,False,False,1,0.0,452818.1299999999,190914.1400000006,POINT (452818.1299999999 190914.1400000006)
2522,ap_0301692,18,True,False,False,False,1,0.2439999992027879,453214.13999999966,190970.80000000075,POINT (453214.13999999966 190970.80000000075)
2523,ap_0301694,18,True,False,False,False,1,0.15124706892111398,453208.9199999999,191005.1400000006,POINT (453208.9199999999 191005.1400000006)
2524,ap_0301695,18,True,False,False,False,1,0.29546573369076706,453179.8799999999,191012.73000000045,POINT (453179.8799999999 191012.73000000045)
2525,ap_0301696,18,True,False,False,False,1,0.35999999940395355,453208.8200000003,191016.6400000006,POINT (453208.8200000003 191016.6400000006)
2526,ap_0301697,18,True,False,False,False,1,0.4693588240906343,453102.53000000026,191078.72000000067,POINT (453102.53000000026 191078.72000000067)
2527,ap_0301698,18,True,False,False,False,1,0.0,453152.5999999996,191119.56000000052,POINT (453152.5999999996 191119.56000000052)
2528,ap_0301699,18,True,False,False,False,1,0.0,452833.76999999955,191119.69999999925,POINT (452833.76999999955 191119.69999999925)
2529,ap_0301700,18,True,False,False,False,1,0.050596442020795565,452746.9000000004,191166.8599999994,POINT (452746.9000000004 191166.8599999994)
2530,ap_0301701,18,True,False,False,False,1,0.04247292115819496,452738.3300000001,191175.40000000037,POINT (452738.3300000001 191175.40000000037)
2531,ap_0301702,17,True,False,False,False,1,0.09899494978758515,452698.0099999998,191206.84999999963,POINT (452698.0099999998 191206.84999999963)
2532,ap_0301703,18,True,False,False,False,1,0.0,453136.63999999966,191219.09999999963,POINT (453136.63999999966 191219.09999999963)
2533,ap_0301704,18,True,False,False,False,1,0.6155485352649804,453405.4199999999,191226.55000000075,POINT (453405.4199999999 191226.55000000075)
2534,ap_0301705,18,True,False,False,False,1,0.4304150106633201,453023.29000000004,191249.34999999963,POINT (453023.29000000004 191249.34999999963)
2535,ap_0301706,18,True,False,False,False,1,0.1228892969808904,453431.2599999998,191291.41999999993,POINT (453431.2599999998 191291.41999999993)
2536,ap_0301707,18,True,False,False,False,1,0.49861963230007206,452943.4199999999,191297.44999999925,POINT (452943.4199999999 191297.44999999925)
2537,ap_0301708,18,True,False,False,False,1,0.20226822606496253,452931.11000000034,191304.16999999993,POINT (452931.11000000034 191304.16999999993)
2538,ap_0301709,18,True,False,False,False,1,0.02221329860412986,452913.98000000045,191306.99000000022,POINT (452913.98000000045 191306.99000000022)
2539,ap_0301710,18,True,False,False,False,1,0.223606797749979,452912.83999999985,191308.8200000003,POINT (452912.83999999985 191308.8200000003)
2540,ap_0301711,18,True,False,False,False,1,0.36535137450454047,453446.38999999966,191339.06000000052,POINT (453446.38999999966 191339.06000000052)
2541,ap_0301712,17,True,False,False,False,1,0.2828427120794923,452630.6900000004,191351.08999999985,POINT (452630.6900000004 191351.08999999985)
2542,ap_0301713,18,True,False,False,False,1,0.032574822656696215,453467.8799999999,191408.66000000015,POINT (453467.8799999999 191408.66000000015)
2543,ap_0301714,18,True,False,False,False,1,0.524432769724566,452956.5499999998,190517.50999999978,POINT (452956.5499999998 190517.50999999978)
2544,ap_0301715,18,True,False,False,False,1,0.0,453025.6500000004,190543.7899999991,POINT (453025.6500000004 190543.7899999991)
2545,ap_0301716,18,True,False,False,False,1,0.0,453145.2599999998,190550.16000000015,POINT (453145.2599999998 190550.16000000015)
2546,ap_0301717,18,True,False,False,False,1,0.04510671043886354,453143.51999999955,190567.94999999925,POINT (453143.51999999955 190567.94999999925)
2547,ap_0301718,18,True,False,False,False,1,0.0,453215.04000000004,190573.09999999963,POINT (453215.04000000004 190573.09999999963)
2548,ap_0301719,18,True,False,False,False,1,0.36999999938180317,453258.3499999996,190581.11999999918,POINT (453258.3499999996 190581.11999999918)
2549,ap_0301720,18,True,False,False,False,1,0.05434846896967864,453075.9500000002,190585.8599999994,POINT (453075.9500000002 190585.8599999994)
2550,ap_0301721,18,True,False,False,False,1,0.17204650485149903,453075.13999999966,190594.90000000037,POINT (453075.13999999966 190594.90000000037)
2551,ap_0301722,18,True,False,False,False,1,0.0,453323.03000000026,190610.36999999918,POINT (453323.03000000026 190610.36999999918)
2552,ap_0301723,18,True,False,False,False,1,0.0,453369.3700000001,190610.41999999993,POINT (453369.3700000001 190610.41999999993)
2553,ap_0301725,18,True,False,False,False,1,0.3747665942132627,453073.6299999999,190663.16000000015,POINT (453073.6299999999 190663.16000000015)
2554,ap_0301726,18,True,False,False,False,1,0.274116763784079,453325.3200000003,190663.65000000037,POINT (453325.3200000003 190663.65000000037)
2555,ap_0301727,18,True,False,False,False,1,0.44384682053255436,453072.1699999999,190672.58999999985,POINT (453072.1699999999 190672.58999999985)
2556,ap_0301728,18,True,False,False,False,1,0.14615384632578263,453094.01999999955,190731.15000000037,POINT (453094.01999999955 190731.15000000037)
2557,ap_0301729,18,True,False,False,False,1,0.0,453200.3300000001,190741.49000000022,POINT (453200.3300000001 190741.49000000022)
2558,ap_0301730,18,True,False,False,False,1,0.0,453195.0599999996,190763.98000000045,POINT (453195.0599999996 190763.98000000045)
2559,ap_0301731,18,True,False,False,False,1,0.0,453225.51999999955,190763.99000000022,POINT (453225.51999999955 190763.99000000022)
2560,ap_0301732,18,True,False,False,False,1,0.20571825391332066,453070.0599999996,190777.25999999978,POINT (453070.0599999996 190777.25999999978)
2561,ap_0301733,18,True,False,False,False,1,0.0,452809.1900000004,190784.4299999997,POINT (452809.1900000004 190784.4299999997)
2562,ap_0301734,18,True,False,False,False,1,0.43133513610232554,453066.1799999997,190790.5700000003,POINT (453066.1799999997 190790.5700000003)
2563,ap_0301735,18,True,False,False,False,1,0.47186924459572166,453252.45999999996,190810.13000000082,POINT (453252.45999999996 190810.13000000082)
2564,ap_0301736,18,True,False,False,False,1,0.10440306453960563,453038.9000000004,190817.02999999933,POINT (453038.9000000004 190817.02999999933)
2565,ap_0301737,18,True,False,False,False,1,13.153587715743845,452909.8200000003,190835.66999999993,POINT (452909.8200000003 190835.66999999993)
2566,ap_0301738,18,True,False,False,False,1,0.3676955259009033,453119.1799999997,190839.33999999985,POINT (453119.1799999997 190839.33999999985)
2567,ap_0301739,18,True,False,False,False,1,0.13555759729814468,453135.0099999998,190842.6099999994,POINT (453135.0099999998 190842.6099999994)
2568,ap_0301740,18,True,False,False,False,1,9.894993682891494,452886.21999999974,190846.05000000075,POINT (452886.21999999974 190846.05000000075)
2569,ap_0301741,18,True,False,False,False,1,0.0,452917.70999999996,190846.23000000045,POINT (452917.70999999996 190846.23000000045)
2570,ap_0301742,18,True,False,False,False,1,0.0,452872.86000000034,190852.27999999933,POINT (452872.86000000034 190852.27999999933)
2571,ap_0301743,18,True,False,False,False,1,0.0,452908.25,190853.49000000022,POINT (452908.25 190853.49000000022)
2572,ap_0301744,18,True,False,False,False,1,0.0,453250.63999999966,190871.0,POINT (453250.63999999966 190871)
2573,ap_0301745,17,True,False,False,False,1,0.4947726755349122,451407.8799999999,190145.48000000045,POINT (451407.8799999999 190145.48000000045)
2574,ap_0301746,17,True,False,False,False,1,0.049999999813735485,452037.9500000002,190156.4299999997,POINT (452037.9500000002 190156.4299999997)
2575,ap_0301747,17,True,False,False,False,1,0.0,452036.41000000015,190163.75999999978,POINT (452036.41000000015 190163.75999999978)
2576,ap_0301748,17,True,False,False,False,1,0.31971639474006874,451679.8300000001,190179.68999999948,POINT (451679.8300000001 190179.68999999948)
2577,ap_0301749,17,True,False,False,False,1,0.24000000022351742,451477.8099999996,190290.24000000022,POINT (451477.8099999996 190290.24000000022)
2578,ap_0301750,17,True,False,False,False,1,0.2599999997764826,451477.1500000004,190290.25999999978,POINT (451477.1500000004 190290.25999999978)
2579,ap_0301751,17,True,False,False,False,1,0.15791708225411938,451627.0999999996,190304.16999999993,POINT (451627.0999999996 190304.16999999993)
2580,ap_0301752,17,True,False,False,False,1,0.0,451653.79000000004,190306.6799999997,POINT (451653.79000000004 190306.6799999997)
2581,ap_0301753,17,True,False,False,False,1,0.2408318914520985,451971.16000000015,190446.8200000003,POINT (451971.16000000015 190446.8200000003)
2582,ap_0301754,17,True,False,False,False,1,0.0,452246.01999999955,190448.1099999994,POINT (452246.01999999955 190448.1099999994)
2583,ap_0301755,17,True,False,False,False,1,0.0,452320.11000000034,190477.18999999948,POINT (452320.11000000034 190477.18999999948)
2584,ap_0301756,17,True,False,False,False,1,0.0,451985.1200000001,190537.1799999997,POINT (451985.1200000001 190537.1799999997)
2585,ap_0301757,17,True,False,False,False,1,0.2524531180462798,451983.25,190537.7899999991,POINT (451983.25 190537.7899999991)
2586,ap_0301758,17,True,False,False,False,1,0.05820854961117305,451500.0499999998,190539.0399999991,POINT (451500.0499999998 190539.0399999991)
2587,ap_0301759,17,True,False,False,False,1,0.0,451980.4299999997,190562.2100000009,POINT (451980.4299999997 190562.2100000009)
2588,ap_0301760,17,True,False,False,False,1,0.0,451908.33999999985,190574.66000000015,POINT (451908.33999999985 190574.66000000015)
2589,ap_0301761,17,True,False,False,False,1,0.0,452613.91000000015,190632.08999999985,POINT (452613.91000000015 190632.08999999985)
2590,ap_0301762,17,True,False,False,False,1,0.0,451965.91000000015,190680.6400000006,POINT (451965.91000000015 190680.6400000006)
2591,ap_0301763,17,True,False,False,False,1,0.0,452556.96999999974,190884.75999999978,POINT (452556.96999999974 190884.75999999978)
2592,ap_0301764,17,True,False,False,False,1,44.12517648652752,452571.0599999996,190931.25999999978,POINT (452571.0599999996 190931.25999999978)
2593,ap_0301765,17,True,False,False,False,1,0.30263311881756594,452449.1299999999,190940.4600000009,POINT (452449.1299999999 190940.4600000009)
2594,ap_0301766,17,True,False,False,False,1,0.34590709004269227,452420.25,191030.38000000082,POINT (452420.25 191030.38000000082)
2595,ap_0301767,17,True,False,False,False,1,0.15652475909138547,451591.4000000004,191080.44999999925,POINT (451591.4000000004 191080.44999999925)
2596,ap_0301768,17,True,False,False,False,1,0.0,452389.88999999966,191171.44999999925,POINT (452389.88999999966 191171.44999999925)
2597,ap_0301769,17,True,False,False,False,1,0.0,452595.4299999997,191308.40000000037,POINT (452595.4299999997 191308.40000000037)
2598,ap_0301770,17,True,False,False,False,1,0.04865829943142059,452396.9299999997,191309.06000000052,POINT (452396.9299999997 191309.06000000052)
2599,ap_0301771,17,True,False,False,False,1,0.283549810610183,452426.2400000002,191424.83000000007,POINT (452426.2400000002 191424.83000000007)
2600,ap_0301772,17,True,False,False,False,1,0.21000000089406967,452411.98000000045,191426.7899999991,POINT (452411.98000000045 191426.7899999991)
2601,ap_0301773,17,True,False,False,False,1,0.0,452486.9199999999,191453.75,POINT (452486.9199999999 191453.75)
2602,ap_0301774,17,True,False,False,False,1,0.0,452425.29000000004,191649.24000000022,POINT (452425.29000000004 191649.24000000022)
2603,ap_0301775,17,True,False,False,False,1,0.29730478811313743,452496.6500000004,191731.06000000052,POINT (452496.6500000004 191731.06000000052)
2604,ap_0301776,14,True,False,False,False,1,0.0,446384.6900000004,191364.25999999978,POINT (446384.6900000004 191364.25999999978)
2605,ap_0301777,14,True,False,False,False,1,0.0,446444.63999999966,191410.83999999985,POINT (446444.63999999966 191410.83999999985)
2606,ap_0301778,14,True,False,False,False,1,0.0,446463.6699999999,191452.52999999933,POINT (446463.6699999999 191452.52999999933)
2607,ap_0301779,34,True,False,False,False,1,0.5059644260981567,446781.51999999955,191791.83999999985,POINT (446781.51999999955 191791.83999999985)
2608,ap_0301780,34,True,False,False,False,1,0.0491934952384353,446784.03000000026,191855.16999999993,POINT (446784.03000000026 191855.16999999993)
2609,ap_0301781,34,True,False,False,False,1,0.0,446795.9000000004,191854.80000000075,POINT (446795.9000000004 191854.80000000075)
2610,ap_0301782,34,True,False,False,False,1,0.08842444279237792,446823.0099999998,191862.16000000015,POINT (446823.0099999998 191862.16000000015)
2611,ap_0301783,34,True,False,False,False,1,0.02213594400993193,446862.1299999999,192244.01999999955,POINT (446862.1299999999 192244.01999999955)
2612,ap_0301786,34,True,False,False,False,1,0.0,447160.2599999998,191985.05000000075,POINT (447160.2599999998 191985.05000000075)
2613,ap_0301787,15,True,False,False,False,1,0.19589642668844995,447216.1500000004,191647.38000000082,POINT (447216.1500000004 191647.38000000082)
2614,ap_0301788,15,True,False,False,False,1,0.3079119772875536,447233.7999999998,191662.31000000052,POINT (447233.7999999998 191662.31000000052)
2615,ap_0301789,34,True,False,False,False,1,0.0,447256.8799999999,192254.02999999933,POINT (447256.8799999999 192254.02999999933)
2616,ap_0301790,34,True,False,False,False,1,0.0,447309.5,192076.41999999993,POINT (447309.5 192076.41999999993)
2617,ap_0301791,34,True,False,False,False,1,0.3080624148139373,447387.3700000001,192115.93999999948,POINT (447387.3700000001 192115.93999999948)
2618,ap_0301792,15,True,False,False,False,1,0.0,448238.25,190834.3200000003,POINT (448238.25 190834.3200000003)
2619,ap_0301793,15,True,False,False,False,1,0.0,448260.4900000002,190838.36999999918,POINT (448260.4900000002 190838.36999999918)
2620,ap_0301794,15,True,False,False,False,1,0.0,448274.66000000015,190846.49000000022,POINT (448274.66000000015 190846.49000000022)
2621,ap_0301795,15,True,False,False,False,1,0.0,448373.48000000045,191055.74000000022,POINT (448373.48000000045 191055.74000000022)
2622,ap_0301796,15,True,False,False,False,1,0.0,448405.1200000001,191037.25999999978,POINT (448405.1200000001 191037.25999999978)
2623,ap_0301797,15,True,False,False,False,1,0.0,448454.3099999996,190995.52999999933,POINT (448454.3099999996 190995.52999999933)
2624,ap_0301798,15,True,False,False,False,1,0.38634878617108126,448504.3700000001,190980.88000000082,POINT (448504.3700000001 190980.88000000082)
2625,ap_0301799,34,True,False,False,False,1,0.0,448574.6900000004,192253.51999999955,POINT (448574.6900000004 192253.51999999955)
2626,ap_0301800,35,True,False,False,False,1,0.20888292822167817,448729.83999999985,192229.25,POINT (448729.83999999985 192229.25)
2627,ap_0301802,8,True,False,False,False,1,0.0,448932.76999999955,189592.3900000006,POINT (448932.76999999955 189592.3900000006)
2628,ap_0301803,8,True,False,False,False,1,0.17999999970197678,448936.8200000003,189642.43999999948,POINT (448936.8200000003 189642.43999999948)
2629,ap_0301804,8,True,False,False,False,1,0.19262623065443332,448945.6699999999,189587.90000000037,POINT (448945.6699999999 189587.90000000037)
2630,ap_0301805,8,True,False,False,False,1,0.0,448956.53000000026,189662.7100000009,POINT (448956.53000000026 189662.7100000009)
2631,ap_0301806,8,True,False,False,False,1,0.0,448961.53000000026,189655.6099999994,POINT (448961.53000000026 189655.6099999994)
2632,ap_0301840,10,True,False,False,False,1,0.0970483306860713,453406.78000000026,189459.0399999991,POINT (453406.78000000026 189459.0399999991)
2633,ap_0301841,10,True,False,False,False,1,0.0,453274.9400000004,189545.83999999985,POINT (453274.9400000004 189545.83999999985)
2634,ap_0301842,10,True,False,False,False,1,0.0,453451.7400000002,189549.69999999925,POINT (453451.7400000002 189549.69999999925)
2635,ap_0301843,10,True,False,False,False,1,0.0,453425.86000000034,189551.72000000067,POINT (453425.86000000034 189551.72000000067)
2636,ap_0301844,18,True,False,False,False,1,0.25068870577807406,453415.5499999998,190004.55000000075,POINT (453415.5499999998 190004.55000000075)
2637,ap_0301845,18,True,False,False,False,1,15.403974609484454,453434.6799999997,190004.65000000037,POINT (453434.6799999997 190004.65000000037)
2638,ap_0301846,18,True,False,False,False,1,0.12605417505128755,453348.54000000004,190021.06000000052,POINT (453348.54000000004 190021.06000000052)
2639,ap_0301848,18,True,False,False,False,1,0.13581994969508085,453251.51999999955,190194.98000000045,POINT (453251.51999999955 190194.98000000045)
2640,ap_0301849,18,True,False,False,False,1,0.29832867700434507,453416.9299999997,190201.2899999991,POINT (453416.9299999997 190201.2899999991)
2641,ap_0301850,18,True,False,False,False,1,0.3115513114349209,453340.96999999974,190221.36999999918,POINT (453340.96999999974 190221.36999999918)
2642,ap_0301851,18,True,False,False,False,1,0.0,453218.7999999998,190302.90000000037,POINT (453218.7999999998 190302.90000000037)
2643,ap_0301852,18,True,False,False,False,1,0.0,453144.5599999996,190321.55000000075,POINT (453144.5599999996 190321.55000000075)
2644,ap_0301853,18,True,False,False,False,1,0.0,453226.9900000002,190359.09999999963,POINT (453226.9900000002 190359.09999999963)
2645,ap_0301854,18,True,False,False,False,1,0.0,453121.63999999966,190394.2899999991,POINT (453121.63999999966 190394.2899999991)
2646,ap_0301855,18,True,False,False,False,1,0.4368192237027416,453298.4299999997,190399.09999999963,POINT (453298.4299999997 190399.09999999963)
2647,ap_0301856,18,True,False,False,False,1,0.33053770148474937,453341.79000000004,190428.56000000052,POINT (453341.79000000004 190428.56000000052)
2648,ap_0301857,18,True,False,False,False,1,0.0,453352.26999999955,190429.27999999933,POINT (453352.26999999955 190429.27999999933)
2649,ap_0301858,18,True,False,False,False,1,0.0,453422.3300000001,190444.36999999918,POINT (453422.3300000001 190444.36999999918)
2650,ap_0301859,18,True,False,False,False,1,0.0,453099.91000000015,190449.91000000015,POINT (453099.91000000015 190449.91000000015)
2651,ap_0301860,18,True,False,False,False,1,0.061203119904629046,453110.0800000001,190474.86999999918,POINT (453110.0800000001 190474.86999999918)
2652,ap_0301861,18,True,False,False,False,1,0.13891385309655263,452814.48000000045,190484.44999999925,POINT (452814.48000000045 190484.44999999925)
2653,ap_0301862,18,True,False,False,False,1,0.3119681680821056,452809.20999999996,190490.58000000007,POINT (452809.20999999996 190490.58000000007)
2654,ap_0301863,18,True,False,False,False,1,16.283319685908282,452794.8799999999,190499.1099999994,POINT (452794.8799999999 190499.1099999994)
2655,ap_0301864,18,True,False,False,False,1,0.0,453458.21999999974,190508.61999999918,POINT (453458.21999999974 190508.61999999918)
2656,ap_0301865,18,True,False,False,False,1,0.223606797749979,452733.3300000001,190509.16000000015,POINT (452733.3300000001 190509.16000000015)
2657,ap_0301866,18,True,False,False,False,1,0.26999999955296516,453090.73000000045,190509.9299999997,POINT (453090.73000000045 190509.9299999997)
2658,ap_0301867,18,True,False,False,False,1,0.0,453104.98000000045,190512.75999999978,POINT (453104.98000000045 190512.75999999978)
2659,ap_0301868,18,True,False,False,False,1,0.0,452946.8300000001,190517.0,POINT (452946.8300000001 190517)
2660,ap_0301869,8,True,False,False,False,1,0.0,448968.46999999974,189658.73000000045,POINT (448968.46999999974 189658.73000000045)
2661,ap_0301870,8,True,False,False,False,1,0.017888543420158207,448972.7999999998,189630.56000000052,POINT (448972.7999999998 189630.56000000052)
2662,ap_0301871,8,True,False,False,False,1,0.3604708453111355,449107.0499999998,189628.3599999994,POINT (449107.0499999998 189628.3599999994)
2663,ap_0301874,16,True,False,False,False,1,0.3995676397240221,450388.45999999996,190327.09999999963,POINT (450388.45999999996 190327.09999999963)
2664,ap_0301875,16,True,False,False,False,1,0.3590436054635652,450445.2599999998,190322.58999999985,POINT (450445.2599999998 190322.58999999985)
2665,ap_0301876,16,True,False,False,False,1,0.420475920736888,450557.01999999955,190291.58000000007,POINT (450557.01999999955 190291.58000000007)
2666,ap_0301878,16,True,False,False,False,1,0.0,450603.0099999998,190354.52999999933,POINT (450603.0099999998 190354.52999999933)
2667,ap_0301880,17,True,False,False,False,1,0.0,450700.08999999985,189882.26999999955,POINT (450700.08999999985 189882.26999999955)
2668,ap_0301882,9,True,False,False,False,1,0.0,450772.45999999996,189552.98000000045,POINT (450772.45999999996 189552.98000000045)
2669,ap_0301884,9,True,False,False,False,1,0.0,450796.7599999998,189583.6400000006,POINT (450796.7599999998 189583.6400000006)
2670,ap_0301885,9,True,False,False,False,1,0.0,450807.0499999998,189548.36999999918,POINT (450807.0499999998 189548.36999999918)
2671,ap_0301889,17,True,False,False,False,1,0.3889087301794367,450979.9299999997,190299.51999999955,POINT (450979.9299999997 190299.51999999955)
2672,ap_0301890,17,True,False,False,False,1,0.13487436767739522,450993.25,190327.4600000009,POINT (450993.25 190327.4600000009)
2673,ap_0301891,17,True,False,False,False,1,0.0,451029.04000000004,190364.59999999963,POINT (451029.04000000004 190364.59999999963)
2674,ap_0301892,17,True,False,False,False,1,0.0,451059.66000000015,190330.06000000052,POINT (451059.66000000015 190330.06000000052)
2675,ap_0301893,9,True,False,False,False,1,0.0,451068.66000000015,189145.36999999918,POINT (451068.66000000015 189145.36999999918)
2676,ap_0301894,9,True,False,False,False,1,0.1538438322775179,451069.20999999996,189165.22000000067,POINT (451069.20999999996 189165.22000000067)
2677,ap_0301895,17,True,False,False,False,1,0.024123592869595846,451099.41000000015,190915.99000000022,POINT (451099.41000000015 190915.99000000022)
2678,ap_0301896,17,True,False,False,False,1,0.0,451128.8499999996,190920.33000000007,POINT (451128.8499999996 190920.33000000007)
2679,ap_0301897,17,True,False,False,False,1,0.15952098330050152,451130.1200000001,190818.5700000003,POINT (451130.1200000001 190818.5700000003)
2680,ap_0301898,17,True,False,False,False,1,0.5366563150997496,451159.7599999998,190786.51999999955,POINT (451159.7599999998 190786.51999999955)
2681,ap_0301899,9,True,False,False,False,1,0.21757961322300912,451296.95999999996,189353.3599999994,POINT (451296.95999999996 189353.3599999994)
2682,ap_0302892,9,True,False,False,False,1,49.976766510365756,452079.83999999985,189302.88000000082,POINT (452079.83999999985 189302.88000000082)
2683,ap_0302894,9,True,False,False,False,1,0.0,452043.0499999998,189346.51999999955,POINT (452043.0499999998 189346.51999999955)
2684,ap_0302895,9,True,False,False,False,1,0.0,452151.9500000002,189453.02999999933,POINT (452151.9500000002 189453.02999999933)
2685,ap_0302896,9,True,False,False,False,1,0.05687367883208449,451367.86000000034,189480.41000000015,POINT (451367.86000000034 189480.41000000015)
2686,ap_0302897,9,True,False,False,False,1,0.34233586697642604,451360.0800000001,189488.56000000052,POINT (451360.0800000001 189488.56000000052)
2687,ap_0302898,9,True,False,False,False,1,0.1400000002235174,452177.25,189509.09999999963,POINT (452177.25 189509.09999999963)
2688,ap_0302899,9,True,False,False,False,1,0.6121187828860851,451752.54000000004,189521.41999999993,POINT (451752.54000000004 189521.41999999993)
2689,ap_0302900,9,True,False,False,False,1,0.3264659249148894,451316.71999999974,189529.83000000007,POINT (451316.71999999974 189529.83000000007)
2690,ap_0302901,9,True,False,False,False,1,0.06201736671702249,452204.9400000004,189535.01999999955,POINT (452204.9400000004 189535.01999999955)
2691,ap_0302902,9,True,False,False,False,1,0.0,451462.86000000034,189553.0700000003,POINT (451462.86000000034 189553.0700000003)
2692,ap_0302903,9,True,False,False,False,1,0.4069643711386015,452213.6900000004,189553.2899999991,POINT (452213.6900000004 189553.2899999991)
2693,ap_0302904,9,True,False,False,False,1,0.37319985551283164,452071.0499999998,189564.38000000082,POINT (452071.0499999998 189564.38000000082)
2694,ap_0302905,9,True,False,False,False,1,0.1659432671560854,451786.5700000003,189575.61999999918,POINT (451786.5700000003 189575.61999999918)
2695,ap_0302906,9,True,False,False,False,1,0.5973657771704609,452227.5800000001,189581.48000000045,POINT (452227.5800000001 189581.48000000045)
2696,ap_0302907,9,True,False,False,False,1,0.0,451368.46999999974,189598.63000000082,POINT (451368.46999999974 189598.63000000082)
2697,ap_0302908,9,True,False,False,False,1,0.0,452263.03000000026,189599.93999999948,POINT (452263.03000000026 189599.93999999948)
2698,ap_0302909,9,True,False,False,False,1,0.32504843459349586,451833.5599999996,189650.91000000015,POINT (451833.5599999996 189650.91000000015)
2699,ap_0302910,9,True,False,False,False,1,0.0,452492.25,189686.5700000003,POINT (452492.25 189686.5700000003)
2700,ap_0302911,17,True,False,False,False,1,0.0,451611.6500000004,189748.6099999994,POINT (451611.6500000004 189748.6099999994)
2701,ap_0302915,17,True,False,False,False,1,0.591435529428757,451766.48000000045,190057.63000000082,POINT (451766.48000000045 190057.63000000082)
2702,ap_0302916,17,True,False,False,False,1,0.10606601744139994,452062.6699999999,190063.51999999955,POINT (452062.6699999999 190063.51999999955)
2703,ap_0302917,17,True,False,False,False,1,0.43655352622894333,451772.29000000004,190068.61999999918,POINT (451772.29000000004 190068.61999999918)
2704,ap_0302918,17,True,False,False,False,1,0.0,452151.75,190072.44999999925,POINT (452151.75 190072.44999999925)
2705,ap_0302919,17,True,False,False,False,1,0.0,451781.70999999996,190086.44999999925,POINT (451781.70999999996 190086.44999999925)
2706,ap_0302920,17,True,False,False,False,1,0.0,451792.5999999996,190106.9299999997,POINT (451792.5999999996 190106.9299999997)
2707,ap_0302921,17,True,False,False,False,1,0.0,452107.2000000002,190116.77999999933,POINT (452107.2000000002 190116.77999999933)
2708,ap_0302922,17,True,False,False,False,1,0.0,452142.5099999998,190130.08000000007,POINT (452142.5099999998 190130.08000000007)
2709,ap_0303237,6,True,False,False,False,1,0.08895127195190154,444846.95999999996,188304.91999999993,POINT (444846.95999999996 188304.91999999993)
2710,ap_0303238,6,True,False,False,False,1,0.0,444866.0999999996,188556.27999999933,POINT (444866.0999999996 188556.27999999933)
2711,ap_0303239,6,True,False,False,False,1,0.0,445547.70999999996,188944.73000000045,POINT (445547.70999999996 188944.73000000045)
2712,ap_0303240,6,True,False,False,False,1,0.117669681740441,445559.5,188944.22000000067,POINT (445559.5 188944.22000000067)
2713,ap_0303241,6,True,False,False,False,1,0.0,445573.3300000001,188942.76999999955,POINT (445573.3300000001 188942.76999999955)
2714,ap_0303242,6,True,False,False,False,1,0.4309191913335978,445829.4900000002,188691.86999999918,POINT (445829.4900000002 188691.86999999918)
2715,ap_0303243,6,True,False,False,False,1,0.39661064073498686,445833.3300000001,188662.77999999933,POINT (445833.3300000001 188662.77999999933)
2716,ap_0303244,6,True,False,False,False,1,0.3809737941946639,445854.3700000001,188816.90000000037,POINT (445854.3700000001 188816.90000000037)
2717,ap_0303246,6,True,False,False,False,1,0.12727922092967991,445922.58999999985,188595.9299999997,POINT (445922.58999999985 188595.9299999997)
2718,ap_0303247,6,True,False,False,False,1,0.046266773590322836,446012.51999999955,188670.6799999997,POINT (446012.51999999955 188670.6799999997)
2719,ap_0303248,6,True,False,False,False,1,0.046031716029044954,446055.9400000004,188517.08000000007,POINT (446055.9400000004 188517.08000000007)
2720,ap_0303261,8,True,False,False,False,1,0.0,448787.83999999985,188882.2100000009,POINT (448787.83999999985 188882.2100000009)
2721,ap_0303262,8,True,False,False,False,1,0.39361723942411586,448791.28000000026,188881.66999999993,POINT (448791.28000000026 188881.66999999993)
2722,ap_0303296,8,True,False,False,False,1,0.18432707497340212,448926.1299999999,188946.75999999978,POINT (448926.1299999999 188946.75999999978)
2723,ap_0303297,8,True,False,False,False,1,0.4699999997392297,448926.46999999974,188947.51999999955,POINT (448926.46999999974 188947.51999999955)
2724,ap_0303298,8,True,False,False,False,1,0.0,448926.78000000026,188948.19999999925,POINT (448926.78000000026 188948.19999999925)
2725,ap_0303299,8,True,False,False,False,1,0.0,448934.88999999966,188966.99000000022,POINT (448934.88999999966 188966.99000000022)
2726,ap_0303300,8,True,False,False,False,1,0.0,448935.0,188967.25,POINT (448935 188967.25)
2727,ap_0303301,8,True,False,False,False,1,0.13999999966472387,448935.13999999966,188967.58999999985,POINT (448935.13999999966 188967.58999999985)
2728,ap_0303303,8,True,False,False,False,1,0.0,449239.1299999999,189029.4299999997,POINT (449239.1299999999 189029.4299999997)
2729,ap_0303304,8,True,False,False,False,1,0.1122347728150765,449276.6900000004,188986.08000000007,POINT (449276.6900000004 188986.08000000007)
2730,ap_0303305,8,True,False,False,False,1,0.39597979717470705,449298.28000000026,188991.72000000067,POINT (449298.28000000026 188991.72000000067)
2731,ap_0303306,8,True,False,False,False,1,0.0,449354.4199999999,189070.8200000003,POINT (449354.4199999999 189070.8200000003)
2732,ap_0303307,8,True,False,False,False,1,0.2311132302982577,449370.71999999974,189094.00999999978,POINT (449370.71999999974 189094.00999999978)
2733,ap_0303308,8,True,False,False,False,1,0.2718030967909522,449426.4000000004,189085.06000000052,POINT (449426.4000000004 189085.06000000052)
2734,ap_0303309,8,True,False,False,False,1,0.0,449523.9000000004,189126.44999999925,POINT (449523.9000000004 189126.44999999925)
2735,ap_0303310,0,True,False,False,False,1,0.0,451217.7599999998,186981.66999999993,POINT (451217.7599999998 186981.66999999993)
2736,ap_0303311,0,True,False,False,False,1,0.0,451221.1200000001,186902.34999999963,POINT (451221.1200000001 186902.34999999963)
2737,ap_0303312,0,True,False,False,False,1,0.0,451241.8700000001,186893.13000000082,POINT (451241.8700000001 186893.13000000082)
2738,ap_0303313,0,True,False,False,False,1,0.4731752259747554,451286.23000000045,186890.5,POINT (451286.23000000045 186890.5)
2739,ap_0303314,0,True,False,False,False,1,0.08882176398470804,451314.0,187649.09999999963,POINT (451314 187649.09999999963)
2740,ap_0303315,9,True,False,False,False,1,0.41668163531671687,451353.2999999998,188978.31000000052,POINT (451353.2999999998 188978.31000000052)
2741,ap_0303317,9,True,False,False,False,1,0.0,452332.83999999985,188307.0,POINT (452332.83999999985 188307)
2742,ap_0303318,9,True,False,False,False,1,0.4105549713239364,452404.41000000015,188326.1099999994,POINT (452404.41000000015 188326.1099999994)
2743,ap_0303319,9,True,False,False,False,1,0.0,452520.28000000026,188185.0,POINT (452520.28000000026 188185)
2744,ap_0303321,9,True,False,False,False,1,0.11609783496942282,452561.5800000001,188225.9600000009,POINT (452561.5800000001 188225.9600000009)
2745,ap_0303322,0,True,False,False,False,1,39.189769736370586,452567.76999999955,185581.66000000015,POINT (452567.76999999955 185581.66000000015)
2746,ap_0303323,0,True,False,False,False,1,28.412362250436413,452573.48000000045,185592.0700000003,POINT (452573.48000000045 185592.0700000003)
2747,ap_0303324,0,True,False,False,False,1,24.948259300869168,452587.3200000003,185594.58999999985,POINT (452587.3200000003 185594.58999999985)
2748,ap_0304814,450,True,False,False,False,1,0.1858523955411078,436250.98000000045,209704.24000000022,POINT (436250.98000000045 209704.24000000022)
2749,ap_0304815,450,True,False,False,False,1,0.0,436271.41000000015,209713.33000000007,POINT (436271.41000000015 209713.33000000007)
2750,ap_0304816,450,True,False,False,False,1,0.0,436283.4900000002,209651.58000000007,POINT (436283.4900000002 209651.58000000007)
2751,ap_0304817,450,True,False,False,False,1,0.0,436293.26999999955,209721.26999999955,POINT (436293.26999999955 209721.26999999955)
2752,ap_0304818,450,True,False,False,False,1,0.0,436304.71999999974,209713.99000000022,POINT (436304.71999999974 209713.99000000022)
2753,ap_0304819,450,True,False,False,False,1,0.0,436310.8799999999,209755.2100000009,POINT (436310.8799999999 209755.2100000009)
2754,ap_0304820,450,True,False,False,False,1,0.21166491535059453,436368.6200000001,209701.23000000045,POINT (436368.6200000001 209701.23000000045)
2755,ap_0304821,450,True,False,False,False,1,0.2423531982654927,436377.6900000004,209594.58000000007,POINT (436377.6900000004 209594.58000000007)
2756,ap_0304822,450,True,False,False,False,1,0.08780727529141222,436385.5700000003,209682.26999999955,POINT (436385.5700000003 209682.26999999955)
2757,ap_0304823,451,True,False,False,False,1,0.0,436450.6299999999,209627.31000000052,POINT (436450.6299999999 209627.31000000052)
2758,ap_0304824,451,True,False,False,False,1,0.0,436466.11000000034,209659.55000000075,POINT (436466.11000000034 209659.55000000075)
2759,ap_0304825,451,True,False,False,False,1,0.21078607450359446,436489.0999999996,210112.76999999955,POINT (436489.0999999996 210112.76999999955)
2760,ap_0304826,451,True,False,False,False,1,0.0,436515.6500000004,209645.94999999925,POINT (436515.6500000004 209645.94999999925)
2761,ap_0304827,451,True,False,False,False,1,0.29068883765807285,436528.38999999966,209608.86999999918,POINT (436528.38999999966 209608.86999999918)
2762,ap_0304828,451,True,False,False,False,1,0.0,436546.7400000002,209646.6099999994,POINT (436546.7400000002 209646.6099999994)
2763,ap_0304830,451,True,False,False,False,1,0.4100000001490116,436593.3799999999,209645.41000000015,POINT (436593.3799999999 209645.41000000015)
2764,ap_0304831,451,True,False,False,False,1,0.0,436606.98000000045,209632.49000000022,POINT (436606.98000000045 209632.49000000022)
2765,ap_0304832,451,True,False,False,False,1,0.0,436630.63999999966,209678.86999999918,POINT (436630.63999999966 209678.86999999918)
2766,ap_0304833,451,True,False,False,False,1,0.22592180958314095,436632.28000000026,209535.43999999948,POINT (436632.28000000026 209535.43999999948)
2767,ap_0304834,649,True,False,False,False,1,0.0,436691.95999999996,210550.08999999985,POINT (436691.95999999996 210550.08999999985)
2768,ap_0304835,451,True,False,False,False,1,0.3030056333877156,436761.6699999999,210195.55000000075,POINT (436761.6699999999 210195.55000000075)
2769,ap_0304836,649,True,False,False,False,1,0.0,436764.7400000002,210606.18999999948,POINT (436764.7400000002 210606.18999999948)
2770,ap_0304837,451,True,False,False,False,1,0.0,436768.95999999996,210215.75999999978,POINT (436768.95999999996 210215.75999999978)
2771,ap_0304838,451,True,False,False,False,1,0.27586228425850523,436794.2000000002,210179.81000000052,POINT (436794.2000000002 210179.81000000052)
2772,ap_0304839,649,True,False,False,False,1,0.44600000064820056,436797.5499999998,210682.22000000067,POINT (436797.5499999998 210682.22000000067)
2773,ap_0304840,649,True,False,False,False,1,0.24206933162549052,436798.0700000003,210649.69999999925,POINT (436798.0700000003 210649.69999999925)
2774,ap_0304841,649,True,False,False,False,1,0.1268703039479134,436812.38999999966,210698.88000000082,POINT (436812.38999999966 210698.88000000082)
2775,ap_0304842,649,True,False,False,False,1,0.6022794979326596,436825.41000000015,210682.55000000075,POINT (436825.41000000015 210682.55000000075)
2776,ap_0304843,451,True,False,False,False,1,0.23717082510164858,436949.8499999996,209772.30000000075,POINT (436949.8499999996 209772.30000000075)
2777,ap_0304844,649,True,False,False,False,1,0.049975603560001046,437084.2400000002,210992.22000000067,POINT (437084.2400000002 210992.22000000067)
2778,ap_0304845,847,True,False,False,False,1,0.34392065361097296,435977.0999999996,219809.33999999985,POINT (435977.0999999996 219809.33999999985)
2779,ap_0304848,801,True,False,False,False,1,0.3899999995930837,436086.1500000004,216550.3599999994,POINT (436086.1500000004 216550.3599999994)
2780,ap_0304850,847,True,False,False,False,1,0.33093806076992893,436362.6699999999,219622.91999999993,POINT (436362.6699999999 219622.91999999993)
2781,ap_0304851,847,True,False,False,False,1,0.12499811398133728,436366.71999999974,219631.05000000075,POINT (436366.71999999974 219631.05000000075)
2782,ap_0304852,850,True,False,False,False,1,0.0,436473.33999999985,219661.33000000007,POINT (436473.33999999985 219661.33000000007)
2783,ap_0304853,850,True,False,False,False,1,0.0,436473.41000000015,219661.33000000007,POINT (436473.41000000015 219661.33000000007)
2784,ap_0304854,850,True,False,False,False,1,0.2434595780932701,436474.38999999966,219681.26999999955,POINT (436474.38999999966 219681.26999999955)
2785,ap_0304855,850,True,False,False,False,1,0.0,436493.0700000003,219662.6099999994,POINT (436493.0700000003 219662.6099999994)
2786,ap_0304856,850,True,False,False,False,1,0.0,436495.83999999985,219620.9299999997,POINT (436495.83999999985 219620.9299999997)
2787,ap_0304857,850,True,False,False,False,1,0.20631358195994232,436499.48000000045,219679.16999999993,POINT (436499.48000000045 219679.16999999993)
2788,ap_0304866,808,True,False,False,False,1,0.2373841185826587,439270.01999999955,217039.6799999997,POINT (439270.01999999955 217039.6799999997)
2789,ap_0304867,808,True,False,False,False,1,33.088791153378914,439309.0,216996.91000000015,POINT (439309 216996.91000000015)
2790,ap_0304868,809,True,False,False,False,1,0.0631481764687287,439331.73000000045,216908.13000000082,POINT (439331.73000000045 216908.13000000082)
2791,ap_0304869,809,True,False,False,False,1,0.0,439365.25,216945.52999999933,POINT (439365.25 216945.52999999933)
2792,ap_0304870,808,True,False,False,False,1,0.0,439366.0700000003,217107.6799999997,POINT (439366.0700000003 217107.6799999997)
2793,ap_0304871,806,True,False,False,False,1,0.0,439496.9000000004,217584.4299999997,POINT (439496.9000000004 217584.4299999997)
2794,ap_0304872,806,True,False,False,False,1,0.0,439496.9199999999,217584.41999999993,POINT (439496.9199999999 217584.41999999993)
2795,ap_0304873,806,True,False,False,False,1,0.0,439552.8200000003,217613.80000000075,POINT (439552.8200000003 217613.80000000075)
2796,ap_0304875,902,True,False,False,False,1,0.0,441174.6500000004,222905.77999999933,POINT (441174.6500000004 222905.77999999933)
2797,ap_0304876,450,True,False,False,False,1,0.0,435533.79000000004,209022.38000000082,POINT (435533.79000000004 209022.38000000082)
2798,ap_0304877,450,True,False,False,False,1,0.0,435574.3499999996,209011.02999999933,POINT (435574.3499999996 209011.02999999933)
2799,ap_0304878,450,True,False,False,False,1,0.2853034830417425,435593.79000000004,209235.61999999918,POINT (435593.79000000004 209235.61999999918)
2800,ap_0304879,450,True,False,False,False,1,0.0,435601.29000000004,209412.3200000003,POINT (435601.29000000004 209412.3200000003)
2801,ap_0304880,450,True,False,False,False,1,0.0,435606.4400000004,209288.72000000067,POINT (435606.4400000004 209288.72000000067)
2802,ap_0304881,450,True,False,False,False,1,0.0,435611.29000000004,209171.25999999978,POINT (435611.29000000004 209171.25999999978)
2803,ap_0304882,450,True,False,False,False,1,0.545770244734187,435612.66000000015,209164.49000000022,POINT (435612.66000000015 209164.49000000022)
2804,ap_0304883,450,True,False,False,False,1,0.0,435639.61000000034,209418.43999999948,POINT (435639.61000000034 209418.43999999948)
2805,ap_0304884,450,True,False,False,False,1,0.0,435640.3499999996,208971.38000000082,POINT (435640.3499999996 208971.38000000082)
2806,ap_0304885,450,True,False,False,False,1,0.0,435701.83999999985,208304.33999999985,POINT (435701.83999999985 208304.33999999985)
2807,ap_0304886,319,True,False,False,False,1,0.0037139068534710125,435746.1200000001,207429.31000000052,POINT (435746.1200000001 207429.31000000052)
2808,ap_0304887,319,True,False,False,False,1,0.0,435776.9299999997,207365.7899999991,POINT (435776.9299999997 207365.7899999991)
2809,ap_0304888,450,True,False,False,False,1,48.67495557317222,435859.96999999974,209530.48000000045,POINT (435859.96999999974 209530.48000000045)
2810,ap_0304889,450,True,False,False,False,1,4.138526307280849,435884.5700000003,209493.34999999963,POINT (435884.5700000003 209493.34999999963)
2811,ap_0304890,322,True,False,False,False,1,0.18399999998509883,435899.2400000002,207552.58999999985,POINT (435899.2400000002 207552.58999999985)
2812,ap_0304891,322,True,False,False,False,1,0.15566080607065422,435909.25,207610.99000000022,POINT (435909.25 207610.99000000022)
2813,ap_0304892,320,True,False,False,False,1,0.32062439110718555,435916.6799999997,207613.98000000045,POINT (435916.6799999997 207613.98000000045)
2814,ap_0304893,450,True,False,False,False,1,0.0,435946.4199999999,209268.2899999991,POINT (435946.4199999999 209268.2899999991)
2815,ap_0304894,450,True,False,False,False,1,0.0,435951.4199999999,208670.25,POINT (435951.4199999999 208670.25)
2816,ap_0304895,320,True,False,False,False,1,2.2717126218969987,435975.0999999996,207647.66999999993,POINT (435975.0999999996 207647.66999999993)
2817,ap_0304896,319,True,False,False,False,1,0.049497474506413446,436114.9299999997,207250.59999999963,POINT (436114.9299999997 207250.59999999963)
2818,ap_0304897,451,True,False,False,False,1,0.0,436738.7400000002,209000.83999999985,POINT (436738.7400000002 209000.83999999985)
2819,ap_0304898,451,True,False,False,False,1,0.0,436758.9199999999,208952.34999999963,POINT (436758.9199999999 208952.34999999963)
2820,ap_0304901,214,True,False,False,False,1,0.05600000005215406,439383.2000000002,204261.08000000007,POINT (439383.2000000002 204261.08000000007)
2821,ap_0304902,452,True,False,False,False,1,0.0,439384.6200000001,208982.18999999948,POINT (439384.6200000001 208982.18999999948)
2822,ap_0304904,157,True,False,False,False,1,0.0,439703.0099999998,203556.25,POINT (439703.0099999998 203556.25)
2823,ap_0304906,157,True,False,False,False,1,0.5832642410176554,439770.45999999996,203633.6400000006,POINT (439770.45999999996 203633.6400000006)
2824,ap_0304907,450,True,False,False,False,1,0.2093378914596297,434831.3099999996,209799.4299999997,POINT (434831.3099999996 209799.4299999997)
2825,ap_0304908,648,True,False,False,False,1,0.009486833357478013,434845.3300000001,210605.09999999963,POINT (434845.3300000001 210605.09999999963)
2826,ap_0304909,450,True,False,False,False,1,0.5966573561002964,435028.54000000004,209795.38000000082,POINT (435028.54000000004 209795.38000000082)
2827,ap_0304910,450,True,False,False,False,1,0.15236388705336976,435033.66000000015,209789.16999999993,POINT (435033.66000000015 209789.16999999993)
2828,ap_0304911,450,True,False,False,False,1,0.4401136220979052,435070.4400000004,209825.99000000022,POINT (435070.4400000004 209825.99000000022)
2829,ap_0304912,450,True,False,False,False,1,0.0,435100.7400000002,210018.7100000009,POINT (435100.7400000002 210018.7100000009)
2830,ap_0304913,450,True,False,False,False,1,0.0,435143.61000000034,210004.13000000082,POINT (435143.61000000034 210004.13000000082)
2831,ap_0304914,450,True,False,False,False,1,0.0,435145.95999999996,209989.02999999933,POINT (435145.95999999996 209989.02999999933)
2832,ap_0304915,648,True,False,False,False,1,0.0,435309.04000000004,210953.31000000052,POINT (435309.04000000004 210953.31000000052)
2833,ap_0304916,450,True,False,False,False,1,0.0,435389.21999999974,210085.68999999948,POINT (435389.21999999974 210085.68999999948)
2834,ap_0304917,450,True,False,False,False,1,0.2320009181241534,435410.7000000002,210043.13000000082,POINT (435410.7000000002 210043.13000000082)
2835,ap_0304918,450,True,False,False,False,1,0.13863621483822705,435420.6699999999,210038.00999999978,POINT (435420.6699999999 210038.00999999978)
2836,ap_0304919,450,True,False,False,False,1,0.0,435420.8799999999,210091.77999999933,POINT (435420.8799999999 210091.77999999933)
2837,ap_0304920,450,True,False,False,False,1,0.0,435421.0099999998,210072.75,POINT (435421.0099999998 210072.75)
2838,ap_0304921,450,True,False,False,False,1,0.0,435421.3700000001,210056.3900000006,POINT (435421.3700000001 210056.3900000006)
2839,ap_0304922,450,True,False,False,False,1,0.0,435428.0800000001,210067.5,POINT (435428.0800000001 210067.5)
2840,ap_0304923,450,True,False,False,False,1,0.0,435482.0099999998,210213.91999999993,POINT (435482.0099999998 210213.91999999993)
2841,ap_0304924,450,True,False,False,False,1,0.15704900608254013,435484.8700000001,210051.50999999978,POINT (435484.8700000001 210051.50999999978)
2842,ap_0304925,450,True,False,False,False,1,0.0,435585.33999999985,209896.40000000037,POINT (435585.33999999985 209896.40000000037)
2843,ap_0304930,648,True,False,False,False,1,0.3202326900019483,436004.66000000015,210482.0700000003,POINT (436004.66000000015 210482.0700000003)
2844,ap_0304931,648,True,False,False,False,1,0.01754116056584185,436019.6900000004,210562.63000000082,POINT (436019.6900000004 210562.63000000082)
2845,ap_0304932,648,True,False,False,False,1,0.0,436046.08999999985,210542.02999999933,POINT (436046.08999999985 210542.02999999933)
2846,ap_0304934,450,True,False,False,False,1,0.257011761408789,436121.11000000034,209684.72000000067,POINT (436121.11000000034 209684.72000000067)
2847,ap_0304935,450,True,False,False,False,1,0.6008853153981045,436145.4500000002,209960.44999999925,POINT (436145.4500000002 209960.44999999925)
2848,ap_0304936,450,True,False,False,False,1,0.2696550788212104,436146.6799999997,209654.50999999978,POINT (436146.6799999997 209654.50999999978)
2849,ap_0304937,450,True,False,False,False,1,0.033954988101406916,436160.9000000004,209670.06000000052,POINT (436160.9000000004 209670.06000000052)
2850,ap_0304990,847,True,False,False,False,1,24.186720052984423,435529.98000000045,219444.81000000052,POINT (435529.98000000045 219444.81000000052)
2851,ap_0304991,847,True,False,False,False,1,0.0,435610.8799999999,219414.1099999994,POINT (435610.8799999999 219414.1099999994)
2852,ap_0304992,847,True,False,False,False,1,0.0,435611.73000000045,219417.38000000082,POINT (435611.73000000045 219417.38000000082)
2853,ap_0304994,847,True,False,False,False,1,0.0,435753.1299999999,219701.27999999933,POINT (435753.1299999999 219701.27999999933)
2854,ap_0304995,847,True,False,False,False,1,0.0,435796.5999999996,219732.9600000009,POINT (435796.5999999996 219732.9600000009)
2855,ap_0304996,847,True,False,False,False,1,37.47030322681815,435832.16000000015,219877.1400000006,POINT (435832.16000000015 219877.1400000006)
2856,ap_0304997,847,True,False,False,False,1,0.0,435857.1500000004,219648.2899999991,POINT (435857.1500000004 219648.2899999991)
2857,ap_0304998,847,True,False,False,False,1,0.0,435884.16000000015,219652.0,POINT (435884.16000000015 219652)
2858,ap_0304999,847,True,False,False,False,1,0.0,435969.6200000001,219708.06000000052,POINT (435969.6200000001 219708.06000000052)
2859,ap_0305032,647,True,False,False,False,1,0.0,432378.4500000002,211406.88000000082,POINT (432378.4500000002 211406.88000000082)
2860,ap_0305034,647,True,False,False,False,1,0.0,433873.1500000004,212126.88000000082,POINT (433873.1500000004 212126.88000000082)
2861,ap_0305036,709,True,False,False,False,1,0.6374476889609354,435012.58999999985,212672.50999999978,POINT (435012.58999999985 212672.50999999978)
2862,ap_0305037,709,True,False,False,False,1,0.0,435105.0700000003,212720.6099999994,POINT (435105.0700000003 212720.6099999994)
2863,ap_0305038,755,True,False,False,False,1,0.0,435163.6900000004,214969.88000000082,POINT (435163.6900000004 214969.88000000082)
2864,ap_0305039,709,True,False,False,False,1,0.0,435191.9199999999,212575.88000000082,POINT (435191.9199999999 212575.88000000082)
2865,ap_0305040,709,True,False,False,False,1,0.0,435206.8200000003,212603.1799999997,POINT (435206.8200000003 212603.1799999997)
2866,ap_0305041,755,True,False,False,False,1,0.4185354830050034,435220.45999999996,215000.63000000082,POINT (435220.45999999996 215000.63000000082)
2867,ap_0305042,754,True,False,False,False,1,0.375930219438777,435362.3499999996,215074.69999999925,POINT (435362.3499999996 215074.69999999925)
2868,ap_0305043,709,True,False,False,False,1,0.33138683304498395,435380.5499999998,212623.08999999985,POINT (435380.5499999998 212623.08999999985)
2869,ap_0305044,709,True,False,False,False,1,0.44777226356140143,435449.41000000015,212599.1799999997,POINT (435449.41000000015 212599.1799999997)
2870,ap_0305045,648,True,False,False,False,1,0.0,435473.0800000001,212009.97000000067,POINT (435473.0800000001 212009.97000000067)
2871,ap_0305046,648,True,False,False,False,1,0.0,435475.7599999998,211949.68999999948,POINT (435475.7599999998 211949.68999999948)
2872,ap_0305047,648,True,False,False,False,1,0.14234382584078048,435508.88999999966,212009.5399999991,POINT (435508.88999999966 212009.5399999991)
2873,ap_0305048,753,True,False,False,False,1,0.3051382328637275,435652.6299999999,215192.16999999993,POINT (435652.6299999999 215192.16999999993)
2874,ap_0305051,648,True,False,False,False,1,0.0,435783.4000000004,212133.61999999918,POINT (435783.4000000004 212133.61999999918)
2875,ap_0305052,648,True,False,False,False,1,0.0,435863.04000000004,211043.3599999994,POINT (435863.04000000004 211043.3599999994)
2876,ap_0305053,802,True,False,False,False,1,0.12200000025331974,435888.3300000001,216517.40000000037,POINT (435888.3300000001 216517.40000000037)
2877,ap_0305054,648,True,False,False,False,1,0.04204931149976272,435920.6699999999,211069.33999999985,POINT (435920.6699999999 211069.33999999985)
2878,ap_0305055,802,True,False,False,False,1,0.3817072480843738,435933.2999999998,216498.26999999955,POINT (435933.2999999998 216498.26999999955)
2879,ap_0305057,801,True,False,False,False,1,0.3842581572838299,435996.9000000004,216487.40000000037,POINT (435996.9000000004 216487.40000000037)
2880,ap_0305058,751,True,False,False,False,1,0.0,436059.8799999999,216336.25999999978,POINT (436059.8799999999 216336.25999999978)
2881,ap_0305059,751,True,False,False,False,1,0.0,436059.9400000004,216336.2899999991,POINT (436059.9400000004 216336.2899999991)
2882,ap_0305060,801,True,False,False,False,1,0.0,436070.9400000004,216521.06000000052,POINT (436070.9400000004 216521.06000000052)
2883,ap_0305068,318,True,False,False,False,1,0.2418130042778902,432433.0599999996,206398.63000000082,POINT (432433.0599999996 206398.63000000082)
2884,ap_0305069,449,True,False,False,False,1,0.04545477627940208,433028.98000000045,208659.6799999997,POINT (433028.98000000045 208659.6799999997)
2885,ap_0305070,449,True,False,False,False,1,0.0,433121.36000000034,208769.18999999948,POINT (433121.36000000034 208769.18999999948)
2886,ap_0305071,449,True,False,False,False,1,0.383738538035704,433275.5099999998,209378.5,POINT (433275.5099999998 209378.5)
2887,ap_0305074,449,True,False,False,False,1,0.1941648786062803,434276.8099999996,208869.9600000009,POINT (434276.8099999996 208869.9600000009)
2888,ap_0305075,449,True,False,False,False,1,20.134162510139614,434285.0700000003,208927.1400000006,POINT (434285.0700000003 208927.1400000006)
2889,ap_0305076,449,True,False,False,False,1,0.6438167448823673,434285.5599999996,208796.52999999933,POINT (434285.5599999996 208796.52999999933)
2890,ap_0305077,449,True,False,False,False,1,0.0,434330.1200000001,208924.51999999955,POINT (434330.1200000001 208924.51999999955)
2891,ap_0305078,449,True,False,False,False,1,0.0,434336.9000000004,208882.72000000067,POINT (434336.9000000004 208882.72000000067)
2892,ap_0305079,449,True,False,False,False,1,0.2078831033487576,434343.7400000002,208920.83999999985,POINT (434343.7400000002 208920.83999999985)
2893,ap_0305080,450,True,False,False,False,1,0.34828149542237263,434629.26999999955,208745.77999999933,POINT (434629.26999999955 208745.77999999933)
2894,ap_0305081,156,True,False,False,False,1,0.0,434657.4299999997,203196.7899999991,POINT (434657.4299999997 203196.7899999991)
2895,ap_0305082,450,True,False,False,False,1,0.0,434961.4199999999,209183.05000000075,POINT (434961.4199999999 209183.05000000075)
2896,ap_0305084,450,True,False,False,False,1,8.945389874304837,435204.6200000001,209152.33999999985,POINT (435204.6200000001 209152.33999999985)
2897,ap_0305086,323,True,False,False,False,1,0.0,435384.4199999999,208032.7100000009,POINT (435384.4199999999 208032.7100000009)
2898,ap_0305088,450,True,False,False,False,1,0.0,435435.01999999955,209122.58000000007,POINT (435435.01999999955 209122.58000000007)
2899,ap_0305089,450,True,False,False,False,1,0.0,435492.41000000015,208605.55000000075,POINT (435492.41000000015 208605.55000000075)
2900,ap_0305090,450,True,False,False,False,1,0.005570860193735389,435513.8099999996,208543.5399999991,POINT (435513.8099999996 208543.5399999991)
2901,ap_0305091,450,True,False,False,False,1,0.0,435531.6799999997,208919.01999999955,POINT (435531.6799999997 208919.01999999955)
2902,ap_0305092,450,True,False,False,False,1,0.0,435531.71999999974,208919.02999999933,POINT (435531.71999999974 208919.02999999933)
2903,ap_0305095,449,True,False,False,False,1,0.0,432458.20999999996,210054.6799999997,POINT (432458.20999999996 210054.6799999997)
2904,ap_0305096,449,True,False,False,False,1,0.0715541757631334,432474.2000000002,210063.98000000045,POINT (432474.2000000002 210063.98000000045)
2905,ap_0305101,449,True,False,False,False,1,0.0,433657.4500000002,209717.0700000003,POINT (433657.4500000002 209717.0700000003)
2906,ap_0305102,449,True,False,False,False,1,0.0,433693.9400000004,209695.09999999963,POINT (433693.9400000004 209695.09999999963)
2907,ap_0305104,449,True,False,False,False,1,0.4401136220979052,433822.4400000004,209732.99000000022,POINT (433822.4400000004 209732.99000000022)
2908,ap_0305105,449,True,False,False,False,1,0.0,433878.86000000034,209901.7899999991,POINT (433878.86000000034 209901.7899999991)
2909,ap_0305106,449,True,False,False,False,1,0.16492422585594077,433910.48000000045,209758.94999999925,POINT (433910.48000000045 209758.94999999925)
2910,ap_0305107,449,True,False,False,False,1,0.171468303601716,433947.3099999996,209691.81000000052,POINT (433947.3099999996 209691.81000000052)
2911,ap_0305108,449,True,False,False,False,1,0.0,433962.7400000002,209717.66000000015,POINT (433962.7400000002 209717.66000000015)
2912,ap_0305109,449,True,False,False,False,1,0.4199999999254942,433983.76999999955,209699.58000000007,POINT (433983.76999999955 209699.58000000007)
2913,ap_0305110,449,True,False,False,False,1,0.4199999999254942,433984.0499999998,209699.58000000007,POINT (433984.0499999998 209699.58000000007)
2914,ap_0305111,449,True,False,False,False,1,0.020708792837274788,434033.5999999996,209826.98000000045,POINT (434033.5999999996 209826.98000000045)
2915,ap_0305112,450,True,False,False,False,1,0.13570580507880392,434488.75,209768.47000000067,POINT (434488.75 209768.47000000067)
2916,ap_0305113,450,True,False,False,False,1,0.0,434637.9400000004,209597.30000000075,POINT (434637.9400000004 209597.30000000075)
2917,ap_0305114,450,True,False,False,False,1,0.0,434650.9299999997,209834.86999999918,POINT (434650.9299999997 209834.86999999918)
2918,ap_0305116,450,True,False,False,False,1,0.1606143857490069,434694.8099999996,210093.51999999955,POINT (434694.8099999996 210093.51999999955)
2919,ap_0305117,450,True,False,False,False,1,0.2049413168994896,434771.9900000002,209777.56000000052,POINT (434771.9900000002 209777.56000000052)
2920,ap_0305118,450,True,False,False,False,1,0.6010744112739944,434777.4199999999,209742.5700000003,POINT (434777.4199999999 209742.5700000003)
2921,ap_0305119,450,True,False,False,False,1,0.10775989518534276,434785.0499999998,209752.8900000006,POINT (434785.0499999998 209752.8900000006)
2922,ap_0305120,450,True,False,False,False,1,0.41921349924703516,434789.5099999998,210082.34999999963,POINT (434789.5099999998 210082.34999999963)
2923,ap_0305121,450,True,False,False,False,1,0.06786368227344432,434800.9000000004,210077.11999999918,POINT (434800.9000000004 210077.11999999918)
2924,ap_0305122,648,True,False,False,False,1,0.0,434816.1200000001,210614.50999999978,POINT (434816.1200000001 210614.50999999978)
2925,ap_0305123,648,True,False,False,False,1,0.0,434830.5800000001,210600.3200000003,POINT (434830.5800000001 210600.3200000003)
